sample_id,block,repeat,fold
122048_1767665400,train-1,0,3
122048_1767665700,train-1,0,3
122048_1767666000,train-1,0,3
122048_1767666300,train-1,0,3
122048_1767666600,train-1,0,3
133957_1767666600,train-94,0,1
129964_1767666600,train-26,0,0
133957_1767666900,train-94,0,1
132430_1767666900,train-62,0,0
122048_1767666900,train-1,0,3
129964_1767666900,train-26,0,0
133957_1767667200,train-94,0,1
132430_1767667200,train-62,0,0
122048_1767667200,train-1,0,3
129964_1767667200,train-26,0,0
132430_1767667500,train-62,0,0
122048_1767667500,train-1,0,3
129964_1767667500,train-26,0,0
133957_1767667500,train-94,0,1
122048_1767667800,train-1,0,3
133957_1767667800,train-94,0,1
132430_1767667800,train-62,0,0
129964_1767667800,train-26,0,0
134040_1767667800,train-112,0,4
129964_1767668100,train-26,0,0
132430_1767668100,train-62,0,0
122048_1767668100,train-1,0,3
133957_1767668100,train-94,0,1
134040_1767668100,train-112,0,4
132430_1767668400,train-62,0,0
122048_1767668400,train-1,0,3
133957_1767668400,train-94,0,1
122048_1767668700,train-1,0,3
132430_1767668700,train-62,0,0
122048_1767669000,train-1,0,3
132430_1767669000,train-62,0,0
133957_1767669300,train-95,0,2
132430_1767669300,train-62,0,0
122048_1767669300,train-1,0,3
122048_1767669600,train-1,0,3
133957_1767669600,train-95,0,2
132430_1767669600,train-62,0,0
133957_1767669900,train-95,0,2
122048_1767669900,train-1,0,3
132430_1767669900,train-62,0,0
133957_1767670200,train-95,0,2
134040_1767670200,train-113,0,1
129964_1767670200,train-27,0,2
135081_1767670200,train-124,0,2
122048_1767670200,train-1,0,3
122048_1767670500,train-1,0,3
129964_1767670500,train-27,0,2
133957_1767670500,train-95,0,2
134040_1767670500,train-113,0,1
135081_1767670500,train-124,0,2
132430_1767670500,train-63,0,4
135081_1767670800,train-124,0,2
129964_1767670800,train-27,0,2
133957_1767670800,train-95,0,2
122048_1767670800,train-1,0,3
134040_1767670800,train-113,0,1
132430_1767670800,train-63,0,4
134040_1767671100,train-113,0,1
133957_1767671100,train-95,0,2
129964_1767671100,train-27,0,2
132430_1767671100,train-63,0,4
122048_1767671100,train-1,0,3
135081_1767671100,train-124,0,2
122048_1767671400,train-1,0,3
129964_1767671400,train-27,0,2
132430_1767671400,train-63,0,4
134040_1767671400,train-113,0,1
133957_1767671400,train-95,0,2
135081_1767671400,train-124,0,2
135081_1767671700,train-124,0,2
132430_1767671700,train-63,0,4
133957_1767671700,train-95,0,2
134040_1767671700,train-113,0,1
122048_1767671700,train-1,0,3
129964_1767671700,train-27,0,2
135081_1767672000,train-124,0,2
132430_1767672000,train-63,0,4
129964_1767672000,train-27,0,2
133957_1767672000,train-95,0,2
135081_1767672300,train-124,0,2
133957_1767672300,train-95,0,2
122048_1767672300,train-2,0,1
132430_1767672300,train-63,0,4
129964_1767672300,train-27,0,2
133957_1767672600,train-95,0,2
135081_1767672600,train-124,0,2
122048_1767672600,train-2,0,1
132430_1767672600,train-63,0,4
133957_1767672900,train-95,0,2
122048_1767672900,train-2,0,1
132430_1767672900,train-63,0,4
130238_1767672900,train-40,0,1
135081_1767672900,train-124,0,2
129964_1767672900,train-28,0,3
129964_1767673200,train-28,0,3
130238_1767673200,train-40,0,1
122048_1767673200,train-2,0,1
132430_1767673200,train-63,0,4
135081_1767673200,train-124,0,2
129964_1767673500,train-28,0,3
122048_1767673500,train-2,0,1
132430_1767673500,train-63,0,4
130238_1767673500,train-40,0,1
135081_1767673500,train-124,0,2
130238_1767673800,train-40,0,1
131672_1767673800,train-50,0,2
133957_1767673800,train-96,0,0
129964_1767673800,train-28,0,3
135081_1767673800,train-124,0,2
129964_1767674100,train-28,0,3
130238_1767674100,train-40,0,1
135081_1767674100,train-124,0,2
131672_1767674100,train-50,0,2
133957_1767674100,train-96,0,0
133957_1767674400,train-96,0,0
135081_1767674400,train-124,0,2
129964_1767674400,train-28,0,3
131672_1767674400,train-50,0,2
130238_1767674400,train-40,0,1
130238_1767674700,train-40,0,1
131672_1767674700,train-50,0,2
133957_1767674700,train-96,0,0
135081_1767674700,train-124,0,2
129964_1767674700,train-28,0,3
130238_1767675000,train-40,0,1
135081_1767675000,train-124,0,2
129964_1767675000,train-28,0,3
131672_1767675000,train-50,0,2
133300_1767675000,train-77,0,4
133957_1767675000,train-96,0,0
135081_1767675300,train-124,0,2
133300_1767675300,train-77,0,4
131672_1767675300,train-50,0,2
129964_1767675300,train-28,0,3
133957_1767675300,train-96,0,0
133957_1767675600,train-96,0,0
122048_1767675600,train-3,0,1
133300_1767675600,train-77,0,4
129964_1767675600,train-28,0,3
135081_1767675600,train-124,0,2
133300_1767675900,train-77,0,4
122048_1767675900,train-3,0,1
129964_1767675900,train-28,0,3
133957_1767675900,train-96,0,0
135081_1767675900,train-124,0,2
133300_1767676200,train-77,0,4
129964_1767676200,train-28,0,3
135081_1767676200,train-124,0,2
133957_1767676200,train-96,0,0
122048_1767676200,train-3,0,1
135081_1767676500,train-124,0,2
122048_1767676500,train-3,0,1
133300_1767676500,train-77,0,4
133957_1767676500,train-96,0,0
133300_1767676800,train-77,0,4
122048_1767676800,train-3,0,1
133957_1767676800,train-96,0,0
122048_1767677100,train-3,0,1
133957_1767677100,train-96,0,0
122048_1767677400,train-3,0,1
133957_1767677400,train-96,0,0
133300_1767677400,train-78,0,0
130238_1767677400,train-41,0,2
134040_1767677400,train-114,0,0
122048_1767677700,train-3,0,1
134040_1767677700,train-114,0,0
133300_1767677700,train-78,0,0
130238_1767677700,train-41,0,2
130238_1767678000,train-41,0,2
133300_1767678000,train-78,0,0
134040_1767678000,train-114,0,0
122048_1767678000,train-3,0,1
133300_1767678300,train-78,0,0
130238_1767678300,train-41,0,2
122048_1767678300,train-3,0,1
133300_1767678600,train-78,0,0
122048_1767678600,train-3,0,1
133300_1767678900,train-78,0,0
122048_1767678900,train-3,0,1
133957_1767679500,train-97,0,2
130238_1767679500,train-42,0,4
130238_1767679800,train-42,0,4
133957_1767679800,train-97,0,2
132430_1767679800,train-64,0,4
134040_1767679800,train-115,0,0
132430_1767680100,train-64,0,4
134040_1767680100,train-115,0,0
133957_1767680100,train-97,0,2
130238_1767680100,train-42,0,4
134040_1767680400,train-115,0,0
133957_1767680400,train-97,0,2
130238_1767680400,train-42,0,4
132430_1767680400,train-64,0,4
129964_1767680400,train-29,0,3
134040_1767680700,train-115,0,0
132430_1767680700,train-64,0,4
133957_1767680700,train-97,0,2
130238_1767680700,train-42,0,4
129964_1767680700,train-29,0,3
133957_1767681000,train-97,0,2
129964_1767681000,train-29,0,3
132430_1767681000,train-64,0,4
130238_1767681000,train-42,0,4
122658_1767681000,train-19,0,1
133300_1767681000,train-79,0,4
134040_1767681000,train-115,0,0
134040_1767681300,train-115,0,0
129964_1767681300,train-29,0,3
132430_1767681300,train-64,0,4
133300_1767681300,train-79,0,4
122658_1767681300,train-19,0,1
130238_1767681300,train-42,0,4
133957_1767681300,train-97,0,2
130238_1767681600,train-42,0,4
133300_1767681600,train-79,0,4
134040_1767681600,train-115,0,0
133957_1767681600,train-97,0,2
132430_1767681600,train-64,0,4
122658_1767681600,train-19,0,1
129964_1767681600,train-29,0,3
131672_1767681900,train-51,0,4
133300_1767681900,train-79,0,4
130238_1767681900,train-42,0,4
134040_1767681900,train-115,0,0
129964_1767681900,train-29,0,3
122658_1767681900,train-19,0,1
133957_1767681900,train-97,0,2
132430_1767681900,train-64,0,4
133957_1767682200,train-97,0,2
133300_1767682200,train-79,0,4
131672_1767682200,train-51,0,4
134040_1767682200,train-115,0,0
129964_1767682200,train-29,0,3
132430_1767682200,train-64,0,4
122658_1767682200,train-19,0,1
129964_1767682500,train-29,0,3
132430_1767682500,train-64,0,4
133300_1767682500,train-79,0,4
131672_1767682500,train-51,0,4
133957_1767682500,train-97,0,2
122658_1767682500,train-19,0,1
134040_1767682500,train-115,0,0
133957_1767682800,train-97,0,2
132430_1767682800,train-64,0,4
122658_1767682800,train-19,0,1
133300_1767682800,train-79,0,4
131672_1767682800,train-51,0,4
129964_1767682800,train-29,0,3
133957_1767683100,train-97,0,2
133300_1767683100,train-79,0,4
131672_1767683100,train-51,0,4
132430_1767683100,train-64,0,4
129964_1767683100,train-29,0,3
122658_1767683100,train-19,0,1
129964_1767683400,train-29,0,3
131672_1767683400,train-51,0,4
122658_1767683400,train-19,0,1
132430_1767683400,train-64,0,4
133300_1767683400,train-79,0,4
129964_1767683700,train-29,0,3
133300_1767683700,train-79,0,4
133957_1767683700,train-98,0,2
122658_1767683700,train-19,0,1
132430_1767683700,train-64,0,4
131672_1767683700,train-51,0,4
122658_1767684000,train-19,0,1
131672_1767684000,train-51,0,4
133957_1767684000,train-98,0,2
133300_1767684000,train-79,0,4
129964_1767684000,train-29,0,3
132430_1767684000,train-64,0,4
133300_1767684300,train-79,0,4
122658_1767684300,train-19,0,1
132430_1767684300,train-64,0,4
130238_1767684300,train-43,0,1
133957_1767684300,train-98,0,2
131672_1767684300,train-51,0,4
131672_1767684600,train-51,0,4
129964_1767684600,train-30,0,0
122658_1767684600,train-19,0,1
135081_1767684600,train-125,0,3
132430_1767684600,train-64,0,4
122048_1767684600,train-4,0,0
133300_1767684600,train-79,0,4
131672_1767684900,train-51,0,4
135081_1767684900,train-125,0,3
122048_1767684900,train-4,0,0
129964_1767684900,train-30,0,0
132430_1767684900,train-64,0,4
133300_1767684900,train-79,0,4
122658_1767684900,train-19,0,1
135081_1767685200,train-125,0,3
122048_1767685200,train-4,0,0
133300_1767685200,train-79,0,4
122658_1767685200,train-19,0,1
131672_1767685200,train-51,0,4
129964_1767685200,train-30,0,0
122048_1767685500,train-4,0,0
129964_1767685500,train-30,0,0
132430_1767685500,train-65,0,4
135081_1767685500,train-125,0,3
122658_1767685500,train-19,0,1
133300_1767685500,train-79,0,4
135081_1767685800,train-125,0,3
133300_1767685800,train-79,0,4
132430_1767685800,train-65,0,4
129964_1767685800,train-30,0,0
122048_1767685800,train-4,0,0
122658_1767685800,train-19,0,1
135081_1767686100,train-125,0,3
132430_1767686100,train-65,0,4
122048_1767686100,train-4,0,0
122658_1767686100,train-19,0,1
129964_1767686100,train-30,0,0
133300_1767686400,train-80,0,1
132430_1767686400,train-65,0,4
130238_1767686400,train-44,0,3
129964_1767686400,train-30,0,0
122048_1767686400,train-4,0,0
130238_1767686700,train-44,0,3
122048_1767686700,train-4,0,0
132430_1767686700,train-65,0,4
129964_1767686700,train-30,0,0
122048_1767687000,train-4,0,0
132430_1767687000,train-65,0,4
129964_1767687000,train-30,0,0
132430_1767687300,train-65,0,4
122048_1767687300,train-4,0,0
129964_1767687300,train-30,0,0
132430_1767687600,train-65,0,4
122048_1767687600,train-4,0,0
129964_1767687600,train-30,0,0
129964_1767687900,train-30,0,0
132430_1767687900,train-65,0,4
122048_1767687900,train-4,0,0
122658_1767688200,train-20,0,0
131672_1767688200,train-52,0,2
130238_1767688200,train-45,0,1
132430_1767688200,train-65,0,4
122048_1767688200,train-4,0,0
134040_1767688200,train-116,0,4
122048_1767688500,train-4,0,0
122658_1767688500,train-20,0,0
134040_1767688500,train-116,0,4
131672_1767688500,train-52,0,2
130238_1767688500,train-45,0,1
132430_1767688500,train-65,0,4
122048_1767688800,train-4,0,0
134040_1767688800,train-116,0,4
132430_1767688800,train-65,0,4
131672_1767688800,train-52,0,2
122658_1767688800,train-20,0,0
130238_1767688800,train-45,0,1
131672_1767689100,train-52,0,2
122658_1767689100,train-20,0,0
134040_1767689100,train-116,0,4
122048_1767689100,train-4,0,0
132430_1767689100,train-65,0,4
130238_1767689100,train-45,0,1
122658_1767689400,train-20,0,0
131672_1767689400,train-52,0,2
130238_1767689400,train-45,0,1
133300_1767689400,train-81,0,2
134040_1767689400,train-116,0,4
132430_1767689400,train-65,0,4
122048_1767689400,train-4,0,0
130238_1767689700,train-45,0,1
122658_1767689700,train-20,0,0
122613_1767689700,train-12,0,4
122048_1767689700,train-4,0,0
132430_1767689700,train-65,0,4
134040_1767689700,train-116,0,4
133300_1767689700,train-81,0,2
131672_1767689700,train-52,0,2
122048_1767690000,train-4,0,0
134040_1767690000,train-116,0,4
122658_1767690000,train-20,0,0
129964_1767690000,train-31,0,0
131672_1767690000,train-52,0,2
130238_1767690000,train-45,0,1
133300_1767690000,train-81,0,2
133957_1767690000,train-99,0,3
122048_1767690300,train-4,0,0
129964_1767690300,train-31,0,0
130238_1767690300,train-45,0,1
133300_1767690300,train-81,0,2
122658_1767690300,train-20,0,0
134040_1767690300,train-116,0,4
131672_1767690300,train-52,0,2
133957_1767690300,train-99,0,3
130238_1767690600,train-45,0,1
133300_1767690600,train-81,0,2
131672_1767690600,train-52,0,2
122658_1767690600,train-20,0,0
129964_1767690600,train-31,0,0
133957_1767690600,train-99,0,3
122658_1767690900,train-20,0,0
133300_1767690900,train-81,0,2
133957_1767690900,train-99,0,3
131672_1767690900,train-52,0,2
129964_1767690900,train-31,0,0
131672_1767691200,train-52,0,2
129964_1767691200,train-31,0,0
133957_1767691200,train-99,0,3
130238_1767691200,train-46,0,3
133300_1767691200,train-81,0,2
129964_1767691500,train-31,0,0
131672_1767691500,train-52,0,2
130238_1767691500,train-46,0,3
133957_1767691800,train-100,0,0
129964_1767691800,train-31,0,0
122048_1767691800,train-5,0,3
130238_1767691800,train-46,0,3
130238_1767692100,train-46,0,3
133957_1767692100,train-100,0,0
129964_1767692100,train-31,0,0
122048_1767692100,train-5,0,3
129964_1767692400,train-31,0,0
130238_1767692400,train-46,0,3
133957_1767692400,train-100,0,0
122048_1767692400,train-5,0,3
130238_1767692700,train-46,0,3
122048_1767692700,train-5,0,3
133957_1767692700,train-100,0,0
130238_1767693000,train-46,0,3
122048_1767693000,train-5,0,3
133957_1767693000,train-100,0,0
130238_1767693300,train-46,0,3
132430_1767693300,train-66,0,3
133957_1767693300,train-100,0,0
122048_1767693300,train-5,0,3
122613_1767693600,train-13,0,1
122048_1767693600,train-5,0,3
133300_1767693600,train-82,0,3
132430_1767693600,train-66,0,3
133957_1767693600,train-100,0,0
122613_1767693900,train-13,0,1
122048_1767693900,train-5,0,3
133957_1767693900,train-100,0,0
132430_1767693900,train-66,0,3
133300_1767694200,train-83,0,2
122613_1767694200,train-13,0,1
122048_1767694200,train-5,0,3
132430_1767694200,train-66,0,3
133957_1767694200,train-100,0,0
122613_1767694500,train-13,0,1
132430_1767694500,train-66,0,3
133957_1767694500,train-100,0,0
122048_1767694500,train-5,0,3
133300_1767694500,train-83,0,2
132430_1767694800,train-66,0,3
133957_1767694800,train-100,0,0
122048_1767694800,train-5,0,3
122613_1767694800,train-13,0,1
133300_1767694800,train-83,0,2
122613_1767695100,train-13,0,1
122048_1767695100,train-5,0,3
133300_1767695100,train-83,0,2
132430_1767695100,train-66,0,3
133957_1767695100,train-100,0,0
132430_1767695400,train-66,0,3
129964_1767695400,train-32,0,0
130238_1767695400,train-47,0,4
122613_1767695400,train-13,0,1
133957_1767695400,train-100,0,0
129964_1767695700,train-32,0,0
132430_1767695700,train-66,0,3
130238_1767695700,train-47,0,4
122613_1767695700,train-13,0,1
129964_1767696000,train-32,0,0
133957_1767696000,train-101,0,0
132430_1767696000,train-66,0,3
130238_1767696000,train-47,0,4
132430_1767696300,train-66,0,3
129964_1767696300,train-32,0,0
133957_1767696300,train-101,0,0
130238_1767696300,train-47,0,4
132430_1767696600,train-66,0,3
129964_1767696600,train-32,0,0
133957_1767696600,train-101,0,0
130238_1767696600,train-47,0,4
129964_1767696900,train-32,0,0
122613_1767696900,train-14,0,1
133957_1767696900,train-101,0,0
132430_1767696900,train-66,0,3
130238_1767696900,train-47,0,4
132430_1767697200,train-66,0,3
133300_1767697200,train-84,0,4
133957_1767697200,train-101,0,0
129964_1767697200,train-32,0,0
130238_1767697200,train-47,0,4
129964_1767697500,train-32,0,0
133957_1767697500,train-101,0,0
132430_1767697500,train-66,0,3
130238_1767697500,train-47,0,4
133300_1767697500,train-84,0,4
133957_1767697800,train-101,0,0
135081_1767697800,train-126,0,3
132430_1767697800,train-66,0,3
133300_1767697800,train-84,0,4
129964_1767697800,train-32,0,0
135081_1767698100,train-126,0,3
133300_1767698100,train-84,0,4
132430_1767698100,train-66,0,3
133957_1767698100,train-101,0,0
131672_1767698100,train-53,0,1
129964_1767698100,train-32,0,0
135081_1767698400,train-126,0,3
129964_1767698400,train-32,0,0
132430_1767698400,train-66,0,3
131672_1767698400,train-53,0,1
133957_1767698400,train-101,0,0
133300_1767698400,train-84,0,4
131672_1767698700,train-53,0,1
129964_1767698700,train-32,0,0
135081_1767698700,train-126,0,3
133957_1767698700,train-101,0,0
133957_1767699000,train-101,0,0
129964_1767699000,train-32,0,0
132430_1767699000,train-67,0,4
135081_1767699000,train-126,0,3
122613_1767699000,train-15,0,1
131672_1767699000,train-53,0,1
132430_1767699300,train-67,0,4
122613_1767699300,train-15,0,1
129964_1767699300,train-32,0,0
133957_1767699300,train-101,0,0
131672_1767699300,train-53,0,1
135081_1767699300,train-126,0,3
131672_1767699600,train-53,0,1
133957_1767699600,train-101,0,0
135081_1767699600,train-126,0,3
132430_1767699600,train-67,0,4
122613_1767699600,train-15,0,1
135081_1767699900,train-126,0,3
129964_1767699900,train-33,0,3
132430_1767699900,train-67,0,4
131672_1767699900,train-53,0,1
133957_1767699900,train-101,0,0
122613_1767699900,train-15,0,1
131672_1767700200,train-53,0,1
129964_1767700200,train-33,0,3
133957_1767700200,train-101,0,0
135081_1767700200,train-126,0,3
132430_1767700200,train-67,0,4
122613_1767700200,train-15,0,1
129964_1767700500,train-33,0,3
132430_1767700500,train-67,0,4
133957_1767700500,train-101,0,0
131672_1767700500,train-53,0,1
122613_1767700500,train-15,0,1
135081_1767700500,train-126,0,3
122048_1767700800,train-6,0,4
131672_1767700800,train-53,0,1
133300_1767700800,train-85,0,1
122613_1767700800,train-15,0,1
122658_1767700800,train-21,0,2
122048_1767701100,train-6,0,4
122658_1767701100,train-21,0,2
122613_1767701100,train-15,0,1
131672_1767701100,train-53,0,1
122613_1767701400,train-15,0,1
122048_1767701400,train-6,0,4
133300_1767701400,train-86,0,2
131672_1767701400,train-53,0,1
133300_1767701700,train-86,0,2
122658_1767701700,train-22,0,0
122048_1767701700,train-6,0,4
122613_1767701700,train-15,0,1
122658_1767702000,train-22,0,0
133300_1767702000,train-86,0,2
122613_1767702000,train-15,0,1
122048_1767702000,train-6,0,4
122658_1767702300,train-22,0,0
122048_1767702300,train-6,0,4
122613_1767702300,train-15,0,1
133300_1767702300,train-86,0,2
133957_1767702600,train-102,0,1
133300_1767702600,train-86,0,2
132430_1767702600,train-68,0,3
122658_1767702600,train-22,0,0
122048_1767702600,train-6,0,4
135081_1767702600,train-127,0,1
135081_1767702900,train-127,0,1
133300_1767702900,train-86,0,2
122658_1767702900,train-22,0,0
122048_1767702900,train-6,0,4
133957_1767702900,train-102,0,1
132430_1767702900,train-68,0,3
134040_1767703200,train-117,0,0
122658_1767703200,train-22,0,0
131672_1767703200,train-54,0,1
132430_1767703200,train-68,0,3
122048_1767703200,train-6,0,4
133957_1767703200,train-102,0,1
133300_1767703200,train-86,0,2
135081_1767703200,train-127,0,1
133957_1767703500,train-102,0,1
132430_1767703500,train-68,0,3
134040_1767703500,train-117,0,0
122658_1767703500,train-22,0,0
131672_1767703500,train-54,0,1
122048_1767703500,train-6,0,4
135081_1767703500,train-127,0,1
132430_1767703800,train-68,0,3
122658_1767703800,train-22,0,0
135081_1767703800,train-127,0,1
131672_1767703800,train-54,0,1
134040_1767703800,train-117,0,0
133957_1767703800,train-102,0,1
133300_1767703800,train-87,0,3
122048_1767703800,train-6,0,4
131672_1767704100,train-54,0,1
132430_1767704100,train-68,0,3
133957_1767704100,train-102,0,1
135081_1767704100,train-127,0,1
122658_1767704100,train-22,0,0
134040_1767704100,train-117,0,0
122048_1767704100,train-6,0,4
122048_1767704400,train-6,0,4
134040_1767704400,train-117,0,0
135081_1767704400,train-127,0,1
122658_1767704400,train-22,0,0
129964_1767704400,train-34,0,3
122048_1767704700,train-6,0,4
132430_1767704700,train-69,0,1
134040_1767704700,train-117,0,0
122658_1767704700,train-22,0,0
129964_1767704700,train-34,0,3
134040_1767705000,train-117,0,0
122658_1767705000,train-22,0,0
122048_1767705000,train-6,0,4
129964_1767705000,train-34,0,3
132430_1767705000,train-69,0,1
132430_1767705300,train-69,0,1
122048_1767705300,train-6,0,4
129964_1767705300,train-34,0,3
134040_1767705300,train-117,0,0
132430_1767705600,train-69,0,1
133957_1767705600,train-103,0,4
129964_1767705600,train-34,0,3
122658_1767705600,train-23,0,0
122048_1767705600,train-6,0,4
134040_1767705600,train-117,0,0
122613_1767705900,train-16,0,3
133957_1767705900,train-103,0,4
132430_1767705900,train-69,0,1
129964_1767705900,train-34,0,3
122658_1767705900,train-23,0,0
134040_1767705900,train-117,0,0
122048_1767705900,train-6,0,4
135081_1767705900,train-128,0,2
122048_1767706200,train-6,0,4
131672_1767706200,train-55,0,0
129964_1767706200,train-34,0,3
132430_1767706200,train-69,0,1
134040_1767706200,train-117,0,0
134040_1767706500,train-117,0,0
132430_1767706500,train-69,0,1
131672_1767706500,train-55,0,0
122048_1767706500,train-6,0,4
129964_1767706500,train-34,0,3
129964_1767706800,train-34,0,3
134040_1767706800,train-117,0,0
122048_1767706800,train-6,0,4
132430_1767706800,train-69,0,1
134040_1767707100,train-117,0,0
129964_1767707100,train-34,0,3
122048_1767707100,train-6,0,4
132430_1767707100,train-69,0,1
122048_1767707400,train-6,0,4
134040_1767707400,train-117,0,0
129964_1767707400,train-34,0,3
132430_1767707400,train-69,0,1
122048_1767707700,train-6,0,4
134040_1767707700,train-117,0,0
132430_1767707700,train-69,0,1
129964_1767707700,train-34,0,3
133957_1767708000,train-104,0,2
132430_1767708000,train-69,0,1
129964_1767708000,train-34,0,3
122613_1767708000,train-17,0,4
135081_1767708000,train-129,0,1
133957_1767708300,train-104,0,2
122613_1767708300,train-17,0,4
132430_1767708300,train-69,0,1
135081_1767708300,train-129,0,1
129964_1767708600,train-35,0,0
122613_1767708600,train-17,0,4
135081_1767708600,train-129,0,1
131672_1767708600,train-56,0,3
132430_1767708600,train-69,0,1
133957_1767708600,train-104,0,2
131672_1767708900,train-56,0,3
132430_1767708900,train-69,0,1
122613_1767708900,train-17,0,4
135081_1767708900,train-129,0,1
129964_1767708900,train-35,0,0
133957_1767708900,train-104,0,2
132430_1767709200,train-69,0,1
122613_1767709200,train-17,0,4
135081_1767709200,train-129,0,1
133957_1767709200,train-104,0,2
131672_1767709200,train-56,0,3
129964_1767709200,train-35,0,0
131672_1767709500,train-56,0,3
132430_1767709500,train-69,0,1
122613_1767709500,train-17,0,4
135081_1767709500,train-129,0,1
129964_1767709500,train-35,0,0
122613_1767709800,train-17,0,4
135081_1767709800,train-129,0,1
134040_1767709800,train-118,0,4
132430_1767709800,train-69,0,1
129964_1767709800,train-35,0,0
122613_1767710100,train-17,0,4
129964_1767710100,train-35,0,0
135081_1767710100,train-129,0,1
134040_1767710100,train-118,0,4
122613_1767710400,train-17,0,4
132430_1767710400,train-70,0,0
134040_1767710400,train-118,0,4
129964_1767710400,train-35,0,0
135081_1767710400,train-129,0,1
135081_1767710700,train-129,0,1
122613_1767710700,train-17,0,4
134040_1767710700,train-118,0,4
132430_1767710700,train-70,0,0
129964_1767710700,train-35,0,0
134040_1767711000,train-118,0,4
129964_1767711000,train-35,0,0
132430_1767711000,train-70,0,0
122613_1767711000,train-17,0,4
135081_1767711000,train-129,0,1
134040_1767711300,train-118,0,4
129964_1767711300,train-35,0,0
122613_1767711300,train-17,0,4
132430_1767711300,train-70,0,0
135081_1767711300,train-129,0,1
135081_1767711600,train-129,0,1
131672_1767711600,train-57,0,3
133957_1767711600,train-105,0,2
132430_1767711600,train-70,0,0
134040_1767711600,train-118,0,4
133957_1767711900,train-105,0,2
134040_1767711900,train-118,0,4
131672_1767711900,train-57,0,3
132430_1767711900,train-70,0,0
135081_1767711900,train-129,0,1
132430_1767712200,train-70,0,0
135081_1767712200,train-129,0,1
133300_1767712200,train-88,0,2
134040_1767712200,train-118,0,4
133957_1767712200,train-105,0,2
133957_1767712500,train-105,0,2
135081_1767712500,train-129,0,1
133300_1767712500,train-88,0,2
132430_1767712500,train-70,0,0
134040_1767712500,train-118,0,4
130238_1767712500,train-48,0,0
134040_1767712800,train-118,0,4
130238_1767712800,train-48,0,0
132430_1767712800,train-70,0,0
133300_1767712800,train-88,0,2
133957_1767712800,train-105,0,2
134040_1767713100,train-118,0,4
130238_1767713100,train-48,0,0
132430_1767713100,train-70,0,0
133300_1767713100,train-88,0,2
133957_1767713100,train-105,0,2
122658_1767713100,train-24,0,2
122613_1767713400,train-18,0,2
122658_1767713400,train-24,0,2
131672_1767713400,train-58,0,4
130238_1767713400,train-48,0,0
133957_1767713400,train-105,0,2
122048_1767713400,train-7,0,1
129964_1767713400,train-36,0,4
122613_1767713700,train-18,0,2
131672_1767713700,train-58,0,4
129964_1767713700,train-36,0,4
133957_1767713700,train-105,0,2
122658_1767713700,train-24,0,2
122048_1767713700,train-7,0,1
130238_1767713700,train-48,0,0
122613_1767714000,train-18,0,2
131672_1767714000,train-58,0,4
122048_1767714000,train-7,0,1
130238_1767714000,train-48,0,0
122658_1767714000,train-24,0,2
129964_1767714000,train-36,0,4
122613_1767714300,train-18,0,2
130238_1767714300,train-48,0,0
129964_1767714300,train-36,0,4
122048_1767714300,train-7,0,1
131672_1767714300,train-58,0,4
122658_1767714300,train-24,0,2
122048_1767714600,train-7,0,1
129964_1767714600,train-36,0,4
122613_1767714600,train-18,0,2
130238_1767714600,train-48,0,0
122658_1767714600,train-24,0,2
131672_1767714600,train-58,0,4
122613_1767714900,train-18,0,2
130238_1767714900,train-48,0,0
122658_1767714900,train-24,0,2
129964_1767714900,train-36,0,4
122048_1767714900,train-7,0,1
131672_1767714900,train-58,0,4
122048_1767715200,train-7,0,1
122658_1767715200,train-24,0,2
132430_1767715200,train-71,0,4
122613_1767715200,train-18,0,2
133300_1767715200,train-89,0,1
129964_1767715200,train-36,0,4
130238_1767715200,train-48,0,0
122658_1767715500,train-24,0,2
132430_1767715500,train-71,0,4
122048_1767715500,train-7,0,1
129964_1767715500,train-36,0,4
122613_1767715500,train-18,0,2
133300_1767715500,train-89,0,1
122613_1767715800,train-18,0,2
133300_1767715800,train-89,0,1
122048_1767715800,train-7,0,1
122658_1767715800,train-24,0,2
129964_1767715800,train-36,0,4
133300_1767716100,train-89,0,1
122613_1767716100,train-18,0,2
129964_1767716100,train-36,0,4
122048_1767716100,train-7,0,1
122658_1767716100,train-24,0,2
133300_1767716400,train-89,0,1
122048_1767716400,train-7,0,1
129964_1767716400,train-36,0,4
133957_1767716400,train-106,0,1
122613_1767716400,train-18,0,2
130238_1767716400,train-49,0,0
122658_1767716400,train-24,0,2
122613_1767716700,train-18,0,2
133957_1767716700,train-106,0,1
130238_1767716700,train-49,0,0
122048_1767716700,train-7,0,1
129964_1767716700,train-36,0,4
122658_1767716700,train-24,0,2
122658_1767717000,train-24,0,2
130238_1767717000,train-49,0,0
135081_1767717000,train-130,0,2
122613_1767717000,train-18,0,2
129964_1767717300,train-37,0,0
135081_1767717300,train-130,0,2
130238_1767717300,train-49,0,0
122613_1767717300,train-18,0,2
122613_1767717600,train-18,0,2
130238_1767717600,train-49,0,0
135081_1767717600,train-130,0,2
129964_1767717600,train-37,0,0
122658_1767717600,train-25,0,0
135081_1767717900,train-130,0,2
122613_1767717900,train-18,0,2
122658_1767717900,train-25,0,0
129964_1767717900,train-37,0,0
130238_1767717900,train-49,0,0
129964_1767718200,train-37,0,0
130238_1767718200,train-49,0,0
122613_1767718200,train-18,0,2
122658_1767718200,train-25,0,0
135081_1767718200,train-130,0,2
122658_1767718500,train-25,0,0
122613_1767718500,train-18,0,2
129964_1767718500,train-37,0,0
135081_1767718500,train-130,0,2
130238_1767718500,train-49,0,0
130238_1767718800,train-49,0,0
133957_1767718800,train-107,0,4
122658_1767718800,train-25,0,0
129964_1767718800,train-37,0,0
135081_1767718800,train-130,0,2
133300_1767718800,train-90,0,0
129964_1767719100,train-37,0,0
135081_1767719100,train-130,0,2
130238_1767719100,train-49,0,0
133957_1767719100,train-107,0,4
122658_1767719100,train-25,0,0
122658_1767719400,train-25,0,0
135081_1767719400,train-130,0,2
133957_1767719400,train-107,0,4
130238_1767719400,train-49,0,0
133300_1767719400,train-91,0,4
129964_1767719400,train-37,0,0
135081_1767719700,train-130,0,2
122658_1767719700,train-25,0,0
130238_1767719700,train-49,0,0
129964_1767719700,train-37,0,0
133957_1767719700,train-107,0,4
133300_1767719700,train-91,0,4
133300_1767720000,train-91,0,4
122048_1767720000,train-8,0,1
133957_1767720000,train-107,0,4
130238_1767720000,train-49,0,0
122658_1767720000,train-25,0,0
129964_1767720000,train-37,0,0
135081_1767720000,train-130,0,2
133300_1767720300,train-91,0,4
129964_1767720300,train-37,0,0
135081_1767720300,train-130,0,2
122048_1767720300,train-8,0,1
130238_1767720300,train-49,0,0
122658_1767720300,train-25,0,0
122048_1767720600,train-8,0,1
129964_1767720600,train-37,0,0
122658_1767720600,train-25,0,0
135081_1767720600,train-130,0,2
130238_1767720600,train-49,0,0
122048_1767720900,train-8,0,1
135081_1767720900,train-130,0,2
133957_1767720900,train-108,0,4
130238_1767720900,train-49,0,0
122658_1767720900,train-25,0,0
129964_1767720900,train-37,0,0
130238_1767721200,train-49,0,0
133957_1767721200,train-108,0,4
122048_1767721200,train-8,0,1
122658_1767721200,train-25,0,0
135081_1767721200,train-130,0,2
135081_1767721500,train-130,0,2
122048_1767721500,train-8,0,1
130238_1767721500,train-49,0,0
133957_1767721500,train-108,0,4
122048_1767721800,train-8,0,1
133957_1767721800,train-108,0,4
135081_1767721800,train-130,0,2
122048_1767722100,train-8,0,1
133957_1767722100,train-108,0,4
132430_1767722400,train-72,0,4
133300_1767722400,train-92,0,3
134040_1767722400,train-119,0,4
122048_1767722400,train-8,0,1
134040_1767722700,train-119,0,4
133300_1767722700,train-92,0,3
122048_1767722700,train-8,0,1
132430_1767722700,train-72,0,4
133300_1767723000,train-92,0,3
134040_1767723000,train-119,0,4
122048_1767723000,train-8,0,1
132430_1767723000,train-72,0,4
132430_1767723300,train-72,0,4
122048_1767723300,train-8,0,1
134040_1767723300,train-119,0,4
122048_1767723600,train-8,0,1
134040_1767723600,train-119,0,4
132430_1767723600,train-72,0,4
133300_1767723600,train-93,0,2
122048_1767723900,train-8,0,1
132430_1767723900,train-72,0,4
134040_1767723900,train-119,0,4
132430_1767724200,train-72,0,4
134040_1767724200,train-119,0,4
122048_1767724200,train-8,0,1
131672_1767724200,train-59,0,3
131672_1767724500,train-59,0,3
122048_1767724500,train-8,0,1
134040_1767724500,train-119,0,4
132430_1767724500,train-72,0,4
132430_1767724800,train-72,0,4
122048_1767724800,train-8,0,1
132430_1767725100,train-72,0,4
122048_1767725100,train-8,0,1
132430_1767725400,train-72,0,4
122048_1767725400,train-8,0,1
122048_1767725700,train-8,0,1
132430_1767725700,train-72,0,4
122048_1767726000,train-8,0,1
135081_1767726000,train-131,0,2
122048_1767726300,train-8,0,1
135081_1767726300,train-131,0,2
135081_1767726600,train-131,0,2
131672_1767726900,train-60,0,0
135081_1767726900,train-131,0,2
131672_1767727200,train-60,0,0
122048_1767727200,train-9,0,2
135081_1767727200,train-131,0,2
135081_1767727500,train-131,0,2
131672_1767727500,train-60,0,0
131672_1767727800,train-60,0,0
131672_1767728100,train-60,0,0
131672_1767728400,train-60,0,0
122048_1767728700,train-10,0,0
131672_1767728700,train-60,0,0
133957_1767729000,train-109,0,0
122048_1767729000,train-10,0,0
131672_1767729000,train-60,0,0
122048_1767729300,train-10,0,0
131672_1767729300,train-60,0,0
133957_1767729300,train-109,0,0
131672_1767729600,train-60,0,0
133957_1767729600,train-109,0,0
122048_1767729600,train-10,0,0
132430_1767729600,train-73,0,3
122048_1767729900,train-10,0,0
133957_1767729900,train-109,0,0
132430_1767729900,train-73,0,3
122048_1767730200,train-10,0,0
130072_1767730200,train-38,0,1
133957_1767730200,train-109,0,0
132430_1767730200,train-73,0,3
133957_1767730500,train-109,0,0
122048_1767730500,train-10,0,0
132430_1767730500,train-73,0,3
130072_1767730500,train-38,0,1
130072_1767730800,train-38,0,1
122048_1767730800,train-10,0,0
133957_1767730800,train-109,0,0
132430_1767730800,train-73,0,3
133957_1767731100,train-109,0,0
130072_1767731100,train-38,0,1
122048_1767731100,train-10,0,0
132430_1767731100,train-73,0,3
132430_1767731400,train-73,0,3
133957_1767731400,train-109,0,0
130072_1767731400,train-38,0,1
133957_1767731700,train-109,0,0
130072_1767731700,train-38,0,1
132430_1767731700,train-73,0,3
131672_1767732000,train-61,0,3
132430_1767732000,train-73,0,3
130072_1767732000,train-38,0,1
133957_1767732000,train-109,0,0
130072_1767732300,train-38,0,1
132430_1767732300,train-73,0,3
131672_1767732300,train-61,0,3
132430_1767732600,train-73,0,3
133957_1767732600,train-110,0,4
131672_1767732600,train-61,0,3
135081_1767732600,train-132,0,0
130072_1767732600,train-38,0,1
131672_1767732900,train-61,0,3
133957_1767732900,train-110,0,4
130072_1767732900,train-38,0,1
132430_1767732900,train-73,0,3
135081_1767732900,train-132,0,0
130072_1767733200,train-38,0,1
135081_1767733200,train-132,0,0
133957_1767733200,train-110,0,4
122048_1767733200,train-11,0,3
132430_1767733200,train-73,0,3
130072_1767733500,train-38,0,1
122048_1767733500,train-11,0,3
132430_1767733500,train-73,0,3
133957_1767733500,train-110,0,4
135081_1767733500,train-132,0,0
130072_1767733800,train-38,0,1
135081_1767733800,train-132,0,0
133957_1767733800,train-110,0,4
122048_1767733800,train-11,0,3
132430_1767733800,train-73,0,3
135081_1767734100,train-132,0,0
133957_1767734100,train-110,0,4
130072_1767734100,train-38,0,1
122048_1767734100,train-11,0,3
132430_1767734100,train-73,0,3
133957_1767734400,train-110,0,4
135081_1767734400,train-132,0,0
122048_1767734400,train-11,0,3
130072_1767734400,train-38,0,1
135081_1767734700,train-132,0,0
130072_1767734700,train-38,0,1
122048_1767734700,train-11,0,3
133957_1767734700,train-110,0,4
134040_1767735000,train-120,0,2
133957_1767735000,train-110,0,4
130072_1767735000,train-38,0,1
130072_1767735300,train-38,0,1
134040_1767735300,train-120,0,2
133957_1767735300,train-110,0,4
133957_1767735600,train-110,0,4
130072_1767735600,train-38,0,1
134040_1767735900,train-121,0,1
130072_1767735900,train-38,0,1
134040_1767736200,train-121,0,1
130072_1767736200,train-38,0,1
134040_1767736500,train-121,0,1
130072_1767736500,train-38,0,1
134040_1767736800,train-121,0,1
135081_1767736800,train-133,0,2
133957_1767736800,train-111,0,2
133957_1767737100,train-111,0,2
135081_1767737100,train-133,0,2
134040_1767737100,train-121,0,1
133957_1767737400,train-111,0,2
135081_1767737400,train-133,0,2
134040_1767737400,train-121,0,1
133957_1767737700,train-111,0,2
135081_1767737700,train-133,0,2
134040_1767737700,train-121,0,1
134040_1767738000,train-121,0,1
134494_1767738000,train-122,0,2
132430_1767738000,train-74,0,3
135081_1767738000,train-133,0,2
133957_1767738000,train-111,0,2
135081_1767738300,train-133,0,2
134040_1767738300,train-121,0,1
132430_1767738300,train-74,0,3
134494_1767738300,train-122,0,2
134494_1767738600,train-122,0,2
134040_1767738600,train-121,0,1
134494_1767738900,train-122,0,2
134040_1767738900,train-121,0,1
134494_1767739200,train-122,0,2
134040_1767739200,train-121,0,1
134040_1767739500,train-121,0,1
134494_1767739500,train-122,0,2
134040_1767739800,train-121,0,1
134494_1767739800,train-122,0,2
134494_1767740100,train-122,0,2
134040_1767740100,train-121,0,1
134040_1767740400,train-121,0,1
132430_1767740400,train-75,0,3
130072_1767740700,train-39,0,4
132430_1767740700,train-75,0,3
134040_1767740700,train-121,0,1
132430_1767741000,train-75,0,3
130072_1767741000,train-39,0,4
130072_1767741300,train-39,0,4
132430_1767741300,train-75,0,3
132430_1767741600,train-75,0,3
130072_1767741600,train-39,0,4
132430_1767741900,train-75,0,3
130072_1767741900,train-39,0,4
132430_1767742200,train-75,0,3
134494_1767742200,train-123,0,4
134494_1767742500,train-123,0,4
134494_1767742800,train-123,0,4
134494_1767743100,train-123,0,4
132430_1767743400,train-76,0,0
132430_1767743700,train-76,0,0
129964_1767665100,test-14,0,4
129964_1767665400,test-14,0,4
129964_1767665700,test-14,0,4
129964_1767666000,test-14,0,4
129964_1767666300,test-14,0,4
131672_1767666900,test-26,0,2
131672_1767667200,test-26,0,2
131672_1767667500,test-26,0,2
131672_1767667800,test-26,0,2
131672_1767668100,test-26,0,2
129964_1767668400,test-15,0,2
131672_1767668400,test-26,0,2
134040_1767668400,test-52,0,1
134040_1767668700,test-52,0,1
131672_1767668700,test-26,0,2
129964_1767669000,test-16,0,1
134040_1767669000,test-52,0,1
131672_1767669000,test-26,0,2
129964_1767669300,test-16,0,1
134040_1767669300,test-52,0,1
131672_1767669300,test-26,0,2
131672_1767669600,test-26,0,2
134040_1767669600,test-52,0,1
129964_1767669600,test-16,0,1
129964_1767669900,test-16,0,1
134040_1767669900,test-52,0,1
131672_1767672000,test-27,0,4
131672_1767672300,test-27,0,4
131672_1767672600,test-27,0,4
131672_1767672900,test-27,0,4
131672_1767673200,test-27,0,4
131672_1767673500,test-27,0,4
132430_1767673800,test-34,0,4
134040_1767673800,test-53,0,3
132430_1767674100,test-34,0,4
134040_1767674100,test-53,0,3
132430_1767674400,test-34,0,4
134040_1767674400,test-53,0,3
134040_1767674700,test-53,0,3
132430_1767674700,test-34,0,4
134040_1767675000,test-53,0,3
132430_1767675000,test-34,0,4
132430_1767675300,test-34,0,4
134040_1767675300,test-53,0,3
134040_1767675600,test-53,0,3
130238_1767675900,test-23,0,3
134040_1767675900,test-53,0,3
130238_1767676200,test-23,0,3
134040_1767676200,test-53,0,3
130238_1767676500,test-23,0,3
134040_1767676500,test-53,0,3
134040_1767676800,test-53,0,3
130238_1767676800,test-23,0,3
130238_1767677100,test-23,0,3
134040_1767677100,test-53,0,3
131672_1767677400,test-28,0,4
122048_1767679200,test-1,0,3
133300_1767679200,test-40,0,4
122048_1767679500,test-1,0,3
133300_1767679800,test-41,0,1
122048_1767679800,test-1,0,3
135081_1767679800,test-61,0,2
135081_1767680100,test-61,0,2
133300_1767680100,test-41,0,1
133300_1767680400,test-41,0,1
135081_1767680400,test-61,0,2
133300_1767680700,test-41,0,1
135081_1767680700,test-61,0,2
135081_1767681000,test-61,0,2
135081_1767681300,test-61,0,2
135081_1767681600,test-61,0,2
135081_1767681900,test-61,0,2
135081_1767682200,test-61,0,2
135081_1767682500,test-61,0,2
122048_1767682800,test-2,0,3
134040_1767682800,test-54,0,2
135081_1767682800,test-61,0,2
122048_1767683100,test-2,0,3
135081_1767683100,test-61,0,2
134040_1767683100,test-54,0,2
135081_1767683400,test-61,0,2
122048_1767683400,test-2,0,3
134040_1767683400,test-54,0,2
135081_1767683700,test-61,0,2
134040_1767683700,test-54,0,2
122048_1767683700,test-2,0,3
134040_1767684000,test-54,0,2
122048_1767684000,test-2,0,3
135081_1767684000,test-61,0,2
134040_1767684300,test-54,0,2
122048_1767684300,test-2,0,3
135081_1767684300,test-61,0,2
133957_1767684600,test-47,0,2
133957_1767684900,test-47,0,2
133957_1767685200,test-47,0,2
133957_1767685500,test-47,0,2
133957_1767685800,test-47,0,2
133957_1767686100,test-47,0,2
133957_1767686400,test-47,0,2
134040_1767686400,test-55,0,3
134040_1767686700,test-55,0,3
133957_1767686700,test-47,0,2
134040_1767687000,test-55,0,3
133957_1767687000,test-47,0,2
134040_1767687300,test-55,0,3
133957_1767687300,test-47,0,2
133957_1767687600,test-47,0,2
134040_1767687600,test-55,0,3
134040_1767687900,test-55,0,3
133957_1767687900,test-47,0,2
129964_1767688200,test-17,0,3
133957_1767688200,test-47,0,2
133957_1767688500,test-47,0,2
133957_1767688800,test-47,0,2
129964_1767688800,test-18,0,4
133957_1767689100,test-47,0,2
129964_1767689100,test-18,0,4
129964_1767689400,test-18,0,4
133957_1767689400,test-47,0,2
133957_1767689700,test-47,0,2
129964_1767689700,test-18,0,4
132430_1767690000,test-35,0,3
132430_1767690300,test-35,0,3
122613_1767691800,test-7,0,2
131672_1767691800,test-29,0,2
133300_1767691800,test-42,0,3
133300_1767692100,test-42,0,3
122613_1767692100,test-7,0,2
122613_1767692400,test-7,0,2
133300_1767692400,test-42,0,3
122613_1767692700,test-7,0,2
133300_1767692700,test-42,0,3
122613_1767693000,test-7,0,2
133300_1767693000,test-42,0,3
133300_1767693300,test-42,0,3
122613_1767693300,test-7,0,2
130238_1767693600,test-24,0,4
130238_1767695100,test-25,0,1
133300_1767695400,test-43,0,0
133300_1767695700,test-43,0,0
122658_1767695700,test-13,0,1
122658_1767696000,test-13,0,1
133300_1767696000,test-43,0,0
122658_1767696300,test-13,0,1
122658_1767696600,test-13,0,1
133300_1767696600,test-44,0,0
133300_1767696900,test-44,0,0
122658_1767696900,test-13,0,1
122613_1767697200,test-8,0,0
122658_1767697200,test-13,0,1
122048_1767697200,test-3,0,3
122613_1767697500,test-8,0,0
122048_1767697500,test-3,0,3
122658_1767697500,test-13,0,1
122613_1767697800,test-8,0,0
122658_1767697800,test-13,0,1
122048_1767697800,test-3,0,3
122658_1767698100,test-13,0,1
122048_1767698100,test-3,0,3
122613_1767698100,test-8,0,0
122613_1767698400,test-8,0,0
122048_1767698400,test-3,0,3
122658_1767698400,test-13,0,1
122658_1767698700,test-13,0,1
122048_1767698700,test-3,0,3
122613_1767698700,test-8,0,0
122658_1767699000,test-13,0,1
122658_1767699300,test-13,0,1
122658_1767699600,test-13,0,1
122658_1767699900,test-13,0,1
122658_1767700200,test-13,0,1
122658_1767700500,test-13,0,1
129964_1767700800,test-19,0,4
135081_1767700800,test-62,0,0
132430_1767700800,test-36,0,3
135081_1767701100,test-62,0,0
132430_1767701100,test-36,0,3
129964_1767701100,test-19,0,4
129964_1767701400,test-19,0,4
132430_1767701400,test-36,0,3
135081_1767701400,test-62,0,0
129964_1767701700,test-19,0,4
135081_1767701700,test-62,0,0
132430_1767701700,test-36,0,3
129964_1767702000,test-19,0,4
135081_1767702000,test-62,0,0
132430_1767702000,test-36,0,3
132430_1767702300,test-36,0,3
135081_1767702300,test-62,0,0
129964_1767702300,test-19,0,4
122613_1767702600,test-9,0,0
122613_1767702900,test-9,0,0
131672_1767704400,test-30,0,0
131672_1767704700,test-30,0,0
131672_1767705000,test-30,0,0
131672_1767705300,test-30,0,0
131672_1767705600,test-30,0,0
131672_1767705900,test-30,0,0
135081_1767706200,test-63,0,1
122613_1767706200,test-10,0,3
133957_1767706200,test-48,0,0
135081_1767706500,test-63,0,1
122613_1767706500,test-10,0,3
133957_1767706500,test-48,0,0
133957_1767706800,test-48,0,0
135081_1767706800,test-63,0,1
122613_1767706800,test-10,0,3
133957_1767707100,test-48,0,0
122613_1767707100,test-10,0,3
135081_1767707100,test-63,0,1
122613_1767707400,test-10,0,3
135081_1767707400,test-63,0,1
133957_1767707400,test-48,0,0
133957_1767707700,test-48,0,0
135081_1767707700,test-63,0,1
122613_1767707700,test-10,0,3
134040_1767708000,test-56,0,2
122048_1767708000,test-4,0,4
134040_1767708300,test-56,0,2
122048_1767708300,test-4,0,4
134040_1767708600,test-56,0,2
134040_1767708900,test-56,0,2
134040_1767709200,test-56,0,2
134040_1767709500,test-56,0,2
122048_1767709500,test-5,0,2
133957_1767710100,test-49,0,0
133957_1767710400,test-49,0,0
133957_1767710700,test-49,0,0
133957_1767711000,test-49,0,0
133957_1767711300,test-49,0,0
122048_1767711600,test-6,0,3
122613_1767711600,test-11,0,4
129964_1767711600,test-20,0,2
129964_1767711900,test-20,0,2
122613_1767711900,test-11,0,4
122048_1767711900,test-6,0,3
129964_1767712200,test-20,0,2
122048_1767712200,test-6,0,3
122048_1767712500,test-6,0,3
122613_1767712500,test-12,0,1
129964_1767712800,test-21,0,2
122048_1767712800,test-6,0,3
122613_1767712800,test-12,0,1
122613_1767713100,test-12,0,1
122048_1767713100,test-6,0,3
129964_1767713100,test-21,0,2
134040_1767713400,test-57,0,1
134040_1767713700,test-57,0,1
134040_1767714000,test-57,0,1
134040_1767714300,test-57,0,1
131672_1767715200,test-31,0,3
135081_1767715200,test-64,0,2
131672_1767715500,test-31,0,3
135081_1767715500,test-64,0,2
135081_1767715800,test-64,0,2
131672_1767715800,test-31,0,3
135081_1767716100,test-64,0,2
131672_1767716100,test-31,0,3
135081_1767716400,test-64,0,2
131672_1767716400,test-31,0,3
131672_1767716700,test-31,0,3
135081_1767716700,test-64,0,2
133300_1767717000,test-45,0,1
133957_1767717000,test-50,0,2
133957_1767717300,test-50,0,2
133300_1767717300,test-45,0,1
133957_1767717600,test-50,0,2
133300_1767717600,test-45,0,1
133957_1767717900,test-50,0,2
133300_1767717900,test-45,0,1
133957_1767718200,test-50,0,2
133300_1767718200,test-45,0,1
133300_1767718500,test-45,0,1
133957_1767718500,test-50,0,2
132430_1767720600,test-37,0,1
133300_1767720600,test-46,0,1
132430_1767720900,test-37,0,1
133300_1767720900,test-46,0,1
133300_1767721200,test-46,0,1
132430_1767721200,test-37,0,1
132430_1767721500,test-37,0,1
134040_1767721500,test-58,0,0
133300_1767721500,test-46,0,1
132430_1767721800,test-37,0,1
133300_1767721800,test-46,0,1
134040_1767721800,test-58,0,0
131672_1767721800,test-32,0,0
131672_1767722100,test-32,0,0
132430_1767722100,test-37,0,1
134040_1767722100,test-58,0,0
133300_1767722100,test-46,0,1
133957_1767722400,test-51,0,1
133957_1767722700,test-51,0,1
133957_1767723000,test-51,0,1
133957_1767723300,test-51,0,1
133957_1767723600,test-51,0,1
133957_1767723900,test-51,0,1
135081_1767724500,test-65,0,4
135081_1767724800,test-65,0,4
135081_1767725100,test-65,0,4
135081_1767725400,test-65,0,4
135081_1767725700,test-65,0,4
132430_1767726000,test-38,0,3
132430_1767726300,test-38,0,3
132430_1767726600,test-38,0,3
132430_1767726900,test-38,0,3
132430_1767727200,test-38,0,3
132430_1767727500,test-38,0,3
135081_1767727800,test-66,0,3
135081_1767728100,test-66,0,3
135081_1767728400,test-66,0,3
135081_1767728700,test-66,0,3
135081_1767729000,test-66,0,3
135081_1767729300,test-66,0,3
135081_1767729600,test-66,0,3
135081_1767729900,test-66,0,3
135081_1767730200,test-66,0,3
135081_1767730500,test-66,0,3
134040_1767730500,test-59,0,2
134040_1767730800,test-59,0,2
134040_1767731100,test-59,0,2
134040_1767731400,test-59,0,2
134040_1767731700,test-59,0,2
134040_1767732000,test-59,0,2
134040_1767732300,test-59,0,2
134040_1767732600,test-59,0,2
134040_1767732900,test-59,0,2
131672_1767733200,test-33,0,1
131672_1767733500,test-33,0,1
131672_1767733800,test-33,0,1
131672_1767734100,test-33,0,1
131672_1767734400,test-33,0,1
131672_1767734700,test-33,0,1
135081_1767735000,test-67,0,0
135081_1767735300,test-67,0,0
135081_1767735600,test-67,0,0
135081_1767735900,test-67,0,0
135081_1767736200,test-67,0,0
135081_1767736500,test-67,0,0
132430_1767738600,test-39,0,1
130072_1767738600,test-22,0,1
132430_1767738900,test-39,0,1
130072_1767738900,test-22,0,1
132430_1767739200,test-39,0,1
132430_1767739500,test-39,0,1
132430_1767739800,test-39,0,1
132430_1767740100,test-39,0,1
134494_1767740400,test-60,0,4
134494_1767740700,test-60,0,4
134494_1767741000,test-60,0,4
134494_1767741300,test-60,0,4
134494_1767741600,test-60,0,4
134494_1767741900,test-60,0,4
122048_1767665400,train-1,1,1
122048_1767665700,train-1,1,1
122048_1767666000,train-1,1,1
122048_1767666300,train-1,1,1
122048_1767666600,train-1,1,1
133957_1767666600,train-94,1,4
129964_1767666600,train-26,1,4
133957_1767666900,train-94,1,4
132430_1767666900,train-62,1,0
122048_1767666900,train-1,1,1
129964_1767666900,train-26,1,4
133957_1767667200,train-94,1,4
132430_1767667200,train-62,1,0
122048_1767667200,train-1,1,1
129964_1767667200,train-26,1,4
132430_1767667500,train-62,1,0
122048_1767667500,train-1,1,1
129964_1767667500,train-26,1,4
133957_1767667500,train-94,1,4
122048_1767667800,train-1,1,1
133957_1767667800,train-94,1,4
132430_1767667800,train-62,1,0
129964_1767667800,train-26,1,4
134040_1767667800,train-112,1,3
129964_1767668100,train-26,1,4
132430_1767668100,train-62,1,0
122048_1767668100,train-1,1,1
133957_1767668100,train-94,1,4
134040_1767668100,train-112,1,3
132430_1767668400,train-62,1,0
122048_1767668400,train-1,1,1
133957_1767668400,train-94,1,4
122048_1767668700,train-1,1,1
132430_1767668700,train-62,1,0
122048_1767669000,train-1,1,1
132430_1767669000,train-62,1,0
133957_1767669300,train-95,1,3
132430_1767669300,train-62,1,0
122048_1767669300,train-1,1,1
122048_1767669600,train-1,1,1
133957_1767669600,train-95,1,3
132430_1767669600,train-62,1,0
133957_1767669900,train-95,1,3
122048_1767669900,train-1,1,1
132430_1767669900,train-62,1,0
133957_1767670200,train-95,1,3
134040_1767670200,train-113,1,0
129964_1767670200,train-27,1,0
135081_1767670200,train-124,1,4
122048_1767670200,train-1,1,1
122048_1767670500,train-1,1,1
129964_1767670500,train-27,1,0
133957_1767670500,train-95,1,3
134040_1767670500,train-113,1,0
135081_1767670500,train-124,1,4
132430_1767670500,train-63,1,0
135081_1767670800,train-124,1,4
129964_1767670800,train-27,1,0
133957_1767670800,train-95,1,3
122048_1767670800,train-1,1,1
134040_1767670800,train-113,1,0
132430_1767670800,train-63,1,0
134040_1767671100,train-113,1,0
133957_1767671100,train-95,1,3
129964_1767671100,train-27,1,0
132430_1767671100,train-63,1,0
122048_1767671100,train-1,1,1
135081_1767671100,train-124,1,4
122048_1767671400,train-1,1,1
129964_1767671400,train-27,1,0
132430_1767671400,train-63,1,0
134040_1767671400,train-113,1,0
133957_1767671400,train-95,1,3
135081_1767671400,train-124,1,4
135081_1767671700,train-124,1,4
132430_1767671700,train-63,1,0
133957_1767671700,train-95,1,3
134040_1767671700,train-113,1,0
122048_1767671700,train-1,1,1
129964_1767671700,train-27,1,0
135081_1767672000,train-124,1,4
132430_1767672000,train-63,1,0
129964_1767672000,train-27,1,0
133957_1767672000,train-95,1,3
135081_1767672300,train-124,1,4
133957_1767672300,train-95,1,3
122048_1767672300,train-2,1,3
132430_1767672300,train-63,1,0
129964_1767672300,train-27,1,0
133957_1767672600,train-95,1,3
135081_1767672600,train-124,1,4
122048_1767672600,train-2,1,3
132430_1767672600,train-63,1,0
133957_1767672900,train-95,1,3
122048_1767672900,train-2,1,3
132430_1767672900,train-63,1,0
130238_1767672900,train-40,1,0
135081_1767672900,train-124,1,4
129964_1767672900,train-28,1,1
129964_1767673200,train-28,1,1
130238_1767673200,train-40,1,0
122048_1767673200,train-2,1,3
132430_1767673200,train-63,1,0
135081_1767673200,train-124,1,4
129964_1767673500,train-28,1,1
122048_1767673500,train-2,1,3
132430_1767673500,train-63,1,0
130238_1767673500,train-40,1,0
135081_1767673500,train-124,1,4
130238_1767673800,train-40,1,0
131672_1767673800,train-50,1,1
133957_1767673800,train-96,1,0
129964_1767673800,train-28,1,1
135081_1767673800,train-124,1,4
129964_1767674100,train-28,1,1
130238_1767674100,train-40,1,0
135081_1767674100,train-124,1,4
131672_1767674100,train-50,1,1
133957_1767674100,train-96,1,0
133957_1767674400,train-96,1,0
135081_1767674400,train-124,1,4
129964_1767674400,train-28,1,1
131672_1767674400,train-50,1,1
130238_1767674400,train-40,1,0
130238_1767674700,train-40,1,0
131672_1767674700,train-50,1,1
133957_1767674700,train-96,1,0
135081_1767674700,train-124,1,4
129964_1767674700,train-28,1,1
130238_1767675000,train-40,1,0
135081_1767675000,train-124,1,4
129964_1767675000,train-28,1,1
131672_1767675000,train-50,1,1
133300_1767675000,train-77,1,0
133957_1767675000,train-96,1,0
135081_1767675300,train-124,1,4
133300_1767675300,train-77,1,0
131672_1767675300,train-50,1,1
129964_1767675300,train-28,1,1
133957_1767675300,train-96,1,0
133957_1767675600,train-96,1,0
122048_1767675600,train-3,1,3
133300_1767675600,train-77,1,0
129964_1767675600,train-28,1,1
135081_1767675600,train-124,1,4
133300_1767675900,train-77,1,0
122048_1767675900,train-3,1,3
129964_1767675900,train-28,1,1
133957_1767675900,train-96,1,0
135081_1767675900,train-124,1,4
133300_1767676200,train-77,1,0
129964_1767676200,train-28,1,1
135081_1767676200,train-124,1,4
133957_1767676200,train-96,1,0
122048_1767676200,train-3,1,3
135081_1767676500,train-124,1,4
122048_1767676500,train-3,1,3
133300_1767676500,train-77,1,0
133957_1767676500,train-96,1,0
133300_1767676800,train-77,1,0
122048_1767676800,train-3,1,3
133957_1767676800,train-96,1,0
122048_1767677100,train-3,1,3
133957_1767677100,train-96,1,0
122048_1767677400,train-3,1,3
133957_1767677400,train-96,1,0
133300_1767677400,train-78,1,2
130238_1767677400,train-41,1,4
134040_1767677400,train-114,1,4
122048_1767677700,train-3,1,3
134040_1767677700,train-114,1,4
133300_1767677700,train-78,1,2
130238_1767677700,train-41,1,4
130238_1767678000,train-41,1,4
133300_1767678000,train-78,1,2
134040_1767678000,train-114,1,4
122048_1767678000,train-3,1,3
133300_1767678300,train-78,1,2
130238_1767678300,train-41,1,4
122048_1767678300,train-3,1,3
133300_1767678600,train-78,1,2
122048_1767678600,train-3,1,3
133300_1767678900,train-78,1,2
122048_1767678900,train-3,1,3
133957_1767679500,train-97,1,0
130238_1767679500,train-42,1,2
130238_1767679800,train-42,1,2
133957_1767679800,train-97,1,0
132430_1767679800,train-64,1,2
134040_1767679800,train-115,1,0
132430_1767680100,train-64,1,2
134040_1767680100,train-115,1,0
133957_1767680100,train-97,1,0
130238_1767680100,train-42,1,2
134040_1767680400,train-115,1,0
133957_1767680400,train-97,1,0
130238_1767680400,train-42,1,2
132430_1767680400,train-64,1,2
129964_1767680400,train-29,1,3
134040_1767680700,train-115,1,0
132430_1767680700,train-64,1,2
133957_1767680700,train-97,1,0
130238_1767680700,train-42,1,2
129964_1767680700,train-29,1,3
133957_1767681000,train-97,1,0
129964_1767681000,train-29,1,3
132430_1767681000,train-64,1,2
130238_1767681000,train-42,1,2
122658_1767681000,train-19,1,1
133300_1767681000,train-79,1,4
134040_1767681000,train-115,1,0
134040_1767681300,train-115,1,0
129964_1767681300,train-29,1,3
132430_1767681300,train-64,1,2
133300_1767681300,train-79,1,4
122658_1767681300,train-19,1,1
130238_1767681300,train-42,1,2
133957_1767681300,train-97,1,0
130238_1767681600,train-42,1,2
133300_1767681600,train-79,1,4
134040_1767681600,train-115,1,0
133957_1767681600,train-97,1,0
132430_1767681600,train-64,1,2
122658_1767681600,train-19,1,1
129964_1767681600,train-29,1,3
131672_1767681900,train-51,1,3
133300_1767681900,train-79,1,4
130238_1767681900,train-42,1,2
134040_1767681900,train-115,1,0
129964_1767681900,train-29,1,3
122658_1767681900,train-19,1,1
133957_1767681900,train-97,1,0
132430_1767681900,train-64,1,2
133957_1767682200,train-97,1,0
133300_1767682200,train-79,1,4
131672_1767682200,train-51,1,3
134040_1767682200,train-115,1,0
129964_1767682200,train-29,1,3
132430_1767682200,train-64,1,2
122658_1767682200,train-19,1,1
129964_1767682500,train-29,1,3
132430_1767682500,train-64,1,2
133300_1767682500,train-79,1,4
131672_1767682500,train-51,1,3
133957_1767682500,train-97,1,0
122658_1767682500,train-19,1,1
134040_1767682500,train-115,1,0
133957_1767682800,train-97,1,0
132430_1767682800,train-64,1,2
122658_1767682800,train-19,1,1
133300_1767682800,train-79,1,4
131672_1767682800,train-51,1,3
129964_1767682800,train-29,1,3
133957_1767683100,train-97,1,0
133300_1767683100,train-79,1,4
131672_1767683100,train-51,1,3
132430_1767683100,train-64,1,2
129964_1767683100,train-29,1,3
122658_1767683100,train-19,1,1
129964_1767683400,train-29,1,3
131672_1767683400,train-51,1,3
122658_1767683400,train-19,1,1
132430_1767683400,train-64,1,2
133300_1767683400,train-79,1,4
129964_1767683700,train-29,1,3
133300_1767683700,train-79,1,4
133957_1767683700,train-98,1,3
122658_1767683700,train-19,1,1
132430_1767683700,train-64,1,2
131672_1767683700,train-51,1,3
122658_1767684000,train-19,1,1
131672_1767684000,train-51,1,3
133957_1767684000,train-98,1,3
133300_1767684000,train-79,1,4
129964_1767684000,train-29,1,3
132430_1767684000,train-64,1,2
133300_1767684300,train-79,1,4
122658_1767684300,train-19,1,1
132430_1767684300,train-64,1,2
130238_1767684300,train-43,1,0
133957_1767684300,train-98,1,3
131672_1767684300,train-51,1,3
131672_1767684600,train-51,1,3
129964_1767684600,train-30,1,0
122658_1767684600,train-19,1,1
135081_1767684600,train-125,1,1
132430_1767684600,train-64,1,2
122048_1767684600,train-4,1,0
133300_1767684600,train-79,1,4
131672_1767684900,train-51,1,3
135081_1767684900,train-125,1,1
122048_1767684900,train-4,1,0
129964_1767684900,train-30,1,0
132430_1767684900,train-64,1,2
133300_1767684900,train-79,1,4
122658_1767684900,train-19,1,1
135081_1767685200,train-125,1,1
122048_1767685200,train-4,1,0
133300_1767685200,train-79,1,4
122658_1767685200,train-19,1,1
131672_1767685200,train-51,1,3
129964_1767685200,train-30,1,0
122048_1767685500,train-4,1,0
129964_1767685500,train-30,1,0
132430_1767685500,train-65,1,2
135081_1767685500,train-125,1,1
122658_1767685500,train-19,1,1
133300_1767685500,train-79,1,4
135081_1767685800,train-125,1,1
133300_1767685800,train-79,1,4
132430_1767685800,train-65,1,2
129964_1767685800,train-30,1,0
122048_1767685800,train-4,1,0
122658_1767685800,train-19,1,1
135081_1767686100,train-125,1,1
132430_1767686100,train-65,1,2
122048_1767686100,train-4,1,0
122658_1767686100,train-19,1,1
129964_1767686100,train-30,1,0
133300_1767686400,train-80,1,1
132430_1767686400,train-65,1,2
130238_1767686400,train-44,1,0
129964_1767686400,train-30,1,0
122048_1767686400,train-4,1,0
130238_1767686700,train-44,1,0
122048_1767686700,train-4,1,0
132430_1767686700,train-65,1,2
129964_1767686700,train-30,1,0
122048_1767687000,train-4,1,0
132430_1767687000,train-65,1,2
129964_1767687000,train-30,1,0
132430_1767687300,train-65,1,2
122048_1767687300,train-4,1,0
129964_1767687300,train-30,1,0
132430_1767687600,train-65,1,2
122048_1767687600,train-4,1,0
129964_1767687600,train-30,1,0
129964_1767687900,train-30,1,0
132430_1767687900,train-65,1,2
122048_1767687900,train-4,1,0
122658_1767688200,train-20,1,4
131672_1767688200,train-52,1,1
130238_1767688200,train-45,1,1
132430_1767688200,train-65,1,2
122048_1767688200,train-4,1,0
134040_1767688200,train-116,1,0
122048_1767688500,train-4,1,0
122658_1767688500,train-20,1,4
134040_1767688500,train-116,1,0
131672_1767688500,train-52,1,1
130238_1767688500,train-45,1,1
132430_1767688500,train-65,1,2
122048_1767688800,train-4,1,0
134040_1767688800,train-116,1,0
132430_1767688800,train-65,1,2
131672_1767688800,train-52,1,1
122658_1767688800,train-20,1,4
130238_1767688800,train-45,1,1
131672_1767689100,train-52,1,1
122658_1767689100,train-20,1,4
134040_1767689100,train-116,1,0
122048_1767689100,train-4,1,0
132430_1767689100,train-65,1,2
130238_1767689100,train-45,1,1
122658_1767689400,train-20,1,4
131672_1767689400,train-52,1,1
130238_1767689400,train-45,1,1
133300_1767689400,train-81,1,1
134040_1767689400,train-116,1,0
132430_1767689400,train-65,1,2
122048_1767689400,train-4,1,0
130238_1767689700,train-45,1,1
122658_1767689700,train-20,1,4
122613_1767689700,train-12,1,3
122048_1767689700,train-4,1,0
132430_1767689700,train-65,1,2
134040_1767689700,train-116,1,0
133300_1767689700,train-81,1,1
131672_1767689700,train-52,1,1
122048_1767690000,train-4,1,0
134040_1767690000,train-116,1,0
122658_1767690000,train-20,1,4
129964_1767690000,train-31,1,4
131672_1767690000,train-52,1,1
130238_1767690000,train-45,1,1
133300_1767690000,train-81,1,1
133957_1767690000,train-99,1,2
122048_1767690300,train-4,1,0
129964_1767690300,train-31,1,4
130238_1767690300,train-45,1,1
133300_1767690300,train-81,1,1
122658_1767690300,train-20,1,4
134040_1767690300,train-116,1,0
131672_1767690300,train-52,1,1
133957_1767690300,train-99,1,2
130238_1767690600,train-45,1,1
133300_1767690600,train-81,1,1
131672_1767690600,train-52,1,1
122658_1767690600,train-20,1,4
129964_1767690600,train-31,1,4
133957_1767690600,train-99,1,2
122658_1767690900,train-20,1,4
133300_1767690900,train-81,1,1
133957_1767690900,train-99,1,2
131672_1767690900,train-52,1,1
129964_1767690900,train-31,1,4
131672_1767691200,train-52,1,1
129964_1767691200,train-31,1,4
133957_1767691200,train-99,1,2
130238_1767691200,train-46,1,1
133300_1767691200,train-81,1,1
129964_1767691500,train-31,1,4
131672_1767691500,train-52,1,1
130238_1767691500,train-46,1,1
133957_1767691800,train-100,1,3
129964_1767691800,train-31,1,4
122048_1767691800,train-5,1,3
130238_1767691800,train-46,1,1
130238_1767692100,train-46,1,1
133957_1767692100,train-100,1,3
129964_1767692100,train-31,1,4
122048_1767692100,train-5,1,3
129964_1767692400,train-31,1,4
130238_1767692400,train-46,1,1
133957_1767692400,train-100,1,3
122048_1767692400,train-5,1,3
130238_1767692700,train-46,1,1
122048_1767692700,train-5,1,3
133957_1767692700,train-100,1,3
130238_1767693000,train-46,1,1
122048_1767693000,train-5,1,3
133957_1767693000,train-100,1,3
130238_1767693300,train-46,1,1
132430_1767693300,train-66,1,4
133957_1767693300,train-100,1,3
122048_1767693300,train-5,1,3
122613_1767693600,train-13,1,4
122048_1767693600,train-5,1,3
133300_1767693600,train-82,1,3
132430_1767693600,train-66,1,4
133957_1767693600,train-100,1,3
122613_1767693900,train-13,1,4
122048_1767693900,train-5,1,3
133957_1767693900,train-100,1,3
132430_1767693900,train-66,1,4
133300_1767694200,train-83,1,0
122613_1767694200,train-13,1,4
122048_1767694200,train-5,1,3
132430_1767694200,train-66,1,4
133957_1767694200,train-100,1,3
122613_1767694500,train-13,1,4
132430_1767694500,train-66,1,4
133957_1767694500,train-100,1,3
122048_1767694500,train-5,1,3
133300_1767694500,train-83,1,0
132430_1767694800,train-66,1,4
133957_1767694800,train-100,1,3
122048_1767694800,train-5,1,3
122613_1767694800,train-13,1,4
133300_1767694800,train-83,1,0
122613_1767695100,train-13,1,4
122048_1767695100,train-5,1,3
133300_1767695100,train-83,1,0
132430_1767695100,train-66,1,4
133957_1767695100,train-100,1,3
132430_1767695400,train-66,1,4
129964_1767695400,train-32,1,3
130238_1767695400,train-47,1,1
122613_1767695400,train-13,1,4
133957_1767695400,train-100,1,3
129964_1767695700,train-32,1,3
132430_1767695700,train-66,1,4
130238_1767695700,train-47,1,1
122613_1767695700,train-13,1,4
129964_1767696000,train-32,1,3
133957_1767696000,train-101,1,3
132430_1767696000,train-66,1,4
130238_1767696000,train-47,1,1
132430_1767696300,train-66,1,4
129964_1767696300,train-32,1,3
133957_1767696300,train-101,1,3
130238_1767696300,train-47,1,1
132430_1767696600,train-66,1,4
129964_1767696600,train-32,1,3
133957_1767696600,train-101,1,3
130238_1767696600,train-47,1,1
129964_1767696900,train-32,1,3
122613_1767696900,train-14,1,0
133957_1767696900,train-101,1,3
132430_1767696900,train-66,1,4
130238_1767696900,train-47,1,1
132430_1767697200,train-66,1,4
133300_1767697200,train-84,1,1
133957_1767697200,train-101,1,3
129964_1767697200,train-32,1,3
130238_1767697200,train-47,1,1
129964_1767697500,train-32,1,3
133957_1767697500,train-101,1,3
132430_1767697500,train-66,1,4
130238_1767697500,train-47,1,1
133300_1767697500,train-84,1,1
133957_1767697800,train-101,1,3
135081_1767697800,train-126,1,3
132430_1767697800,train-66,1,4
133300_1767697800,train-84,1,1
129964_1767697800,train-32,1,3
135081_1767698100,train-126,1,3
133300_1767698100,train-84,1,1
132430_1767698100,train-66,1,4
133957_1767698100,train-101,1,3
131672_1767698100,train-53,1,2
129964_1767698100,train-32,1,3
135081_1767698400,train-126,1,3
129964_1767698400,train-32,1,3
132430_1767698400,train-66,1,4
131672_1767698400,train-53,1,2
133957_1767698400,train-101,1,3
133300_1767698400,train-84,1,1
131672_1767698700,train-53,1,2
129964_1767698700,train-32,1,3
135081_1767698700,train-126,1,3
133957_1767698700,train-101,1,3
133957_1767699000,train-101,1,3
129964_1767699000,train-32,1,3
132430_1767699000,train-67,1,3
135081_1767699000,train-126,1,3
122613_1767699000,train-15,1,3
131672_1767699000,train-53,1,2
132430_1767699300,train-67,1,3
122613_1767699300,train-15,1,3
129964_1767699300,train-32,1,3
133957_1767699300,train-101,1,3
131672_1767699300,train-53,1,2
135081_1767699300,train-126,1,3
131672_1767699600,train-53,1,2
133957_1767699600,train-101,1,3
135081_1767699600,train-126,1,3
132430_1767699600,train-67,1,3
122613_1767699600,train-15,1,3
135081_1767699900,train-126,1,3
129964_1767699900,train-33,1,2
132430_1767699900,train-67,1,3
131672_1767699900,train-53,1,2
133957_1767699900,train-101,1,3
122613_1767699900,train-15,1,3
131672_1767700200,train-53,1,2
129964_1767700200,train-33,1,2
133957_1767700200,train-101,1,3
135081_1767700200,train-126,1,3
132430_1767700200,train-67,1,3
122613_1767700200,train-15,1,3
129964_1767700500,train-33,1,2
132430_1767700500,train-67,1,3
133957_1767700500,train-101,1,3
131672_1767700500,train-53,1,2
122613_1767700500,train-15,1,3
135081_1767700500,train-126,1,3
122048_1767700800,train-6,1,2
131672_1767700800,train-53,1,2
133300_1767700800,train-85,1,3
122613_1767700800,train-15,1,3
122658_1767700800,train-21,1,4
122048_1767701100,train-6,1,2
122658_1767701100,train-21,1,4
122613_1767701100,train-15,1,3
131672_1767701100,train-53,1,2
122613_1767701400,train-15,1,3
122048_1767701400,train-6,1,2
133300_1767701400,train-86,1,2
131672_1767701400,train-53,1,2
133300_1767701700,train-86,1,2
122658_1767701700,train-22,1,2
122048_1767701700,train-6,1,2
122613_1767701700,train-15,1,3
122658_1767702000,train-22,1,2
133300_1767702000,train-86,1,2
122613_1767702000,train-15,1,3
122048_1767702000,train-6,1,2
122658_1767702300,train-22,1,2
122048_1767702300,train-6,1,2
122613_1767702300,train-15,1,3
133300_1767702300,train-86,1,2
133957_1767702600,train-102,1,0
133300_1767702600,train-86,1,2
132430_1767702600,train-68,1,1
122658_1767702600,train-22,1,2
122048_1767702600,train-6,1,2
135081_1767702600,train-127,1,3
135081_1767702900,train-127,1,3
133300_1767702900,train-86,1,2
122658_1767702900,train-22,1,2
122048_1767702900,train-6,1,2
133957_1767702900,train-102,1,0
132430_1767702900,train-68,1,1
134040_1767703200,train-117,1,0
122658_1767703200,train-22,1,2
131672_1767703200,train-54,1,4
132430_1767703200,train-68,1,1
122048_1767703200,train-6,1,2
133957_1767703200,train-102,1,0
133300_1767703200,train-86,1,2
135081_1767703200,train-127,1,3
133957_1767703500,train-102,1,0
132430_1767703500,train-68,1,1
134040_1767703500,train-117,1,0
122658_1767703500,train-22,1,2
131672_1767703500,train-54,1,4
122048_1767703500,train-6,1,2
135081_1767703500,train-127,1,3
132430_1767703800,train-68,1,1
122658_1767703800,train-22,1,2
135081_1767703800,train-127,1,3
131672_1767703800,train-54,1,4
134040_1767703800,train-117,1,0
133957_1767703800,train-102,1,0
133300_1767703800,train-87,1,4
122048_1767703800,train-6,1,2
131672_1767704100,train-54,1,4
132430_1767704100,train-68,1,1
133957_1767704100,train-102,1,0
135081_1767704100,train-127,1,3
122658_1767704100,train-22,1,2
134040_1767704100,train-117,1,0
122048_1767704100,train-6,1,2
122048_1767704400,train-6,1,2
134040_1767704400,train-117,1,0
135081_1767704400,train-127,1,3
122658_1767704400,train-22,1,2
129964_1767704400,train-34,1,4
122048_1767704700,train-6,1,2
132430_1767704700,train-69,1,3
134040_1767704700,train-117,1,0
122658_1767704700,train-22,1,2
129964_1767704700,train-34,1,4
134040_1767705000,train-117,1,0
122658_1767705000,train-22,1,2
122048_1767705000,train-6,1,2
129964_1767705000,train-34,1,4
132430_1767705000,train-69,1,3
132430_1767705300,train-69,1,3
122048_1767705300,train-6,1,2
129964_1767705300,train-34,1,4
134040_1767705300,train-117,1,0
132430_1767705600,train-69,1,3
133957_1767705600,train-103,1,0
129964_1767705600,train-34,1,4
122658_1767705600,train-23,1,0
122048_1767705600,train-6,1,2
134040_1767705600,train-117,1,0
122613_1767705900,train-16,1,0
133957_1767705900,train-103,1,0
132430_1767705900,train-69,1,3
129964_1767705900,train-34,1,4
122658_1767705900,train-23,1,0
134040_1767705900,train-117,1,0
122048_1767705900,train-6,1,2
135081_1767705900,train-128,1,2
122048_1767706200,train-6,1,2
131672_1767706200,train-55,1,2
129964_1767706200,train-34,1,4
132430_1767706200,train-69,1,3
134040_1767706200,train-117,1,0
134040_1767706500,train-117,1,0
132430_1767706500,train-69,1,3
131672_1767706500,train-55,1,2
122048_1767706500,train-6,1,2
129964_1767706500,train-34,1,4
129964_1767706800,train-34,1,4
134040_1767706800,train-117,1,0
122048_1767706800,train-6,1,2
132430_1767706800,train-69,1,3
134040_1767707100,train-117,1,0
129964_1767707100,train-34,1,4
122048_1767707100,train-6,1,2
132430_1767707100,train-69,1,3
122048_1767707400,train-6,1,2
134040_1767707400,train-117,1,0
129964_1767707400,train-34,1,4
132430_1767707400,train-69,1,3
122048_1767707700,train-6,1,2
134040_1767707700,train-117,1,0
132430_1767707700,train-69,1,3
129964_1767707700,train-34,1,4
133957_1767708000,train-104,1,2
132430_1767708000,train-69,1,3
129964_1767708000,train-34,1,4
122613_1767708000,train-17,1,2
135081_1767708000,train-129,1,3
133957_1767708300,train-104,1,2
122613_1767708300,train-17,1,2
132430_1767708300,train-69,1,3
135081_1767708300,train-129,1,3
129964_1767708600,train-35,1,2
122613_1767708600,train-17,1,2
135081_1767708600,train-129,1,3
131672_1767708600,train-56,1,1
132430_1767708600,train-69,1,3
133957_1767708600,train-104,1,2
131672_1767708900,train-56,1,1
132430_1767708900,train-69,1,3
122613_1767708900,train-17,1,2
135081_1767708900,train-129,1,3
129964_1767708900,train-35,1,2
133957_1767708900,train-104,1,2
132430_1767709200,train-69,1,3
122613_1767709200,train-17,1,2
135081_1767709200,train-129,1,3
133957_1767709200,train-104,1,2
131672_1767709200,train-56,1,1
129964_1767709200,train-35,1,2
131672_1767709500,train-56,1,1
132430_1767709500,train-69,1,3
122613_1767709500,train-17,1,2
135081_1767709500,train-129,1,3
129964_1767709500,train-35,1,2
122613_1767709800,train-17,1,2
135081_1767709800,train-129,1,3
134040_1767709800,train-118,1,2
132430_1767709800,train-69,1,3
129964_1767709800,train-35,1,2
122613_1767710100,train-17,1,2
129964_1767710100,train-35,1,2
135081_1767710100,train-129,1,3
134040_1767710100,train-118,1,2
122613_1767710400,train-17,1,2
132430_1767710400,train-70,1,4
134040_1767710400,train-118,1,2
129964_1767710400,train-35,1,2
135081_1767710400,train-129,1,3
135081_1767710700,train-129,1,3
122613_1767710700,train-17,1,2
134040_1767710700,train-118,1,2
132430_1767710700,train-70,1,4
129964_1767710700,train-35,1,2
134040_1767711000,train-118,1,2
129964_1767711000,train-35,1,2
132430_1767711000,train-70,1,4
122613_1767711000,train-17,1,2
135081_1767711000,train-129,1,3
134040_1767711300,train-118,1,2
129964_1767711300,train-35,1,2
122613_1767711300,train-17,1,2
132430_1767711300,train-70,1,4
135081_1767711300,train-129,1,3
135081_1767711600,train-129,1,3
131672_1767711600,train-57,1,4
133957_1767711600,train-105,1,3
132430_1767711600,train-70,1,4
134040_1767711600,train-118,1,2
133957_1767711900,train-105,1,3
134040_1767711900,train-118,1,2
131672_1767711900,train-57,1,4
132430_1767711900,train-70,1,4
135081_1767711900,train-129,1,3
132430_1767712200,train-70,1,4
135081_1767712200,train-129,1,3
133300_1767712200,train-88,1,4
134040_1767712200,train-118,1,2
133957_1767712200,train-105,1,3
133957_1767712500,train-105,1,3
135081_1767712500,train-129,1,3
133300_1767712500,train-88,1,4
132430_1767712500,train-70,1,4
134040_1767712500,train-118,1,2
130238_1767712500,train-48,1,4
134040_1767712800,train-118,1,2
130238_1767712800,train-48,1,4
132430_1767712800,train-70,1,4
133300_1767712800,train-88,1,4
133957_1767712800,train-105,1,3
134040_1767713100,train-118,1,2
130238_1767713100,train-48,1,4
132430_1767713100,train-70,1,4
133300_1767713100,train-88,1,4
133957_1767713100,train-105,1,3
122658_1767713100,train-24,1,2
122613_1767713400,train-18,1,2
122658_1767713400,train-24,1,2
131672_1767713400,train-58,1,3
130238_1767713400,train-48,1,4
133957_1767713400,train-105,1,3
122048_1767713400,train-7,1,4
129964_1767713400,train-36,1,2
122613_1767713700,train-18,1,2
131672_1767713700,train-58,1,3
129964_1767713700,train-36,1,2
133957_1767713700,train-105,1,3
122658_1767713700,train-24,1,2
122048_1767713700,train-7,1,4
130238_1767713700,train-48,1,4
122613_1767714000,train-18,1,2
131672_1767714000,train-58,1,3
122048_1767714000,train-7,1,4
130238_1767714000,train-48,1,4
122658_1767714000,train-24,1,2
129964_1767714000,train-36,1,2
122613_1767714300,train-18,1,2
130238_1767714300,train-48,1,4
129964_1767714300,train-36,1,2
122048_1767714300,train-7,1,4
131672_1767714300,train-58,1,3
122658_1767714300,train-24,1,2
122048_1767714600,train-7,1,4
129964_1767714600,train-36,1,2
122613_1767714600,train-18,1,2
130238_1767714600,train-48,1,4
122658_1767714600,train-24,1,2
131672_1767714600,train-58,1,3
122613_1767714900,train-18,1,2
130238_1767714900,train-48,1,4
122658_1767714900,train-24,1,2
129964_1767714900,train-36,1,2
122048_1767714900,train-7,1,4
131672_1767714900,train-58,1,3
122048_1767715200,train-7,1,4
122658_1767715200,train-24,1,2
132430_1767715200,train-71,1,3
122613_1767715200,train-18,1,2
133300_1767715200,train-89,1,2
129964_1767715200,train-36,1,2
130238_1767715200,train-48,1,4
122658_1767715500,train-24,1,2
132430_1767715500,train-71,1,3
122048_1767715500,train-7,1,4
129964_1767715500,train-36,1,2
122613_1767715500,train-18,1,2
133300_1767715500,train-89,1,2
122613_1767715800,train-18,1,2
133300_1767715800,train-89,1,2
122048_1767715800,train-7,1,4
122658_1767715800,train-24,1,2
129964_1767715800,train-36,1,2
133300_1767716100,train-89,1,2
122613_1767716100,train-18,1,2
129964_1767716100,train-36,1,2
122048_1767716100,train-7,1,4
122658_1767716100,train-24,1,2
133300_1767716400,train-89,1,2
122048_1767716400,train-7,1,4
129964_1767716400,train-36,1,2
133957_1767716400,train-106,1,1
122613_1767716400,train-18,1,2
130238_1767716400,train-49,1,4
122658_1767716400,train-24,1,2
122613_1767716700,train-18,1,2
133957_1767716700,train-106,1,1
130238_1767716700,train-49,1,4
122048_1767716700,train-7,1,4
129964_1767716700,train-36,1,2
122658_1767716700,train-24,1,2
122658_1767717000,train-24,1,2
130238_1767717000,train-49,1,4
135081_1767717000,train-130,1,2
122613_1767717000,train-18,1,2
129964_1767717300,train-37,1,2
135081_1767717300,train-130,1,2
130238_1767717300,train-49,1,4
122613_1767717300,train-18,1,2
122613_1767717600,train-18,1,2
130238_1767717600,train-49,1,4
135081_1767717600,train-130,1,2
129964_1767717600,train-37,1,2
122658_1767717600,train-25,1,4
135081_1767717900,train-130,1,2
122613_1767717900,train-18,1,2
122658_1767717900,train-25,1,4
129964_1767717900,train-37,1,2
130238_1767717900,train-49,1,4
129964_1767718200,train-37,1,2
130238_1767718200,train-49,1,4
122613_1767718200,train-18,1,2
122658_1767718200,train-25,1,4
135081_1767718200,train-130,1,2
122658_1767718500,train-25,1,4
122613_1767718500,train-18,1,2
129964_1767718500,train-37,1,2
135081_1767718500,train-130,1,2
130238_1767718500,train-49,1,4
130238_1767718800,train-49,1,4
133957_1767718800,train-107,1,3
122658_1767718800,train-25,1,4
129964_1767718800,train-37,1,2
135081_1767718800,train-130,1,2
133300_1767718800,train-90,1,3
129964_1767719100,train-37,1,2
135081_1767719100,train-130,1,2
130238_1767719100,train-49,1,4
133957_1767719100,train-107,1,3
122658_1767719100,train-25,1,4
122658_1767719400,train-25,1,4
135081_1767719400,train-130,1,2
133957_1767719400,train-107,1,3
130238_1767719400,train-49,1,4
133300_1767719400,train-91,1,1
129964_1767719400,train-37,1,2
135081_1767719700,train-130,1,2
122658_1767719700,train-25,1,4
130238_1767719700,train-49,1,4
129964_1767719700,train-37,1,2
133957_1767719700,train-107,1,3
133300_1767719700,train-91,1,1
133300_1767720000,train-91,1,1
122048_1767720000,train-8,1,4
133957_1767720000,train-107,1,3
130238_1767720000,train-49,1,4
122658_1767720000,train-25,1,4
129964_1767720000,train-37,1,2
135081_1767720000,train-130,1,2
133300_1767720300,train-91,1,1
129964_1767720300,train-37,1,2
135081_1767720300,train-130,1,2
122048_1767720300,train-8,1,4
130238_1767720300,train-49,1,4
122658_1767720300,train-25,1,4
122048_1767720600,train-8,1,4
129964_1767720600,train-37,1,2
122658_1767720600,train-25,1,4
135081_1767720600,train-130,1,2
130238_1767720600,train-49,1,4
122048_1767720900,train-8,1,4
135081_1767720900,train-130,1,2
133957_1767720900,train-108,1,1
130238_1767720900,train-49,1,4
122658_1767720900,train-25,1,4
129964_1767720900,train-37,1,2
130238_1767721200,train-49,1,4
133957_1767721200,train-108,1,1
122048_1767721200,train-8,1,4
122658_1767721200,train-25,1,4
135081_1767721200,train-130,1,2
135081_1767721500,train-130,1,2
122048_1767721500,train-8,1,4
130238_1767721500,train-49,1,4
133957_1767721500,train-108,1,1
122048_1767721800,train-8,1,4
133957_1767721800,train-108,1,1
135081_1767721800,train-130,1,2
122048_1767722100,train-8,1,4
133957_1767722100,train-108,1,1
132430_1767722400,train-72,1,2
133300_1767722400,train-92,1,1
134040_1767722400,train-119,1,4
122048_1767722400,train-8,1,4
134040_1767722700,train-119,1,4
133300_1767722700,train-92,1,1
122048_1767722700,train-8,1,4
132430_1767722700,train-72,1,2
133300_1767723000,train-92,1,1
134040_1767723000,train-119,1,4
122048_1767723000,train-8,1,4
132430_1767723000,train-72,1,2
132430_1767723300,train-72,1,2
122048_1767723300,train-8,1,4
134040_1767723300,train-119,1,4
122048_1767723600,train-8,1,4
134040_1767723600,train-119,1,4
132430_1767723600,train-72,1,2
133300_1767723600,train-93,1,3
122048_1767723900,train-8,1,4
132430_1767723900,train-72,1,2
134040_1767723900,train-119,1,4
132430_1767724200,train-72,1,2
134040_1767724200,train-119,1,4
122048_1767724200,train-8,1,4
131672_1767724200,train-59,1,2
131672_1767724500,train-59,1,2
122048_1767724500,train-8,1,4
134040_1767724500,train-119,1,4
132430_1767724500,train-72,1,2
132430_1767724800,train-72,1,2
122048_1767724800,train-8,1,4
132430_1767725100,train-72,1,2
122048_1767725100,train-8,1,4
132430_1767725400,train-72,1,2
122048_1767725400,train-8,1,4
122048_1767725700,train-8,1,4
132430_1767725700,train-72,1,2
122048_1767726000,train-8,1,4
135081_1767726000,train-131,1,1
122048_1767726300,train-8,1,4
135081_1767726300,train-131,1,1
135081_1767726600,train-131,1,1
131672_1767726900,train-60,1,0
135081_1767726900,train-131,1,1
131672_1767727200,train-60,1,0
122048_1767727200,train-9,1,4
135081_1767727200,train-131,1,1
135081_1767727500,train-131,1,1
131672_1767727500,train-60,1,0
131672_1767727800,train-60,1,0
131672_1767728100,train-60,1,0
131672_1767728400,train-60,1,0
122048_1767728700,train-10,1,4
131672_1767728700,train-60,1,0
133957_1767729000,train-109,1,2
122048_1767729000,train-10,1,4
131672_1767729000,train-60,1,0
122048_1767729300,train-10,1,4
131672_1767729300,train-60,1,0
133957_1767729300,train-109,1,2
131672_1767729600,train-60,1,0
133957_1767729600,train-109,1,2
122048_1767729600,train-10,1,4
132430_1767729600,train-73,1,3
122048_1767729900,train-10,1,4
133957_1767729900,train-109,1,2
132430_1767729900,train-73,1,3
122048_1767730200,train-10,1,4
130072_1767730200,train-38,1,3
133957_1767730200,train-109,1,2
132430_1767730200,train-73,1,3
133957_1767730500,train-109,1,2
122048_1767730500,train-10,1,4
132430_1767730500,train-73,1,3
130072_1767730500,train-38,1,3
130072_1767730800,train-38,1,3
122048_1767730800,train-10,1,4
133957_1767730800,train-109,1,2
132430_1767730800,train-73,1,3
133957_1767731100,train-109,1,2
130072_1767731100,train-38,1,3
122048_1767731100,train-10,1,4
132430_1767731100,train-73,1,3
132430_1767731400,train-73,1,3
133957_1767731400,train-109,1,2
130072_1767731400,train-38,1,3
133957_1767731700,train-109,1,2
130072_1767731700,train-38,1,3
132430_1767731700,train-73,1,3
131672_1767732000,train-61,1,0
132430_1767732000,train-73,1,3
130072_1767732000,train-38,1,3
133957_1767732000,train-109,1,2
130072_1767732300,train-38,1,3
132430_1767732300,train-73,1,3
131672_1767732300,train-61,1,0
132430_1767732600,train-73,1,3
133957_1767732600,train-110,1,1
131672_1767732600,train-61,1,0
135081_1767732600,train-132,1,1
130072_1767732600,train-38,1,3
131672_1767732900,train-61,1,0
133957_1767732900,train-110,1,1
130072_1767732900,train-38,1,3
132430_1767732900,train-73,1,3
135081_1767732900,train-132,1,1
130072_1767733200,train-38,1,3
135081_1767733200,train-132,1,1
133957_1767733200,train-110,1,1
122048_1767733200,train-11,1,4
132430_1767733200,train-73,1,3
130072_1767733500,train-38,1,3
122048_1767733500,train-11,1,4
132430_1767733500,train-73,1,3
133957_1767733500,train-110,1,1
135081_1767733500,train-132,1,1
130072_1767733800,train-38,1,3
135081_1767733800,train-132,1,1
133957_1767733800,train-110,1,1
122048_1767733800,train-11,1,4
132430_1767733800,train-73,1,3
135081_1767734100,train-132,1,1
133957_1767734100,train-110,1,1
130072_1767734100,train-38,1,3
122048_1767734100,train-11,1,4
132430_1767734100,train-73,1,3
133957_1767734400,train-110,1,1
135081_1767734400,train-132,1,1
122048_1767734400,train-11,1,4
130072_1767734400,train-38,1,3
135081_1767734700,train-132,1,1
130072_1767734700,train-38,1,3
122048_1767734700,train-11,1,4
133957_1767734700,train-110,1,1
134040_1767735000,train-120,1,3
133957_1767735000,train-110,1,1
130072_1767735000,train-38,1,3
130072_1767735300,train-38,1,3
134040_1767735300,train-120,1,3
133957_1767735300,train-110,1,1
133957_1767735600,train-110,1,1
130072_1767735600,train-38,1,3
134040_1767735900,train-121,1,2
130072_1767735900,train-38,1,3
134040_1767736200,train-121,1,2
130072_1767736200,train-38,1,3
134040_1767736500,train-121,1,2
130072_1767736500,train-38,1,3
134040_1767736800,train-121,1,2
135081_1767736800,train-133,1,2
133957_1767736800,train-111,1,1
133957_1767737100,train-111,1,1
135081_1767737100,train-133,1,2
134040_1767737100,train-121,1,2
133957_1767737400,train-111,1,1
135081_1767737400,train-133,1,2
134040_1767737400,train-121,1,2
133957_1767737700,train-111,1,1
135081_1767737700,train-133,1,2
134040_1767737700,train-121,1,2
134040_1767738000,train-121,1,2
134494_1767738000,train-122,1,3
132430_1767738000,train-74,1,0
135081_1767738000,train-133,1,2
133957_1767738000,train-111,1,1
135081_1767738300,train-133,1,2
134040_1767738300,train-121,1,2
132430_1767738300,train-74,1,0
134494_1767738300,train-122,1,3
134494_1767738600,train-122,1,3
134040_1767738600,train-121,1,2
134494_1767738900,train-122,1,3
134040_1767738900,train-121,1,2
134494_1767739200,train-122,1,3
134040_1767739200,train-121,1,2
134040_1767739500,train-121,1,2
134494_1767739500,train-122,1,3
134040_1767739800,train-121,1,2
134494_1767739800,train-122,1,3
134494_1767740100,train-122,1,3
134040_1767740100,train-121,1,2
134040_1767740400,train-121,1,2
132430_1767740400,train-75,1,4
130072_1767740700,train-39,1,3
132430_1767740700,train-75,1,4
134040_1767740700,train-121,1,2
132430_1767741000,train-75,1,4
130072_1767741000,train-39,1,3
130072_1767741300,train-39,1,3
132430_1767741300,train-75,1,4
132430_1767741600,train-75,1,4
130072_1767741600,train-39,1,3
132430_1767741900,train-75,1,4
130072_1767741900,train-39,1,3
132430_1767742200,train-75,1,4
134494_1767742200,train-123,1,2
134494_1767742500,train-123,1,2
134494_1767742800,train-123,1,2
134494_1767743100,train-123,1,2
132430_1767743400,train-76,1,0
132430_1767743700,train-76,1,0
129964_1767665100,test-14,1,0
129964_1767665400,test-14,1,0
129964_1767665700,test-14,1,0
129964_1767666000,test-14,1,0
129964_1767666300,test-14,1,0
131672_1767666900,test-26,1,3
131672_1767667200,test-26,1,3
131672_1767667500,test-26,1,3
131672_1767667800,test-26,1,3
131672_1767668100,test-26,1,3
129964_1767668400,test-15,1,4
131672_1767668400,test-26,1,3
134040_1767668400,test-52,1,1
134040_1767668700,test-52,1,1
131672_1767668700,test-26,1,3
129964_1767669000,test-16,1,0
134040_1767669000,test-52,1,1
131672_1767669000,test-26,1,3
129964_1767669300,test-16,1,0
134040_1767669300,test-52,1,1
131672_1767669300,test-26,1,3
131672_1767669600,test-26,1,3
134040_1767669600,test-52,1,1
129964_1767669600,test-16,1,0
129964_1767669900,test-16,1,0
134040_1767669900,test-52,1,1
131672_1767672000,test-27,1,4
131672_1767672300,test-27,1,4
131672_1767672600,test-27,1,4
131672_1767672900,test-27,1,4
131672_1767673200,test-27,1,4
131672_1767673500,test-27,1,4
132430_1767673800,test-34,1,1
134040_1767673800,test-53,1,4
132430_1767674100,test-34,1,1
134040_1767674100,test-53,1,4
132430_1767674400,test-34,1,1
134040_1767674400,test-53,1,4
134040_1767674700,test-53,1,4
132430_1767674700,test-34,1,1
134040_1767675000,test-53,1,4
132430_1767675000,test-34,1,1
132430_1767675300,test-34,1,1
134040_1767675300,test-53,1,4
134040_1767675600,test-53,1,4
130238_1767675900,test-23,1,4
134040_1767675900,test-53,1,4
130238_1767676200,test-23,1,4
134040_1767676200,test-53,1,4
130238_1767676500,test-23,1,4
134040_1767676500,test-53,1,4
134040_1767676800,test-53,1,4
130238_1767676800,test-23,1,4
130238_1767677100,test-23,1,4
134040_1767677100,test-53,1,4
131672_1767677400,test-28,1,0
122048_1767679200,test-1,1,4
133300_1767679200,test-40,1,4
122048_1767679500,test-1,1,4
133300_1767679800,test-41,1,3
122048_1767679800,test-1,1,4
135081_1767679800,test-61,1,1
135081_1767680100,test-61,1,1
133300_1767680100,test-41,1,3
133300_1767680400,test-41,1,3
135081_1767680400,test-61,1,1
133300_1767680700,test-41,1,3
135081_1767680700,test-61,1,1
135081_1767681000,test-61,1,1
135081_1767681300,test-61,1,1
135081_1767681600,test-61,1,1
135081_1767681900,test-61,1,1
135081_1767682200,test-61,1,1
135081_1767682500,test-61,1,1
122048_1767682800,test-2,1,4
134040_1767682800,test-54,1,2
135081_1767682800,test-61,1,1
122048_1767683100,test-2,1,4
135081_1767683100,test-61,1,1
134040_1767683100,test-54,1,2
135081_1767683400,test-61,1,1
122048_1767683400,test-2,1,4
134040_1767683400,test-54,1,2
135081_1767683700,test-61,1,1
134040_1767683700,test-54,1,2
122048_1767683700,test-2,1,4
134040_1767684000,test-54,1,2
122048_1767684000,test-2,1,4
135081_1767684000,test-61,1,1
134040_1767684300,test-54,1,2
122048_1767684300,test-2,1,4
135081_1767684300,test-61,1,1
133957_1767684600,test-47,1,1
133957_1767684900,test-47,1,1
133957_1767685200,test-47,1,1
133957_1767685500,test-47,1,1
133957_1767685800,test-47,1,1
133957_1767686100,test-47,1,1
133957_1767686400,test-47,1,1
134040_1767686400,test-55,1,2
134040_1767686700,test-55,1,2
133957_1767686700,test-47,1,1
134040_1767687000,test-55,1,2
133957_1767687000,test-47,1,1
134040_1767687300,test-55,1,2
133957_1767687300,test-47,1,1
133957_1767687600,test-47,1,1
134040_1767687600,test-55,1,2
134040_1767687900,test-55,1,2
133957_1767687900,test-47,1,1
129964_1767688200,test-17,1,0
133957_1767688200,test-47,1,1
133957_1767688500,test-47,1,1
133957_1767688800,test-47,1,1
129964_1767688800,test-18,1,1
133957_1767689100,test-47,1,1
129964_1767689100,test-18,1,1
129964_1767689400,test-18,1,1
133957_1767689400,test-47,1,1
133957_1767689700,test-47,1,1
129964_1767689700,test-18,1,1
132430_1767690000,test-35,1,2
132430_1767690300,test-35,1,2
122613_1767691800,test-7,1,1
131672_1767691800,test-29,1,3
133300_1767691800,test-42,1,1
133300_1767692100,test-42,1,1
122613_1767692100,test-7,1,1
122613_1767692400,test-7,1,1
133300_1767692400,test-42,1,1
122613_1767692700,test-7,1,1
133300_1767692700,test-42,1,1
122613_1767693000,test-7,1,1
133300_1767693000,test-42,1,1
133300_1767693300,test-42,1,1
122613_1767693300,test-7,1,1
130238_1767693600,test-24,1,2
130238_1767695100,test-25,1,4
133300_1767695400,test-43,1,0
133300_1767695700,test-43,1,0
122658_1767695700,test-13,1,3
122658_1767696000,test-13,1,3
133300_1767696000,test-43,1,0
122658_1767696300,test-13,1,3
122658_1767696600,test-13,1,3
133300_1767696600,test-44,1,1
133300_1767696900,test-44,1,1
122658_1767696900,test-13,1,3
122613_1767697200,test-8,1,4
122658_1767697200,test-13,1,3
122048_1767697200,test-3,1,2
122613_1767697500,test-8,1,4
122048_1767697500,test-3,1,2
122658_1767697500,test-13,1,3
122613_1767697800,test-8,1,4
122658_1767697800,test-13,1,3
122048_1767697800,test-3,1,2
122658_1767698100,test-13,1,3
122048_1767698100,test-3,1,2
122613_1767698100,test-8,1,4
122613_1767698400,test-8,1,4
122048_1767698400,test-3,1,2
122658_1767698400,test-13,1,3
122658_1767698700,test-13,1,3
122048_1767698700,test-3,1,2
122613_1767698700,test-8,1,4
122658_1767699000,test-13,1,3
122658_1767699300,test-13,1,3
122658_1767699600,test-13,1,3
122658_1767699900,test-13,1,3
122658_1767700200,test-13,1,3
122658_1767700500,test-13,1,3
129964_1767700800,test-19,1,3
135081_1767700800,test-62,1,1
132430_1767700800,test-36,1,3
135081_1767701100,test-62,1,1
132430_1767701100,test-36,1,3
129964_1767701100,test-19,1,3
129964_1767701400,test-19,1,3
132430_1767701400,test-36,1,3
135081_1767701400,test-62,1,1
129964_1767701700,test-19,1,3
135081_1767701700,test-62,1,1
132430_1767701700,test-36,1,3
129964_1767702000,test-19,1,3
135081_1767702000,test-62,1,1
132430_1767702000,test-36,1,3
132430_1767702300,test-36,1,3
135081_1767702300,test-62,1,1
129964_1767702300,test-19,1,3
122613_1767702600,test-9,1,0
122613_1767702900,test-9,1,0
131672_1767704400,test-30,1,1
131672_1767704700,test-30,1,1
131672_1767705000,test-30,1,1
131672_1767705300,test-30,1,1
131672_1767705600,test-30,1,1
131672_1767705900,test-30,1,1
135081_1767706200,test-63,1,0
122613_1767706200,test-10,1,2
133957_1767706200,test-48,1,0
135081_1767706500,test-63,1,0
122613_1767706500,test-10,1,2
133957_1767706500,test-48,1,0
133957_1767706800,test-48,1,0
135081_1767706800,test-63,1,0
122613_1767706800,test-10,1,2
133957_1767707100,test-48,1,0
122613_1767707100,test-10,1,2
135081_1767707100,test-63,1,0
122613_1767707400,test-10,1,2
135081_1767707400,test-63,1,0
133957_1767707400,test-48,1,0
133957_1767707700,test-48,1,0
135081_1767707700,test-63,1,0
122613_1767707700,test-10,1,2
134040_1767708000,test-56,1,1
122048_1767708000,test-4,1,3
134040_1767708300,test-56,1,1
122048_1767708300,test-4,1,3
134040_1767708600,test-56,1,1
134040_1767708900,test-56,1,1
134040_1767709200,test-56,1,1
134040_1767709500,test-56,1,1
122048_1767709500,test-5,1,2
133957_1767710100,test-49,1,3
133957_1767710400,test-49,1,3
133957_1767710700,test-49,1,3
133957_1767711000,test-49,1,3
133957_1767711300,test-49,1,3
122048_1767711600,test-6,1,1
122613_1767711600,test-11,1,2
129964_1767711600,test-20,1,2
129964_1767711900,test-20,1,2
122613_1767711900,test-11,1,2
122048_1767711900,test-6,1,1
129964_1767712200,test-20,1,2
122048_1767712200,test-6,1,1
122048_1767712500,test-6,1,1
122613_1767712500,test-12,1,2
129964_1767712800,test-21,1,4
122048_1767712800,test-6,1,1
122613_1767712800,test-12,1,2
122613_1767713100,test-12,1,2
122048_1767713100,test-6,1,1
129964_1767713100,test-21,1,4
134040_1767713400,test-57,1,1
134040_1767713700,test-57,1,1
134040_1767714000,test-57,1,1
134040_1767714300,test-57,1,1
131672_1767715200,test-31,1,2
135081_1767715200,test-64,1,4
131672_1767715500,test-31,1,2
135081_1767715500,test-64,1,4
135081_1767715800,test-64,1,4
131672_1767715800,test-31,1,2
135081_1767716100,test-64,1,4
131672_1767716100,test-31,1,2
135081_1767716400,test-64,1,4
131672_1767716400,test-31,1,2
131672_1767716700,test-31,1,2
135081_1767716700,test-64,1,4
133300_1767717000,test-45,1,4
133957_1767717000,test-50,1,1
133957_1767717300,test-50,1,1
133300_1767717300,test-45,1,4
133957_1767717600,test-50,1,1
133300_1767717600,test-45,1,4
133957_1767717900,test-50,1,1
133300_1767717900,test-45,1,4
133957_1767718200,test-50,1,1
133300_1767718200,test-45,1,4
133300_1767718500,test-45,1,4
133957_1767718500,test-50,1,1
132430_1767720600,test-37,1,1
133300_1767720600,test-46,1,0
132430_1767720900,test-37,1,1
133300_1767720900,test-46,1,0
133300_1767721200,test-46,1,0
132430_1767721200,test-37,1,1
132430_1767721500,test-37,1,1
134040_1767721500,test-58,1,0
133300_1767721500,test-46,1,0
132430_1767721800,test-37,1,1
133300_1767721800,test-46,1,0
134040_1767721800,test-58,1,0
131672_1767721800,test-32,1,4
131672_1767722100,test-32,1,4
132430_1767722100,test-37,1,1
134040_1767722100,test-58,1,0
133300_1767722100,test-46,1,0
133957_1767722400,test-51,1,0
133957_1767722700,test-51,1,0
133957_1767723000,test-51,1,0
133957_1767723300,test-51,1,0
133957_1767723600,test-51,1,0
133957_1767723900,test-51,1,0
135081_1767724500,test-65,1,2
135081_1767724800,test-65,1,2
135081_1767725100,test-65,1,2
135081_1767725400,test-65,1,2
135081_1767725700,test-65,1,2
132430_1767726000,test-38,1,0
132430_1767726300,test-38,1,0
132430_1767726600,test-38,1,0
132430_1767726900,test-38,1,0
132430_1767727200,test-38,1,0
132430_1767727500,test-38,1,0
135081_1767727800,test-66,1,1
135081_1767728100,test-66,1,1
135081_1767728400,test-66,1,1
135081_1767728700,test-66,1,1
135081_1767729000,test-66,1,1
135081_1767729300,test-66,1,1
135081_1767729600,test-66,1,1
135081_1767729900,test-66,1,1
135081_1767730200,test-66,1,1
135081_1767730500,test-66,1,1
134040_1767730500,test-59,1,0
134040_1767730800,test-59,1,0
134040_1767731100,test-59,1,0
134040_1767731400,test-59,1,0
134040_1767731700,test-59,1,0
134040_1767732000,test-59,1,0
134040_1767732300,test-59,1,0
134040_1767732600,test-59,1,0
134040_1767732900,test-59,1,0
131672_1767733200,test-33,1,1
131672_1767733500,test-33,1,1
131672_1767733800,test-33,1,1
131672_1767734100,test-33,1,1
131672_1767734400,test-33,1,1
131672_1767734700,test-33,1,1
135081_1767735000,test-67,1,3
135081_1767735300,test-67,1,3
135081_1767735600,test-67,1,3
135081_1767735900,test-67,1,3
135081_1767736200,test-67,1,3
135081_1767736500,test-67,1,3
132430_1767738600,test-39,1,1
130072_1767738600,test-22,1,0
132430_1767738900,test-39,1,1
130072_1767738900,test-22,1,0
132430_1767739200,test-39,1,1
132430_1767739500,test-39,1,1
132430_1767739800,test-39,1,1
132430_1767740100,test-39,1,1
134494_1767740400,test-60,1,0
134494_1767740700,test-60,1,0
134494_1767741000,test-60,1,0
134494_1767741300,test-60,1,0
134494_1767741600,test-60,1,0
134494_1767741900,test-60,1,0
122048_1767665400,train-1,2,3
122048_1767665700,train-1,2,3
122048_1767666000,train-1,2,3
122048_1767666300,train-1,2,3
122048_1767666600,train-1,2,3
133957_1767666600,train-94,2,3
129964_1767666600,train-26,2,4
133957_1767666900,train-94,2,3
132430_1767666900,train-62,2,0
122048_1767666900,train-1,2,3
129964_1767666900,train-26,2,4
133957_1767667200,train-94,2,3
132430_1767667200,train-62,2,0
122048_1767667200,train-1,2,3
129964_1767667200,train-26,2,4
132430_1767667500,train-62,2,0
122048_1767667500,train-1,2,3
129964_1767667500,train-26,2,4
133957_1767667500,train-94,2,3
122048_1767667800,train-1,2,3
133957_1767667800,train-94,2,3
132430_1767667800,train-62,2,0
129964_1767667800,train-26,2,4
134040_1767667800,train-112,2,4
129964_1767668100,train-26,2,4
132430_1767668100,train-62,2,0
122048_1767668100,train-1,2,3
133957_1767668100,train-94,2,3
134040_1767668100,train-112,2,4
132430_1767668400,train-62,2,0
122048_1767668400,train-1,2,3
133957_1767668400,train-94,2,3
122048_1767668700,train-1,2,3
132430_1767668700,train-62,2,0
122048_1767669000,train-1,2,3
132430_1767669000,train-62,2,0
133957_1767669300,train-95,2,1
132430_1767669300,train-62,2,0
122048_1767669300,train-1,2,3
122048_1767669600,train-1,2,3
133957_1767669600,train-95,2,1
132430_1767669600,train-62,2,0
133957_1767669900,train-95,2,1
122048_1767669900,train-1,2,3
132430_1767669900,train-62,2,0
133957_1767670200,train-95,2,1
134040_1767670200,train-113,2,2
129964_1767670200,train-27,2,2
135081_1767670200,train-124,2,2
122048_1767670200,train-1,2,3
122048_1767670500,train-1,2,3
129964_1767670500,train-27,2,2
133957_1767670500,train-95,2,1
134040_1767670500,train-113,2,2
135081_1767670500,train-124,2,2
132430_1767670500,train-63,2,1
135081_1767670800,train-124,2,2
129964_1767670800,train-27,2,2
133957_1767670800,train-95,2,1
122048_1767670800,train-1,2,3
134040_1767670800,train-113,2,2
132430_1767670800,train-63,2,1
134040_1767671100,train-113,2,2
133957_1767671100,train-95,2,1
129964_1767671100,train-27,2,2
132430_1767671100,train-63,2,1
122048_1767671100,train-1,2,3
135081_1767671100,train-124,2,2
122048_1767671400,train-1,2,3
129964_1767671400,train-27,2,2
132430_1767671400,train-63,2,1
134040_1767671400,train-113,2,2
133957_1767671400,train-95,2,1
135081_1767671400,train-124,2,2
135081_1767671700,train-124,2,2
132430_1767671700,train-63,2,1
133957_1767671700,train-95,2,1
134040_1767671700,train-113,2,2
122048_1767671700,train-1,2,3
129964_1767671700,train-27,2,2
135081_1767672000,train-124,2,2
132430_1767672000,train-63,2,1
129964_1767672000,train-27,2,2
133957_1767672000,train-95,2,1
135081_1767672300,train-124,2,2
133957_1767672300,train-95,2,1
122048_1767672300,train-2,2,3
132430_1767672300,train-63,2,1
129964_1767672300,train-27,2,2
133957_1767672600,train-95,2,1
135081_1767672600,train-124,2,2
122048_1767672600,train-2,2,3
132430_1767672600,train-63,2,1
133957_1767672900,train-95,2,1
122048_1767672900,train-2,2,3
132430_1767672900,train-63,2,1
130238_1767672900,train-40,2,2
135081_1767672900,train-124,2,2
129964_1767672900,train-28,2,1
129964_1767673200,train-28,2,1
130238_1767673200,train-40,2,2
122048_1767673200,train-2,2,3
132430_1767673200,train-63,2,1
135081_1767673200,train-124,2,2
129964_1767673500,train-28,2,1
122048_1767673500,train-2,2,3
132430_1767673500,train-63,2,1
130238_1767673500,train-40,2,2
135081_1767673500,train-124,2,2
130238_1767673800,train-40,2,2
131672_1767673800,train-50,2,3
133957_1767673800,train-96,2,4
129964_1767673800,train-28,2,1
135081_1767673800,train-124,2,2
129964_1767674100,train-28,2,1
130238_1767674100,train-40,2,2
135081_1767674100,train-124,2,2
131672_1767674100,train-50,2,3
133957_1767674100,train-96,2,4
133957_1767674400,train-96,2,4
135081_1767674400,train-124,2,2
129964_1767674400,train-28,2,1
131672_1767674400,train-50,2,3
130238_1767674400,train-40,2,2
130238_1767674700,train-40,2,2
131672_1767674700,train-50,2,3
133957_1767674700,train-96,2,4
135081_1767674700,train-124,2,2
129964_1767674700,train-28,2,1
130238_1767675000,train-40,2,2
135081_1767675000,train-124,2,2
129964_1767675000,train-28,2,1
131672_1767675000,train-50,2,3
133300_1767675000,train-77,2,2
133957_1767675000,train-96,2,4
135081_1767675300,train-124,2,2
133300_1767675300,train-77,2,2
131672_1767675300,train-50,2,3
129964_1767675300,train-28,2,1
133957_1767675300,train-96,2,4
133957_1767675600,train-96,2,4
122048_1767675600,train-3,2,2
133300_1767675600,train-77,2,2
129964_1767675600,train-28,2,1
135081_1767675600,train-124,2,2
133300_1767675900,train-77,2,2
122048_1767675900,train-3,2,2
129964_1767675900,train-28,2,1
133957_1767675900,train-96,2,4
135081_1767675900,train-124,2,2
133300_1767676200,train-77,2,2
129964_1767676200,train-28,2,1
135081_1767676200,train-124,2,2
133957_1767676200,train-96,2,4
122048_1767676200,train-3,2,2
135081_1767676500,train-124,2,2
122048_1767676500,train-3,2,2
133300_1767676500,train-77,2,2
133957_1767676500,train-96,2,4
133300_1767676800,train-77,2,2
122048_1767676800,train-3,2,2
133957_1767676800,train-96,2,4
122048_1767677100,train-3,2,2
133957_1767677100,train-96,2,4
122048_1767677400,train-3,2,2
133957_1767677400,train-96,2,4
133300_1767677400,train-78,2,1
130238_1767677400,train-41,2,4
134040_1767677400,train-114,2,2
122048_1767677700,train-3,2,2
134040_1767677700,train-114,2,2
133300_1767677700,train-78,2,1
130238_1767677700,train-41,2,4
130238_1767678000,train-41,2,4
133300_1767678000,train-78,2,1
134040_1767678000,train-114,2,2
122048_1767678000,train-3,2,2
133300_1767678300,train-78,2,1
130238_1767678300,train-41,2,4
122048_1767678300,train-3,2,2
133300_1767678600,train-78,2,1
122048_1767678600,train-3,2,2
133300_1767678900,train-78,2,1
122048_1767678900,train-3,2,2
133957_1767679500,train-97,2,0
130238_1767679500,train-42,2,4
130238_1767679800,train-42,2,4
133957_1767679800,train-97,2,0
132430_1767679800,train-64,2,2
134040_1767679800,train-115,2,1
132430_1767680100,train-64,2,2
134040_1767680100,train-115,2,1
133957_1767680100,train-97,2,0
130238_1767680100,train-42,2,4
134040_1767680400,train-115,2,1
133957_1767680400,train-97,2,0
130238_1767680400,train-42,2,4
132430_1767680400,train-64,2,2
129964_1767680400,train-29,2,0
134040_1767680700,train-115,2,1
132430_1767680700,train-64,2,2
133957_1767680700,train-97,2,0
130238_1767680700,train-42,2,4
129964_1767680700,train-29,2,0
133957_1767681000,train-97,2,0
129964_1767681000,train-29,2,0
132430_1767681000,train-64,2,2
130238_1767681000,train-42,2,4
122658_1767681000,train-19,2,2
133300_1767681000,train-79,2,2
134040_1767681000,train-115,2,1
134040_1767681300,train-115,2,1
129964_1767681300,train-29,2,0
132430_1767681300,train-64,2,2
133300_1767681300,train-79,2,2
122658_1767681300,train-19,2,2
130238_1767681300,train-42,2,4
133957_1767681300,train-97,2,0
130238_1767681600,train-42,2,4
133300_1767681600,train-79,2,2
134040_1767681600,train-115,2,1
133957_1767681600,train-97,2,0
132430_1767681600,train-64,2,2
122658_1767681600,train-19,2,2
129964_1767681600,train-29,2,0
131672_1767681900,train-51,2,3
133300_1767681900,train-79,2,2
130238_1767681900,train-42,2,4
134040_1767681900,train-115,2,1
129964_1767681900,train-29,2,0
122658_1767681900,train-19,2,2
133957_1767681900,train-97,2,0
132430_1767681900,train-64,2,2
133957_1767682200,train-97,2,0
133300_1767682200,train-79,2,2
131672_1767682200,train-51,2,3
134040_1767682200,train-115,2,1
129964_1767682200,train-29,2,0
132430_1767682200,train-64,2,2
122658_1767682200,train-19,2,2
129964_1767682500,train-29,2,0
132430_1767682500,train-64,2,2
133300_1767682500,train-79,2,2
131672_1767682500,train-51,2,3
133957_1767682500,train-97,2,0
122658_1767682500,train-19,2,2
134040_1767682500,train-115,2,1
133957_1767682800,train-97,2,0
132430_1767682800,train-64,2,2
122658_1767682800,train-19,2,2
133300_1767682800,train-79,2,2
131672_1767682800,train-51,2,3
129964_1767682800,train-29,2,0
133957_1767683100,train-97,2,0
133300_1767683100,train-79,2,2
131672_1767683100,train-51,2,3
132430_1767683100,train-64,2,2
129964_1767683100,train-29,2,0
122658_1767683100,train-19,2,2
129964_1767683400,train-29,2,0
131672_1767683400,train-51,2,3
122658_1767683400,train-19,2,2
132430_1767683400,train-64,2,2
133300_1767683400,train-79,2,2
129964_1767683700,train-29,2,0
133300_1767683700,train-79,2,2
133957_1767683700,train-98,2,0
122658_1767683700,train-19,2,2
132430_1767683700,train-64,2,2
131672_1767683700,train-51,2,3
122658_1767684000,train-19,2,2
131672_1767684000,train-51,2,3
133957_1767684000,train-98,2,0
133300_1767684000,train-79,2,2
129964_1767684000,train-29,2,0
132430_1767684000,train-64,2,2
133300_1767684300,train-79,2,2
122658_1767684300,train-19,2,2
132430_1767684300,train-64,2,2
130238_1767684300,train-43,2,3
133957_1767684300,train-98,2,0
131672_1767684300,train-51,2,3
131672_1767684600,train-51,2,3
129964_1767684600,train-30,2,4
122658_1767684600,train-19,2,2
135081_1767684600,train-125,2,1
132430_1767684600,train-64,2,2
122048_1767684600,train-4,2,0
133300_1767684600,train-79,2,2
131672_1767684900,train-51,2,3
135081_1767684900,train-125,2,1
122048_1767684900,train-4,2,0
129964_1767684900,train-30,2,4
132430_1767684900,train-64,2,2
133300_1767684900,train-79,2,2
122658_1767684900,train-19,2,2
135081_1767685200,train-125,2,1
122048_1767685200,train-4,2,0
133300_1767685200,train-79,2,2
122658_1767685200,train-19,2,2
131672_1767685200,train-51,2,3
129964_1767685200,train-30,2,4
122048_1767685500,train-4,2,0
129964_1767685500,train-30,2,4
132430_1767685500,train-65,2,3
135081_1767685500,train-125,2,1
122658_1767685500,train-19,2,2
133300_1767685500,train-79,2,2
135081_1767685800,train-125,2,1
133300_1767685800,train-79,2,2
132430_1767685800,train-65,2,3
129964_1767685800,train-30,2,4
122048_1767685800,train-4,2,0
122658_1767685800,train-19,2,2
135081_1767686100,train-125,2,1
132430_1767686100,train-65,2,3
122048_1767686100,train-4,2,0
122658_1767686100,train-19,2,2
129964_1767686100,train-30,2,4
133300_1767686400,train-80,2,2
132430_1767686400,train-65,2,3
130238_1767686400,train-44,2,2
129964_1767686400,train-30,2,4
122048_1767686400,train-4,2,0
130238_1767686700,train-44,2,2
122048_1767686700,train-4,2,0
132430_1767686700,train-65,2,3
129964_1767686700,train-30,2,4
122048_1767687000,train-4,2,0
132430_1767687000,train-65,2,3
129964_1767687000,train-30,2,4
132430_1767687300,train-65,2,3
122048_1767687300,train-4,2,0
129964_1767687300,train-30,2,4
132430_1767687600,train-65,2,3
122048_1767687600,train-4,2,0
129964_1767687600,train-30,2,4
129964_1767687900,train-30,2,4
132430_1767687900,train-65,2,3
122048_1767687900,train-4,2,0
122658_1767688200,train-20,2,0
131672_1767688200,train-52,2,3
130238_1767688200,train-45,2,4
132430_1767688200,train-65,2,3
122048_1767688200,train-4,2,0
134040_1767688200,train-116,2,0
122048_1767688500,train-4,2,0
122658_1767688500,train-20,2,0
134040_1767688500,train-116,2,0
131672_1767688500,train-52,2,3
130238_1767688500,train-45,2,4
132430_1767688500,train-65,2,3
122048_1767688800,train-4,2,0
134040_1767688800,train-116,2,0
132430_1767688800,train-65,2,3
131672_1767688800,train-52,2,3
122658_1767688800,train-20,2,0
130238_1767688800,train-45,2,4
131672_1767689100,train-52,2,3
122658_1767689100,train-20,2,0
134040_1767689100,train-116,2,0
122048_1767689100,train-4,2,0
132430_1767689100,train-65,2,3
130238_1767689100,train-45,2,4
122658_1767689400,train-20,2,0
131672_1767689400,train-52,2,3
130238_1767689400,train-45,2,4
133300_1767689400,train-81,2,3
134040_1767689400,train-116,2,0
132430_1767689400,train-65,2,3
122048_1767689400,train-4,2,0
130238_1767689700,train-45,2,4
122658_1767689700,train-20,2,0
122613_1767689700,train-12,2,0
122048_1767689700,train-4,2,0
132430_1767689700,train-65,2,3
134040_1767689700,train-116,2,0
133300_1767689700,train-81,2,3
131672_1767689700,train-52,2,3
122048_1767690000,train-4,2,0
134040_1767690000,train-116,2,0
122658_1767690000,train-20,2,0
129964_1767690000,train-31,2,2
131672_1767690000,train-52,2,3
130238_1767690000,train-45,2,4
133300_1767690000,train-81,2,3
133957_1767690000,train-99,2,0
122048_1767690300,train-4,2,0
129964_1767690300,train-31,2,2
130238_1767690300,train-45,2,4
133300_1767690300,train-81,2,3
122658_1767690300,train-20,2,0
134040_1767690300,train-116,2,0
131672_1767690300,train-52,2,3
133957_1767690300,train-99,2,0
130238_1767690600,train-45,2,4
133300_1767690600,train-81,2,3
131672_1767690600,train-52,2,3
122658_1767690600,train-20,2,0
129964_1767690600,train-31,2,2
133957_1767690600,train-99,2,0
122658_1767690900,train-20,2,0
133300_1767690900,train-81,2,3
133957_1767690900,train-99,2,0
131672_1767690900,train-52,2,3
129964_1767690900,train-31,2,2
131672_1767691200,train-52,2,3
129964_1767691200,train-31,2,2
133957_1767691200,train-99,2,0
130238_1767691200,train-46,2,4
133300_1767691200,train-81,2,3
129964_1767691500,train-31,2,2
131672_1767691500,train-52,2,3
130238_1767691500,train-46,2,4
133957_1767691800,train-100,2,1
129964_1767691800,train-31,2,2
122048_1767691800,train-5,2,4
130238_1767691800,train-46,2,4
130238_1767692100,train-46,2,4
133957_1767692100,train-100,2,1
129964_1767692100,train-31,2,2
122048_1767692100,train-5,2,4
129964_1767692400,train-31,2,2
130238_1767692400,train-46,2,4
133957_1767692400,train-100,2,1
122048_1767692400,train-5,2,4
130238_1767692700,train-46,2,4
122048_1767692700,train-5,2,4
133957_1767692700,train-100,2,1
130238_1767693000,train-46,2,4
122048_1767693000,train-5,2,4
133957_1767693000,train-100,2,1
130238_1767693300,train-46,2,4
132430_1767693300,train-66,2,0
133957_1767693300,train-100,2,1
122048_1767693300,train-5,2,4
122613_1767693600,train-13,2,1
122048_1767693600,train-5,2,4
133300_1767693600,train-82,2,3
132430_1767693600,train-66,2,0
133957_1767693600,train-100,2,1
122613_1767693900,train-13,2,1
122048_1767693900,train-5,2,4
133957_1767693900,train-100,2,1
132430_1767693900,train-66,2,0
133300_1767694200,train-83,2,4
122613_1767694200,train-13,2,1
122048_1767694200,train-5,2,4
132430_1767694200,train-66,2,0
133957_1767694200,train-100,2,1
122613_1767694500,train-13,2,1
132430_1767694500,train-66,2,0
133957_1767694500,train-100,2,1
122048_1767694500,train-5,2,4
133300_1767694500,train-83,2,4
132430_1767694800,train-66,2,0
133957_1767694800,train-100,2,1
122048_1767694800,train-5,2,4
122613_1767694800,train-13,2,1
133300_1767694800,train-83,2,4
122613_1767695100,train-13,2,1
122048_1767695100,train-5,2,4
133300_1767695100,train-83,2,4
132430_1767695100,train-66,2,0
133957_1767695100,train-100,2,1
132430_1767695400,train-66,2,0
129964_1767695400,train-32,2,3
130238_1767695400,train-47,2,3
122613_1767695400,train-13,2,1
133957_1767695400,train-100,2,1
129964_1767695700,train-32,2,3
132430_1767695700,train-66,2,0
130238_1767695700,train-47,2,3
122613_1767695700,train-13,2,1
129964_1767696000,train-32,2,3
133957_1767696000,train-101,2,0
132430_1767696000,train-66,2,0
130238_1767696000,train-47,2,3
132430_1767696300,train-66,2,0
129964_1767696300,train-32,2,3
133957_1767696300,train-101,2,0
130238_1767696300,train-47,2,3
132430_1767696600,train-66,2,0
129964_1767696600,train-32,2,3
133957_1767696600,train-101,2,0
130238_1767696600,train-47,2,3
129964_1767696900,train-32,2,3
122613_1767696900,train-14,2,3
133957_1767696900,train-101,2,0
132430_1767696900,train-66,2,0
130238_1767696900,train-47,2,3
132430_1767697200,train-66,2,0
133300_1767697200,train-84,2,1
133957_1767697200,train-101,2,0
129964_1767697200,train-32,2,3
130238_1767697200,train-47,2,3
129964_1767697500,train-32,2,3
133957_1767697500,train-101,2,0
132430_1767697500,train-66,2,0
130238_1767697500,train-47,2,3
133300_1767697500,train-84,2,1
133957_1767697800,train-101,2,0
135081_1767697800,train-126,2,0
132430_1767697800,train-66,2,0
133300_1767697800,train-84,2,1
129964_1767697800,train-32,2,3
135081_1767698100,train-126,2,0
133300_1767698100,train-84,2,1
132430_1767698100,train-66,2,0
133957_1767698100,train-101,2,0
131672_1767698100,train-53,2,3
129964_1767698100,train-32,2,3
135081_1767698400,train-126,2,0
129964_1767698400,train-32,2,3
132430_1767698400,train-66,2,0
131672_1767698400,train-53,2,3
133957_1767698400,train-101,2,0
133300_1767698400,train-84,2,1
131672_1767698700,train-53,2,3
129964_1767698700,train-32,2,3
135081_1767698700,train-126,2,0
133957_1767698700,train-101,2,0
133957_1767699000,train-101,2,0
129964_1767699000,train-32,2,3
132430_1767699000,train-67,2,1
135081_1767699000,train-126,2,0
122613_1767699000,train-15,2,1
131672_1767699000,train-53,2,3
132430_1767699300,train-67,2,1
122613_1767699300,train-15,2,1
129964_1767699300,train-32,2,3
133957_1767699300,train-101,2,0
131672_1767699300,train-53,2,3
135081_1767699300,train-126,2,0
131672_1767699600,train-53,2,3
133957_1767699600,train-101,2,0
135081_1767699600,train-126,2,0
132430_1767699600,train-67,2,1
122613_1767699600,train-15,2,1
135081_1767699900,train-126,2,0
129964_1767699900,train-33,2,1
132430_1767699900,train-67,2,1
131672_1767699900,train-53,2,3
133957_1767699900,train-101,2,0
122613_1767699900,train-15,2,1
131672_1767700200,train-53,2,3
129964_1767700200,train-33,2,1
133957_1767700200,train-101,2,0
135081_1767700200,train-126,2,0
132430_1767700200,train-67,2,1
122613_1767700200,train-15,2,1
129964_1767700500,train-33,2,1
132430_1767700500,train-67,2,1
133957_1767700500,train-101,2,0
131672_1767700500,train-53,2,3
122613_1767700500,train-15,2,1
135081_1767700500,train-126,2,0
122048_1767700800,train-6,2,3
131672_1767700800,train-53,2,3
133300_1767700800,train-85,2,0
122613_1767700800,train-15,2,1
122658_1767700800,train-21,2,3
122048_1767701100,train-6,2,3
122658_1767701100,train-21,2,3
122613_1767701100,train-15,2,1
131672_1767701100,train-53,2,3
122613_1767701400,train-15,2,1
122048_1767701400,train-6,2,3
133300_1767701400,train-86,2,0
131672_1767701400,train-53,2,3
133300_1767701700,train-86,2,0
122658_1767701700,train-22,2,3
122048_1767701700,train-6,2,3
122613_1767701700,train-15,2,1
122658_1767702000,train-22,2,3
133300_1767702000,train-86,2,0
122613_1767702000,train-15,2,1
122048_1767702000,train-6,2,3
122658_1767702300,train-22,2,3
122048_1767702300,train-6,2,3
122613_1767702300,train-15,2,1
133300_1767702300,train-86,2,0
133957_1767702600,train-102,2,4
133300_1767702600,train-86,2,0
132430_1767702600,train-68,2,4
122658_1767702600,train-22,2,3
122048_1767702600,train-6,2,3
135081_1767702600,train-127,2,3
135081_1767702900,train-127,2,3
133300_1767702900,train-86,2,0
122658_1767702900,train-22,2,3
122048_1767702900,train-6,2,3
133957_1767702900,train-102,2,4
132430_1767702900,train-68,2,4
134040_1767703200,train-117,2,2
122658_1767703200,train-22,2,3
131672_1767703200,train-54,2,0
132430_1767703200,train-68,2,4
122048_1767703200,train-6,2,3
133957_1767703200,train-102,2,4
133300_1767703200,train-86,2,0
135081_1767703200,train-127,2,3
133957_1767703500,train-102,2,4
132430_1767703500,train-68,2,4
134040_1767703500,train-117,2,2
122658_1767703500,train-22,2,3
131672_1767703500,train-54,2,0
122048_1767703500,train-6,2,3
135081_1767703500,train-127,2,3
132430_1767703800,train-68,2,4
122658_1767703800,train-22,2,3
135081_1767703800,train-127,2,3
131672_1767703800,train-54,2,0
134040_1767703800,train-117,2,2
133957_1767703800,train-102,2,4
133300_1767703800,train-87,2,2
122048_1767703800,train-6,2,3
131672_1767704100,train-54,2,0
132430_1767704100,train-68,2,4
133957_1767704100,train-102,2,4
135081_1767704100,train-127,2,3
122658_1767704100,train-22,2,3
134040_1767704100,train-117,2,2
122048_1767704100,train-6,2,3
122048_1767704400,train-6,2,3
134040_1767704400,train-117,2,2
135081_1767704400,train-127,2,3
122658_1767704400,train-22,2,3
129964_1767704400,train-34,2,0
122048_1767704700,train-6,2,3
132430_1767704700,train-69,2,2
134040_1767704700,train-117,2,2
122658_1767704700,train-22,2,3
129964_1767704700,train-34,2,0
134040_1767705000,train-117,2,2
122658_1767705000,train-22,2,3
122048_1767705000,train-6,2,3
129964_1767705000,train-34,2,0
132430_1767705000,train-69,2,2
132430_1767705300,train-69,2,2
122048_1767705300,train-6,2,3
129964_1767705300,train-34,2,0
134040_1767705300,train-117,2,2
132430_1767705600,train-69,2,2
133957_1767705600,train-103,2,0
129964_1767705600,train-34,2,0
122658_1767705600,train-23,2,4
122048_1767705600,train-6,2,3
134040_1767705600,train-117,2,2
122613_1767705900,train-16,2,4
133957_1767705900,train-103,2,0
132430_1767705900,train-69,2,2
129964_1767705900,train-34,2,0
122658_1767705900,train-23,2,4
134040_1767705900,train-117,2,2
122048_1767705900,train-6,2,3
135081_1767705900,train-128,2,4
122048_1767706200,train-6,2,3
131672_1767706200,train-55,2,1
129964_1767706200,train-34,2,0
132430_1767706200,train-69,2,2
134040_1767706200,train-117,2,2
134040_1767706500,train-117,2,2
132430_1767706500,train-69,2,2
131672_1767706500,train-55,2,1
122048_1767706500,train-6,2,3
129964_1767706500,train-34,2,0
129964_1767706800,train-34,2,0
134040_1767706800,train-117,2,2
122048_1767706800,train-6,2,3
132430_1767706800,train-69,2,2
134040_1767707100,train-117,2,2
129964_1767707100,train-34,2,0
122048_1767707100,train-6,2,3
132430_1767707100,train-69,2,2
122048_1767707400,train-6,2,3
134040_1767707400,train-117,2,2
129964_1767707400,train-34,2,0
132430_1767707400,train-69,2,2
122048_1767707700,train-6,2,3
134040_1767707700,train-117,2,2
132430_1767707700,train-69,2,2
129964_1767707700,train-34,2,0
133957_1767708000,train-104,2,2
132430_1767708000,train-69,2,2
129964_1767708000,train-34,2,0
122613_1767708000,train-17,2,3
135081_1767708000,train-129,2,3
133957_1767708300,train-104,2,2
122613_1767708300,train-17,2,3
132430_1767708300,train-69,2,2
135081_1767708300,train-129,2,3
129964_1767708600,train-35,2,0
122613_1767708600,train-17,2,3
135081_1767708600,train-129,2,3
131672_1767708600,train-56,2,1
132430_1767708600,train-69,2,2
133957_1767708600,train-104,2,2
131672_1767708900,train-56,2,1
132430_1767708900,train-69,2,2
122613_1767708900,train-17,2,3
135081_1767708900,train-129,2,3
129964_1767708900,train-35,2,0
133957_1767708900,train-104,2,2
132430_1767709200,train-69,2,2
122613_1767709200,train-17,2,3
135081_1767709200,train-129,2,3
133957_1767709200,train-104,2,2
131672_1767709200,train-56,2,1
129964_1767709200,train-35,2,0
131672_1767709500,train-56,2,1
132430_1767709500,train-69,2,2
122613_1767709500,train-17,2,3
135081_1767709500,train-129,2,3
129964_1767709500,train-35,2,0
122613_1767709800,train-17,2,3
135081_1767709800,train-129,2,3
134040_1767709800,train-118,2,0
132430_1767709800,train-69,2,2
129964_1767709800,train-35,2,0
122613_1767710100,train-17,2,3
129964_1767710100,train-35,2,0
135081_1767710100,train-129,2,3
134040_1767710100,train-118,2,0
122613_1767710400,train-17,2,3
132430_1767710400,train-70,2,1
134040_1767710400,train-118,2,0
129964_1767710400,train-35,2,0
135081_1767710400,train-129,2,3
135081_1767710700,train-129,2,3
122613_1767710700,train-17,2,3
134040_1767710700,train-118,2,0
132430_1767710700,train-70,2,1
129964_1767710700,train-35,2,0
134040_1767711000,train-118,2,0
129964_1767711000,train-35,2,0
132430_1767711000,train-70,2,1
122613_1767711000,train-17,2,3
135081_1767711000,train-129,2,3
134040_1767711300,train-118,2,0
129964_1767711300,train-35,2,0
122613_1767711300,train-17,2,3
132430_1767711300,train-70,2,1
135081_1767711300,train-129,2,3
135081_1767711600,train-129,2,3
131672_1767711600,train-57,2,2
133957_1767711600,train-105,2,0
132430_1767711600,train-70,2,1
134040_1767711600,train-118,2,0
133957_1767711900,train-105,2,0
134040_1767711900,train-118,2,0
131672_1767711900,train-57,2,2
132430_1767711900,train-70,2,1
135081_1767711900,train-129,2,3
132430_1767712200,train-70,2,1
135081_1767712200,train-129,2,3
133300_1767712200,train-88,2,4
134040_1767712200,train-118,2,0
133957_1767712200,train-105,2,0
133957_1767712500,train-105,2,0
135081_1767712500,train-129,2,3
133300_1767712500,train-88,2,4
132430_1767712500,train-70,2,1
134040_1767712500,train-118,2,0
130238_1767712500,train-48,2,0
134040_1767712800,train-118,2,0
130238_1767712800,train-48,2,0
132430_1767712800,train-70,2,1
133300_1767712800,train-88,2,4
133957_1767712800,train-105,2,0
134040_1767713100,train-118,2,0
130238_1767713100,train-48,2,0
132430_1767713100,train-70,2,1
133300_1767713100,train-88,2,4
133957_1767713100,train-105,2,0
122658_1767713100,train-24,2,4
122613_1767713400,train-18,2,2
122658_1767713400,train-24,2,4
131672_1767713400,train-58,2,4
130238_1767713400,train-48,2,0
133957_1767713400,train-105,2,0
122048_1767713400,train-7,2,2
129964_1767713400,train-36,2,3
122613_1767713700,train-18,2,2
131672_1767713700,train-58,2,4
129964_1767713700,train-36,2,3
133957_1767713700,train-105,2,0
122658_1767713700,train-24,2,4
122048_1767713700,train-7,2,2
130238_1767713700,train-48,2,0
122613_1767714000,train-18,2,2
131672_1767714000,train-58,2,4
122048_1767714000,train-7,2,2
130238_1767714000,train-48,2,0
122658_1767714000,train-24,2,4
129964_1767714000,train-36,2,3
122613_1767714300,train-18,2,2
130238_1767714300,train-48,2,0
129964_1767714300,train-36,2,3
122048_1767714300,train-7,2,2
131672_1767714300,train-58,2,4
122658_1767714300,train-24,2,4
122048_1767714600,train-7,2,2
129964_1767714600,train-36,2,3
122613_1767714600,train-18,2,2
130238_1767714600,train-48,2,0
122658_1767714600,train-24,2,4
131672_1767714600,train-58,2,4
122613_1767714900,train-18,2,2
130238_1767714900,train-48,2,0
122658_1767714900,train-24,2,4
129964_1767714900,train-36,2,3
122048_1767714900,train-7,2,2
131672_1767714900,train-58,2,4
122048_1767715200,train-7,2,2
122658_1767715200,train-24,2,4
132430_1767715200,train-71,2,3
122613_1767715200,train-18,2,2
133300_1767715200,train-89,2,3
129964_1767715200,train-36,2,3
130238_1767715200,train-48,2,0
122658_1767715500,train-24,2,4
132430_1767715500,train-71,2,3
122048_1767715500,train-7,2,2
129964_1767715500,train-36,2,3
122613_1767715500,train-18,2,2
133300_1767715500,train-89,2,3
122613_1767715800,train-18,2,2
133300_1767715800,train-89,2,3
122048_1767715800,train-7,2,2
122658_1767715800,train-24,2,4
129964_1767715800,train-36,2,3
133300_1767716100,train-89,2,3
122613_1767716100,train-18,2,2
129964_1767716100,train-36,2,3
122048_1767716100,train-7,2,2
122658_1767716100,train-24,2,4
133300_1767716400,train-89,2,3
122048_1767716400,train-7,2,2
129964_1767716400,train-36,2,3
133957_1767716400,train-106,2,1
122613_1767716400,train-18,2,2
130238_1767716400,train-49,2,4
122658_1767716400,train-24,2,4
122613_1767716700,train-18,2,2
133957_1767716700,train-106,2,1
130238_1767716700,train-49,2,4
122048_1767716700,train-7,2,2
129964_1767716700,train-36,2,3
122658_1767716700,train-24,2,4
122658_1767717000,train-24,2,4
130238_1767717000,train-49,2,4
135081_1767717000,train-130,2,1
122613_1767717000,train-18,2,2
129964_1767717300,train-37,2,2
135081_1767717300,train-130,2,1
130238_1767717300,train-49,2,4
122613_1767717300,train-18,2,2
122613_1767717600,train-18,2,2
130238_1767717600,train-49,2,4
135081_1767717600,train-130,2,1
129964_1767717600,train-37,2,2
122658_1767717600,train-25,2,0
135081_1767717900,train-130,2,1
122613_1767717900,train-18,2,2
122658_1767717900,train-25,2,0
129964_1767717900,train-37,2,2
130238_1767717900,train-49,2,4
129964_1767718200,train-37,2,2
130238_1767718200,train-49,2,4
122613_1767718200,train-18,2,2
122658_1767718200,train-25,2,0
135081_1767718200,train-130,2,1
122658_1767718500,train-25,2,0
122613_1767718500,train-18,2,2
129964_1767718500,train-37,2,2
135081_1767718500,train-130,2,1
130238_1767718500,train-49,2,4
130238_1767718800,train-49,2,4
133957_1767718800,train-107,2,0
122658_1767718800,train-25,2,0
129964_1767718800,train-37,2,2
135081_1767718800,train-130,2,1
133300_1767718800,train-90,2,4
129964_1767719100,train-37,2,2
135081_1767719100,train-130,2,1
130238_1767719100,train-49,2,4
133957_1767719100,train-107,2,0
122658_1767719100,train-25,2,0
122658_1767719400,train-25,2,0
135081_1767719400,train-130,2,1
133957_1767719400,train-107,2,0
130238_1767719400,train-49,2,4
133300_1767719400,train-91,2,3
129964_1767719400,train-37,2,2
135081_1767719700,train-130,2,1
122658_1767719700,train-25,2,0
130238_1767719700,train-49,2,4
129964_1767719700,train-37,2,2
133957_1767719700,train-107,2,0
133300_1767719700,train-91,2,3
133300_1767720000,train-91,2,3
122048_1767720000,train-8,2,4
133957_1767720000,train-107,2,0
130238_1767720000,train-49,2,4
122658_1767720000,train-25,2,0
129964_1767720000,train-37,2,2
135081_1767720000,train-130,2,1
133300_1767720300,train-91,2,3
129964_1767720300,train-37,2,2
135081_1767720300,train-130,2,1
122048_1767720300,train-8,2,4
130238_1767720300,train-49,2,4
122658_1767720300,train-25,2,0
122048_1767720600,train-8,2,4
129964_1767720600,train-37,2,2
122658_1767720600,train-25,2,0
135081_1767720600,train-130,2,1
130238_1767720600,train-49,2,4
122048_1767720900,train-8,2,4
135081_1767720900,train-130,2,1
133957_1767720900,train-108,2,2
130238_1767720900,train-49,2,4
122658_1767720900,train-25,2,0
129964_1767720900,train-37,2,2
130238_1767721200,train-49,2,4
133957_1767721200,train-108,2,2
122048_1767721200,train-8,2,4
122658_1767721200,train-25,2,0
135081_1767721200,train-130,2,1
135081_1767721500,train-130,2,1
122048_1767721500,train-8,2,4
130238_1767721500,train-49,2,4
133957_1767721500,train-108,2,2
122048_1767721800,train-8,2,4
133957_1767721800,train-108,2,2
135081_1767721800,train-130,2,1
122048_1767722100,train-8,2,4
133957_1767722100,train-108,2,2
132430_1767722400,train-72,2,4
133300_1767722400,train-92,2,3
134040_1767722400,train-119,2,0
122048_1767722400,train-8,2,4
134040_1767722700,train-119,2,0
133300_1767722700,train-92,2,3
122048_1767722700,train-8,2,4
132430_1767722700,train-72,2,4
133300_1767723000,train-92,2,3
134040_1767723000,train-119,2,0
122048_1767723000,train-8,2,4
132430_1767723000,train-72,2,4
132430_1767723300,train-72,2,4
122048_1767723300,train-8,2,4
134040_1767723300,train-119,2,0
122048_1767723600,train-8,2,4
134040_1767723600,train-119,2,0
132430_1767723600,train-72,2,4
133300_1767723600,train-93,2,3
122048_1767723900,train-8,2,4
132430_1767723900,train-72,2,4
134040_1767723900,train-119,2,0
132430_1767724200,train-72,2,4
134040_1767724200,train-119,2,0
122048_1767724200,train-8,2,4
131672_1767724200,train-59,2,3
131672_1767724500,train-59,2,3
122048_1767724500,train-8,2,4
134040_1767724500,train-119,2,0
132430_1767724500,train-72,2,4
132430_1767724800,train-72,2,4
122048_1767724800,train-8,2,4
132430_1767725100,train-72,2,4
122048_1767725100,train-8,2,4
132430_1767725400,train-72,2,4
122048_1767725400,train-8,2,4
122048_1767725700,train-8,2,4
132430_1767725700,train-72,2,4
122048_1767726000,train-8,2,4
135081_1767726000,train-131,2,0
122048_1767726300,train-8,2,4
135081_1767726300,train-131,2,0
135081_1767726600,train-131,2,0
131672_1767726900,train-60,2,4
135081_1767726900,train-131,2,0
131672_1767727200,train-60,2,4
122048_1767727200,train-9,2,1
135081_1767727200,train-131,2,0
135081_1767727500,train-131,2,0
131672_1767727500,train-60,2,4
131672_1767727800,train-60,2,4
131672_1767728100,train-60,2,4
131672_1767728400,train-60,2,4
122048_1767728700,train-10,2,3
131672_1767728700,train-60,2,4
133957_1767729000,train-109,2,0
122048_1767729000,train-10,2,3
131672_1767729000,train-60,2,4
122048_1767729300,train-10,2,3
131672_1767729300,train-60,2,4
133957_1767729300,train-109,2,0
131672_1767729600,train-60,2,4
133957_1767729600,train-109,2,0
122048_1767729600,train-10,2,3
132430_1767729600,train-73,2,4
122048_1767729900,train-10,2,3
133957_1767729900,train-109,2,0
132430_1767729900,train-73,2,4
122048_1767730200,train-10,2,3
130072_1767730200,train-38,2,3
133957_1767730200,train-109,2,0
132430_1767730200,train-73,2,4
133957_1767730500,train-109,2,0
122048_1767730500,train-10,2,3
132430_1767730500,train-73,2,4
130072_1767730500,train-38,2,3
130072_1767730800,train-38,2,3
122048_1767730800,train-10,2,3
133957_1767730800,train-109,2,0
132430_1767730800,train-73,2,4
133957_1767731100,train-109,2,0
130072_1767731100,train-38,2,3
122048_1767731100,train-10,2,3
132430_1767731100,train-73,2,4
132430_1767731400,train-73,2,4
133957_1767731400,train-109,2,0
130072_1767731400,train-38,2,3
133957_1767731700,train-109,2,0
130072_1767731700,train-38,2,3
132430_1767731700,train-73,2,4
131672_1767732000,train-61,2,3
132430_1767732000,train-73,2,4
130072_1767732000,train-38,2,3
133957_1767732000,train-109,2,0
130072_1767732300,train-38,2,3
132430_1767732300,train-73,2,4
131672_1767732300,train-61,2,3
132430_1767732600,train-73,2,4
133957_1767732600,train-110,2,4
131672_1767732600,train-61,2,3
135081_1767732600,train-132,2,3
130072_1767732600,train-38,2,3
131672_1767732900,train-61,2,3
133957_1767732900,train-110,2,4
130072_1767732900,train-38,2,3
132430_1767732900,train-73,2,4
135081_1767732900,train-132,2,3
130072_1767733200,train-38,2,3
135081_1767733200,train-132,2,3
133957_1767733200,train-110,2,4
122048_1767733200,train-11,2,1
132430_1767733200,train-73,2,4
130072_1767733500,train-38,2,3
122048_1767733500,train-11,2,1
132430_1767733500,train-73,2,4
133957_1767733500,train-110,2,4
135081_1767733500,train-132,2,3
130072_1767733800,train-38,2,3
135081_1767733800,train-132,2,3
133957_1767733800,train-110,2,4
122048_1767733800,train-11,2,1
132430_1767733800,train-73,2,4
135081_1767734100,train-132,2,3
133957_1767734100,train-110,2,4
130072_1767734100,train-38,2,3
122048_1767734100,train-11,2,1
132430_1767734100,train-73,2,4
133957_1767734400,train-110,2,4
135081_1767734400,train-132,2,3
122048_1767734400,train-11,2,1
130072_1767734400,train-38,2,3
135081_1767734700,train-132,2,3
130072_1767734700,train-38,2,3
122048_1767734700,train-11,2,1
133957_1767734700,train-110,2,4
134040_1767735000,train-120,2,0
133957_1767735000,train-110,2,4
130072_1767735000,train-38,2,3
130072_1767735300,train-38,2,3
134040_1767735300,train-120,2,0
133957_1767735300,train-110,2,4
133957_1767735600,train-110,2,4
130072_1767735600,train-38,2,3
134040_1767735900,train-121,2,0
130072_1767735900,train-38,2,3
134040_1767736200,train-121,2,0
130072_1767736200,train-38,2,3
134040_1767736500,train-121,2,0
130072_1767736500,train-38,2,3
134040_1767736800,train-121,2,0
135081_1767736800,train-133,2,3
133957_1767736800,train-111,2,2
133957_1767737100,train-111,2,2
135081_1767737100,train-133,2,3
134040_1767737100,train-121,2,0
133957_1767737400,train-111,2,2
135081_1767737400,train-133,2,3
134040_1767737400,train-121,2,0
133957_1767737700,train-111,2,2
135081_1767737700,train-133,2,3
134040_1767737700,train-121,2,0
134040_1767738000,train-121,2,0
134494_1767738000,train-122,2,3
132430_1767738000,train-74,2,4
135081_1767738000,train-133,2,3
133957_1767738000,train-111,2,2
135081_1767738300,train-133,2,3
134040_1767738300,train-121,2,0
132430_1767738300,train-74,2,4
134494_1767738300,train-122,2,3
134494_1767738600,train-122,2,3
134040_1767738600,train-121,2,0
134494_1767738900,train-122,2,3
134040_1767738900,train-121,2,0
134494_1767739200,train-122,2,3
134040_1767739200,train-121,2,0
134040_1767739500,train-121,2,0
134494_1767739500,train-122,2,3
134040_1767739800,train-121,2,0
134494_1767739800,train-122,2,3
134494_1767740100,train-122,2,3
134040_1767740100,train-121,2,0
134040_1767740400,train-121,2,0
132430_1767740400,train-75,2,2
130072_1767740700,train-39,2,1
132430_1767740700,train-75,2,2
134040_1767740700,train-121,2,0
132430_1767741000,train-75,2,2
130072_1767741000,train-39,2,1
130072_1767741300,train-39,2,1
132430_1767741300,train-75,2,2
132430_1767741600,train-75,2,2
130072_1767741600,train-39,2,1
132430_1767741900,train-75,2,2
130072_1767741900,train-39,2,1
132430_1767742200,train-75,2,2
134494_1767742200,train-123,2,1
134494_1767742500,train-123,2,1
134494_1767742800,train-123,2,1
134494_1767743100,train-123,2,1
132430_1767743400,train-76,2,2
132430_1767743700,train-76,2,2
129964_1767665100,test-14,2,4
129964_1767665400,test-14,2,4
129964_1767665700,test-14,2,4
129964_1767666000,test-14,2,4
129964_1767666300,test-14,2,4
131672_1767666900,test-26,2,1
131672_1767667200,test-26,2,1
131672_1767667500,test-26,2,1
131672_1767667800,test-26,2,1
131672_1767668100,test-26,2,1
129964_1767668400,test-15,2,1
131672_1767668400,test-26,2,1
134040_1767668400,test-52,2,3
134040_1767668700,test-52,2,3
131672_1767668700,test-26,2,1
129964_1767669000,test-16,2,4
134040_1767669000,test-52,2,3
131672_1767669000,test-26,2,1
129964_1767669300,test-16,2,4
134040_1767669300,test-52,2,3
131672_1767669300,test-26,2,1
131672_1767669600,test-26,2,1
134040_1767669600,test-52,2,3
129964_1767669600,test-16,2,4
129964_1767669900,test-16,2,4
134040_1767669900,test-52,2,3
131672_1767672000,test-27,2,1
131672_1767672300,test-27,2,1
131672_1767672600,test-27,2,1
131672_1767672900,test-27,2,1
131672_1767673200,test-27,2,1
131672_1767673500,test-27,2,1
132430_1767673800,test-34,2,1
134040_1767673800,test-53,2,3
132430_1767674100,test-34,2,1
134040_1767674100,test-53,2,3
132430_1767674400,test-34,2,1
134040_1767674400,test-53,2,3
134040_1767674700,test-53,2,3
132430_1767674700,test-34,2,1
134040_1767675000,test-53,2,3
132430_1767675000,test-34,2,1
132430_1767675300,test-34,2,1
134040_1767675300,test-53,2,3
134040_1767675600,test-53,2,3
130238_1767675900,test-23,2,0
134040_1767675900,test-53,2,3
130238_1767676200,test-23,2,0
134040_1767676200,test-53,2,3
130238_1767676500,test-23,2,0
134040_1767676500,test-53,2,3
134040_1767676800,test-53,2,3
130238_1767676800,test-23,2,0
130238_1767677100,test-23,2,0
134040_1767677100,test-53,2,3
131672_1767677400,test-28,2,4
122048_1767679200,test-1,2,0
133300_1767679200,test-40,2,0
122048_1767679500,test-1,2,0
133300_1767679800,test-41,2,3
122048_1767679800,test-1,2,0
135081_1767679800,test-61,2,1
135081_1767680100,test-61,2,1
133300_1767680100,test-41,2,3
133300_1767680400,test-41,2,3
135081_1767680400,test-61,2,1
133300_1767680700,test-41,2,3
135081_1767680700,test-61,2,1
135081_1767681000,test-61,2,1
135081_1767681300,test-61,2,1
135081_1767681600,test-61,2,1
135081_1767681900,test-61,2,1
135081_1767682200,test-61,2,1
135081_1767682500,test-61,2,1
122048_1767682800,test-2,2,2
134040_1767682800,test-54,2,2
135081_1767682800,test-61,2,1
122048_1767683100,test-2,2,2
135081_1767683100,test-61,2,1
134040_1767683100,test-54,2,2
135081_1767683400,test-61,2,1
122048_1767683400,test-2,2,2
134040_1767683400,test-54,2,2
135081_1767683700,test-61,2,1
134040_1767683700,test-54,2,2
122048_1767683700,test-2,2,2
134040_1767684000,test-54,2,2
122048_1767684000,test-2,2,2
135081_1767684000,test-61,2,1
134040_1767684300,test-54,2,2
122048_1767684300,test-2,2,2
135081_1767684300,test-61,2,1
133957_1767684600,test-47,2,1
133957_1767684900,test-47,2,1
133957_1767685200,test-47,2,1
133957_1767685500,test-47,2,1
133957_1767685800,test-47,2,1
133957_1767686100,test-47,2,1
133957_1767686400,test-47,2,1
134040_1767686400,test-55,2,1
134040_1767686700,test-55,2,1
133957_1767686700,test-47,2,1
134040_1767687000,test-55,2,1
133957_1767687000,test-47,2,1
134040_1767687300,test-55,2,1
133957_1767687300,test-47,2,1
133957_1767687600,test-47,2,1
134040_1767687600,test-55,2,1
134040_1767687900,test-55,2,1
133957_1767687900,test-47,2,1
129964_1767688200,test-17,2,1
133957_1767688200,test-47,2,1
133957_1767688500,test-47,2,1
133957_1767688800,test-47,2,1
129964_1767688800,test-18,2,4
133957_1767689100,test-47,2,1
129964_1767689100,test-18,2,4
129964_1767689400,test-18,2,4
133957_1767689400,test-47,2,1
133957_1767689700,test-47,2,1
129964_1767689700,test-18,2,4
132430_1767690000,test-35,2,0
132430_1767690300,test-35,2,0
122613_1767691800,test-7,2,0
131672_1767691800,test-29,2,4
133300_1767691800,test-42,2,2
133300_1767692100,test-42,2,2
122613_1767692100,test-7,2,0
122613_1767692400,test-7,2,0
133300_1767692400,test-42,2,2
122613_1767692700,test-7,2,0
133300_1767692700,test-42,2,2
122613_1767693000,test-7,2,0
133300_1767693000,test-42,2,2
133300_1767693300,test-42,2,2
122613_1767693300,test-7,2,0
130238_1767693600,test-24,2,1
130238_1767695100,test-25,2,3
133300_1767695400,test-43,2,2
133300_1767695700,test-43,2,2
122658_1767695700,test-13,2,2
122658_1767696000,test-13,2,2
133300_1767696000,test-43,2,2
122658_1767696300,test-13,2,2
122658_1767696600,test-13,2,2
133300_1767696600,test-44,2,1
133300_1767696900,test-44,2,1
122658_1767696900,test-13,2,2
122613_1767697200,test-8,2,4
122658_1767697200,test-13,2,2
122048_1767697200,test-3,2,2
122613_1767697500,test-8,2,4
122048_1767697500,test-3,2,2
122658_1767697500,test-13,2,2
122613_1767697800,test-8,2,4
122658_1767697800,test-13,2,2
122048_1767697800,test-3,2,2
122658_1767698100,test-13,2,2
122048_1767698100,test-3,2,2
122613_1767698100,test-8,2,4
122613_1767698400,test-8,2,4
122048_1767698400,test-3,2,2
122658_1767698400,test-13,2,2
122658_1767698700,test-13,2,2
122048_1767698700,test-3,2,2
122613_1767698700,test-8,2,4
122658_1767699000,test-13,2,2
122658_1767699300,test-13,2,2
122658_1767699600,test-13,2,2
122658_1767699900,test-13,2,2
122658_1767700200,test-13,2,2
122658_1767700500,test-13,2,2
129964_1767700800,test-19,2,4
135081_1767700800,test-62,2,0
132430_1767700800,test-36,2,4
135081_1767701100,test-62,2,0
132430_1767701100,test-36,2,4
129964_1767701100,test-19,2,4
129964_1767701400,test-19,2,4
132430_1767701400,test-36,2,4
135081_1767701400,test-62,2,0
129964_1767701700,test-19,2,4
135081_1767701700,test-62,2,0
132430_1767701700,test-36,2,4
129964_1767702000,test-19,2,4
135081_1767702000,test-62,2,0
132430_1767702000,test-36,2,4
132430_1767702300,test-36,2,4
135081_1767702300,test-62,2,0
129964_1767702300,test-19,2,4
122613_1767702600,test-9,2,4
122613_1767702900,test-9,2,4
131672_1767704400,test-30,2,3
131672_1767704700,test-30,2,3
131672_1767705000,test-30,2,3
131672_1767705300,test-30,2,3
131672_1767705600,test-30,2,3
131672_1767705900,test-30,2,3
135081_1767706200,test-63,2,0
122613_1767706200,test-10,2,4
133957_1767706200,test-48,2,4
135081_1767706500,test-63,2,0
122613_1767706500,test-10,2,4
133957_1767706500,test-48,2,4
133957_1767706800,test-48,2,4
135081_1767706800,test-63,2,0
122613_1767706800,test-10,2,4
133957_1767707100,test-48,2,4
122613_1767707100,test-10,2,4
135081_1767707100,test-63,2,0
122613_1767707400,test-10,2,4
135081_1767707400,test-63,2,0
133957_1767707400,test-48,2,4
133957_1767707700,test-48,2,4
135081_1767707700,test-63,2,0
122613_1767707700,test-10,2,4
134040_1767708000,test-56,2,3
122048_1767708000,test-4,2,0
134040_1767708300,test-56,2,3
122048_1767708300,test-4,2,0
134040_1767708600,test-56,2,3
134040_1767708900,test-56,2,3
134040_1767709200,test-56,2,3
134040_1767709500,test-56,2,3
122048_1767709500,test-5,2,2
133957_1767710100,test-49,2,2
133957_1767710400,test-49,2,2
133957_1767710700,test-49,2,2
133957_1767711000,test-49,2,2
133957_1767711300,test-49,2,2
122048_1767711600,test-6,2,0
122613_1767711600,test-11,2,1
129964_1767711600,test-20,2,1
129964_1767711900,test-20,2,1
122613_1767711900,test-11,2,1
122048_1767711900,test-6,2,0
129964_1767712200,test-20,2,1
122048_1767712200,test-6,2,0
122048_1767712500,test-6,2,0
122613_1767712500,test-12,2,2
129964_1767712800,test-21,2,1
122048_1767712800,test-6,2,0
122613_1767712800,test-12,2,2
122613_1767713100,test-12,2,2
122048_1767713100,test-6,2,0
129964_1767713100,test-21,2,1
134040_1767713400,test-57,2,3
134040_1767713700,test-57,2,3
134040_1767714000,test-57,2,3
134040_1767714300,test-57,2,3
131672_1767715200,test-31,2,2
135081_1767715200,test-64,2,0
131672_1767715500,test-31,2,2
135081_1767715500,test-64,2,0
135081_1767715800,test-64,2,0
131672_1767715800,test-31,2,2
135081_1767716100,test-64,2,0
131672_1767716100,test-31,2,2
135081_1767716400,test-64,2,0
131672_1767716400,test-31,2,2
131672_1767716700,test-31,2,2
135081_1767716700,test-64,2,0
133300_1767717000,test-45,2,2
133957_1767717000,test-50,2,0
133957_1767717300,test-50,2,0
133300_1767717300,test-45,2,2
133957_1767717600,test-50,2,0
133300_1767717600,test-45,2,2
133957_1767717900,test-50,2,0
133300_1767717900,test-45,2,2
133957_1767718200,test-50,2,0
133300_1767718200,test-45,2,2
133300_1767718500,test-45,2,2
133957_1767718500,test-50,2,0
132430_1767720600,test-37,2,1
133300_1767720600,test-46,2,4
132430_1767720900,test-37,2,1
133300_1767720900,test-46,2,4
133300_1767721200,test-46,2,4
132430_1767721200,test-37,2,1
132430_1767721500,test-37,2,1
134040_1767721500,test-58,2,4
133300_1767721500,test-46,2,4
132430_1767721800,test-37,2,1
133300_1767721800,test-46,2,4
134040_1767721800,test-58,2,4
131672_1767721800,test-32,2,1
131672_1767722100,test-32,2,1
132430_1767722100,test-37,2,1
134040_1767722100,test-58,2,4
133300_1767722100,test-46,2,4
133957_1767722400,test-51,2,4
133957_1767722700,test-51,2,4
133957_1767723000,test-51,2,4
133957_1767723300,test-51,2,4
133957_1767723600,test-51,2,4
133957_1767723900,test-51,2,4
135081_1767724500,test-65,2,1
135081_1767724800,test-65,2,1
135081_1767725100,test-65,2,1
135081_1767725400,test-65,2,1
135081_1767725700,test-65,2,1
132430_1767726000,test-38,2,2
132430_1767726300,test-38,2,2
132430_1767726600,test-38,2,2
132430_1767726900,test-38,2,2
132430_1767727200,test-38,2,2
132430_1767727500,test-38,2,2
135081_1767727800,test-66,2,0
135081_1767728100,test-66,2,0
135081_1767728400,test-66,2,0
135081_1767728700,test-66,2,0
135081_1767729000,test-66,2,0
135081_1767729300,test-66,2,0
135081_1767729600,test-66,2,0
135081_1767729900,test-66,2,0
135081_1767730200,test-66,2,0
135081_1767730500,test-66,2,0
134040_1767730500,test-59,2,1
134040_1767730800,test-59,2,1
134040_1767731100,test-59,2,1
134040_1767731400,test-59,2,1
134040_1767731700,test-59,2,1
134040_1767732000,test-59,2,1
134040_1767732300,test-59,2,1
134040_1767732600,test-59,2,1
134040_1767732900,test-59,2,1
131672_1767733200,test-33,2,1
131672_1767733500,test-33,2,1
131672_1767733800,test-33,2,1
131672_1767734100,test-33,2,1
131672_1767734400,test-33,2,1
131672_1767734700,test-33,2,1
135081_1767735000,test-67,2,2
135081_1767735300,test-67,2,2
135081_1767735600,test-67,2,2
135081_1767735900,test-67,2,2
135081_1767736200,test-67,2,2
135081_1767736500,test-67,2,2
132430_1767738600,test-39,2,1
130072_1767738600,test-22,2,2
132430_1767738900,test-39,2,1
130072_1767738900,test-22,2,2
132430_1767739200,test-39,2,1
132430_1767739500,test-39,2,1
132430_1767739800,test-39,2,1
132430_1767740100,test-39,2,1
134494_1767740400,test-60,2,2
134494_1767740700,test-60,2,2
134494_1767741000,test-60,2,2
134494_1767741300,test-60,2,2
134494_1767741600,test-60,2,2
134494_1767741900,test-60,2,2
