sample_id,fold_repeat,oof_pred,y
122048_1767668400,0,12.515,0.0
122048_1767668700,0,1.397,0.0
122048_1767669000,0,-1.339,0.0
122048_1767669300,0,-0.212,0.0
122048_1767669600,0,-1.315,0.0
122048_1767669900,0,7.481,0.0
133957_1767670200,0,68.311,133.0
133957_1767670500,0,31.261,55.0
133957_1767670800,0,39.071,-10.0
133957_1767671100,0,18.744,-86.0
133957_1767671400,0,-7.357,-86.0
133957_1767671700,0,-18.025,-40.0
129964_1767672000,0,59.552,-7.0
129964_1767672300,0,-22.271,-9.0
129964_1767672900,0,5.874,-29.0
129964_1767673200,0,35.351,-57.0
129964_1767673500,0,54.388,19.0
129964_1767673800,0,41.977,-15.0
135081_1767673800,0,4.165,111.0
129964_1767674100,0,81.393,72.0
135081_1767674100,0,54.028,80.0
135081_1767674400,0,111.487,122.0
129964_1767674400,0,53.839,95.0
135081_1767674700,0,45.581,94.0
129964_1767674700,0,-33.077,46.0
135081_1767675000,0,99.403,53.0
129964_1767675000,0,-29.723,38.0
133300_1767675000,0,13.828,99.0
135081_1767675300,0,93.788,208.0
133300_1767675300,0,97.46,99.0
129964_1767675300,0,2.496,105.0
129964_1767675600,0,31.83,46.0
129964_1767675900,0,57.974,20.0
129964_1767676200,0,78.678,91.0
122048_1767677400,0,-48.364,-65.0
130238_1767677400,0,37.413,-50.0
122048_1767677700,0,-48.509,12.0
130238_1767677700,0,60.074,-47.0
130238_1767678000,0,35.697,-45.0
122048_1767678000,0,-0.607,47.0
130238_1767678300,0,-52.467,-142.0
122048_1767678300,0,-20.88,124.0
122048_1767678600,0,10.805,172.0
122048_1767678900,0,81.257,140.0
134040_1767679800,0,26.807,23.0
134040_1767680100,0,52.762,26.0
134040_1767680400,0,79.103,-52.0
134040_1767680700,0,14.168,-87.0
132430_1767681000,0,63.542,32.0
133300_1767681000,0,26.436,12.0
132430_1767681300,0,120.529,126.0
133300_1767681300,0,59.843,-61.0
133300_1767681600,0,120.2,159.0
132430_1767681600,0,100.88,65.0
133300_1767681900,0,48.677,79.0
132430_1767681900,0,-1.442,-62.0
133300_1767682200,0,1.281,79.0
132430_1767682200,0,40.95,-16.0
132430_1767682500,0,6.36,248.0
133300_1767682500,0,16.229,173.0
131672_1767684600,0,-31.237,-63.0
122048_1767684600,0,283.765,350.0
131672_1767684900,0,-24.991,-96.0
122048_1767684900,0,322.473,304.0
122048_1767685200,0,314.978,183.0
131672_1767685200,0,5.819,-126.0
122048_1767685500,0,202.098,141.0
122048_1767685800,0,109.791,45.0
122048_1767686100,0,65.842,-35.0
130238_1767686400,0,182.493,107.0
130238_1767686700,0,86.166,1.0
130238_1767688200,0,11.595,27.0
130238_1767688500,0,34.685,-8.0
130238_1767688800,0,66.0,-92.0
130238_1767689100,0,24.966,-120.0
130238_1767689400,0,-84.235,37.0
133300_1767689400,0,39.688,9.0
130238_1767689700,0,-43.223,57.0
133300_1767689700,0,26.699,9.0
122048_1767690000,0,87.992,73.0
122048_1767690300,0,98.918,-33.0
122613_1767693600,0,-33.629,-180.0
122613_1767693900,0,-110.373,-108.0
122613_1767694200,0,-160.32,-140.0
122613_1767694500,0,-93.736,-70.0
122613_1767694800,0,-72.771,-38.0
122613_1767695100,0,-1.391,30.0
133300_1767697200,0,15.373,49.0
130238_1767697200,0,39.103,40.0
130238_1767697500,0,35.407,32.0
133300_1767697500,0,-12.464,77.0
133300_1767697800,0,-14.396,65.0
133300_1767698100,0,80.148,151.0
131672_1767698100,0,-13.019,27.0
131672_1767698400,0,35.096,60.0
133300_1767698400,0,146.723,225.0
131672_1767698700,0,52.969,82.0
135081_1767699000,0,208.934,28.0
135081_1767699300,0,121.684,45.0
135081_1767699600,0,94.457,55.0
135081_1767699900,0,-49.12,36.0
135081_1767700200,0,-84.477,-24.0
135081_1767700500,0,-132.259,-98.0
131672_1767700800,0,-79.638,-105.0
131672_1767701100,0,-118.346,-83.0
131672_1767701400,0,-27.585,-207.0
122048_1767702600,0,152.869,144.0
122048_1767702900,0,94.097,138.0
131672_1767703200,0,48.157,17.0
122048_1767703200,0,59.217,87.0
131672_1767703500,0,70.961,76.0
122048_1767703500,0,70.527,84.0
131672_1767703800,0,106.946,53.0
122048_1767703800,0,30.822,84.0
131672_1767704100,0,32.527,192.0
122048_1767704100,0,3.702,0.0
122658_1767704400,0,211.883,289.0
132430_1767704700,0,-18.528,16.0
122658_1767704700,0,168.988,321.0
122658_1767705000,0,326.547,406.0
132430_1767705000,0,56.183,16.0
132430_1767705300,0,53.647,17.0
132430_1767705600,0,51.32,77.0
122658_1767705600,0,21.928,0.0
132430_1767705900,0,3.518,57.0
122658_1767705900,0,-22.089,0.0
133957_1767708000,0,247.427,253.0
132430_1767708000,0,250.38,192.0
133957_1767708300,0,157.239,180.0
132430_1767708300,0,104.282,68.0
132430_1767708600,0,7.034,-7.0
133957_1767708600,0,197.867,238.0
132430_1767708900,0,138.323,115.0
133957_1767708900,0,239.231,170.0
132430_1767709200,0,93.811,98.0
133957_1767709200,0,181.474,81.0
132430_1767709500,0,135.23,158.0
131672_1767711600,0,-81.725,-47.0
134040_1767711600,0,213.998,199.0
134040_1767711900,0,273.932,181.0
131672_1767711900,0,-32.549,-52.0
134040_1767712200,0,276.115,202.0
134040_1767712500,0,154.126,199.0
134040_1767712800,0,94.842,183.0
134040_1767713100,0,206.669,91.0
122613_1767713400,0,9.561,0.0
122613_1767713700,0,12.022,0.0
122613_1767714000,0,6.907,0.0
122613_1767714300,0,-0.607,0.0
122613_1767714600,0,-0.644,0.0
122613_1767714900,0,11.711,0.0
122048_1767715200,0,3.966,0.0
122658_1767715200,0,12.17,0.0
132430_1767715200,0,261.928,485.0
122658_1767715500,0,-43.311,0.0
132430_1767715500,0,365.864,483.0
122048_1767715500,0,6.025,0.0
122048_1767715800,0,0.026,0.0
122658_1767715800,0,-36.242,0.0
122048_1767716100,0,3.066,0.0
122658_1767716100,0,9.946,0.0
122048_1767716400,0,12.786,0.0
122658_1767716400,0,1.231,0.0
122048_1767716700,0,6.333,0.0
122658_1767716700,0,-0.396,0.0
133300_1767718800,0,145.945,231.0
133300_1767719400,0,-12.729,-24.0
133300_1767719700,0,7.095,22.0
133300_1767720000,0,21.237,-46.0
133300_1767720300,0,96.657,-26.0
130238_1767720600,0,89.813,-64.0
130238_1767720900,0,96.251,-125.0
130238_1767721200,0,30.238,-103.0
130238_1767721500,0,-62.66,-170.0
132430_1767722400,0,275.709,380.0
132430_1767722700,0,424.568,324.0
132430_1767723000,0,452.166,452.0
132430_1767723300,0,392.622,333.0
132430_1767723600,0,394.618,310.0
132430_1767723900,0,363.372,285.0
131672_1767726900,0,48.601,-3.0
131672_1767727200,0,64.724,-9.0
131672_1767727500,0,127.252,163.0
131672_1767729600,0,506.383,557.0
134040_1767735000,0,395.882,434.0
134040_1767735300,0,382.47,434.0
134040_1767735900,0,70.762,0.0
134040_1767736200,0,14.061,0.0
134040_1767736500,0,10.804,0.0
134494_1767738000,0,-6.504,0.0
134494_1767738300,0,-18.286,0.0
134494_1767738600,0,-8.035,0.0
134494_1767738900,0,-3.404,0.0
134494_1767739200,0,-9.14,0.0
134494_1767739500,0,3.345,0.0
134494_1767739800,0,6.744,0.0
134494_1767740100,0,4.15,0.0
132430_1767742200,0,179.172,74.0
132430_1767743400,0,84.861,91.0
132430_1767743700,0,81.966,154.0
129964_1767668400,0,18.829,-26.0
129964_1767669000,0,0.9,-51.0
129964_1767669300,0,8.289,-40.0
129964_1767669600,0,39.274,-21.0
129964_1767669900,0,2.216,10.0
131672_1767672000,0,32.467,72.0
131672_1767672300,0,41.803,-66.0
131672_1767672600,0,80.367,10.0
131672_1767672900,0,41.591,27.0
131672_1767673200,0,86.872,-43.0
131672_1767673500,0,10.213,-31.0
130238_1767675900,0,70.392,37.0
130238_1767676200,0,63.344,56.0
130238_1767676500,0,88.069,76.0
130238_1767676800,0,48.453,-9.0
130238_1767677100,0,79.261,38.0
122048_1767682800,0,44.723,542.0
122048_1767683100,0,48.951,542.0
122048_1767683400,0,62.602,578.0
122048_1767683700,0,436.77,446.0
122048_1767684000,0,452.346,415.0
122048_1767684300,0,434.42,408.0
133300_1767691800,0,-16.912,-58.0
133300_1767692100,0,-32.734,-58.0
133300_1767692400,0,-3.316,-31.0
133300_1767692700,0,-5.798,-41.0
133300_1767693000,0,10.834,-24.0
133300_1767693300,0,8.735,47.0
122048_1767697200,0,-40.496,-68.0
122048_1767697500,0,-34.733,-129.0
122048_1767697800,0,-24.664,-129.0
122048_1767698100,0,-98.967,-181.0
122048_1767698400,0,-141.55,-194.0
122048_1767698700,0,-183.696,-216.0
129964_1767700800,0,-9.908,77.0
132430_1767700800,0,-141.25,-169.0
132430_1767701100,0,-94.048,-262.0
129964_1767701100,0,75.596,80.0
129964_1767701400,0,69.72,61.0
132430_1767701400,0,-34.244,-258.0
129964_1767701700,0,-7.251,-43.0
132430_1767701700,0,119.277,84.0
129964_1767702000,0,-54.443,-38.0
132430_1767702000,0,203.994,87.0
132430_1767702300,0,173.377,90.0
129964_1767702300,0,-90.057,-108.0
122613_1767702600,0,14.172,64.0
122613_1767702900,0,50.965,64.0
134040_1767708000,0,91.577,60.0
134040_1767708300,0,94.795,25.0
134040_1767708600,0,22.821,61.0
134040_1767708900,0,-3.616,61.0
134040_1767709200,0,30.751,81.0
134040_1767709500,0,152.177,56.0
131672_1767721800,0,-4.12,21.0
131672_1767722100,0,36.043,47.0
132430_1767726000,0,83.982,156.0
132430_1767726300,0,144.016,141.0
132430_1767726600,0,86.469,46.0
132430_1767726900,0,143.483,10.0
132430_1767727200,0,71.55,217.0
132430_1767727500,0,114.417,260.0
135081_1767727800,0,-25.951,-58.0
135081_1767728100,0,-63.474,58.0
135081_1767728400,0,-10.051,40.0
135081_1767728700,0,25.647,-16.0
135081_1767729000,0,-0.433,-62.0
135081_1767729300,0,-68.343,-45.0
135081_1767735000,0,-91.505,-184.0
135081_1767735300,0,-84.222,-69.0
135081_1767735600,0,-100.551,-88.0
135081_1767735900,0,-38.314,-130.0
135081_1767736200,0,-69.938,-161.0
135081_1767736500,0,-94.153,-191.0
132430_1767738600,0,69.214,110.0
130072_1767738600,0,13.842,0.0
132430_1767738900,0,76.717,112.0
130072_1767738900,0,-1.6,0.0
132430_1767739200,0,101.102,81.0
132430_1767739500,0,173.192,-2.0
132430_1767739800,0,50.959,8.0
132430_1767740100,0,62.46,175.0
134040_1767667800,0,28.696,20.0
134040_1767668100,0,47.314,93.0
133957_1767668400,0,-48.011,-34.0
133957_1767669300,0,30.849,46.0
133957_1767669600,0,27.318,58.0
133957_1767669900,0,37.601,40.0
135081_1767672000,0,9.21,-33.0
135081_1767672300,0,-7.416,-40.0
135081_1767672600,0,-24.732,-145.0
130238_1767672900,0,25.949,-23.0
135081_1767672900,0,-22.155,-98.0
130238_1767673200,0,53.333,39.0
135081_1767673200,0,-55.878,71.0
130238_1767673500,0,69.417,26.0
135081_1767673500,0,-70.927,64.0
130238_1767673800,0,91.083,10.0
130238_1767674100,0,65.429,131.0
130238_1767674400,0,78.825,168.0
130238_1767674700,0,126.508,240.0
130238_1767675000,0,142.076,233.0
135081_1767675600,0,42.859,299.0
135081_1767675900,0,203.659,224.0
135081_1767676200,0,279.754,126.0
135081_1767676500,0,195.911,-30.0
130238_1767679500,0,-29.359,0.0
130238_1767679800,0,-20.945,0.0
130238_1767680100,0,-12.997,0.0
130238_1767680400,0,-4.243,0.0
130238_1767680700,0,1.756,0.0
130238_1767681000,0,-25.034,0.0
130238_1767681300,0,-5.004,0.0
130238_1767681600,0,3.793,0.0
130238_1767681900,0,-11.109,0.0
132430_1767682800,0,183.461,267.0
131672_1767682800,0,57.786,-48.0
129964_1767682800,0,111.354,70.0
131672_1767683100,0,18.253,-52.0
132430_1767683100,0,133.211,408.0
129964_1767683100,0,94.489,154.0
129964_1767683400,0,56.237,81.0
131672_1767683400,0,-34.718,-178.0
132430_1767683400,0,265.385,270.0
129964_1767683700,0,150.578,145.0
132430_1767683700,0,280.76,163.0
131672_1767683700,0,-91.081,-200.0
131672_1767684000,0,-55.263,-74.0
129964_1767684000,0,54.859,134.0
132430_1767684000,0,140.77,246.0
132430_1767684300,0,128.517,230.0
131672_1767684300,0,21.11,24.0
122658_1767684600,0,63.947,97.0
122658_1767684900,0,110.451,97.0
122658_1767685200,0,5.249,0.0
122658_1767685500,0,-33.816,0.0
122658_1767685800,0,15.478,0.0
122658_1767686100,0,-2.938,0.0
131672_1767688200,0,106.58,16.0
131672_1767688500,0,53.239,20.0
131672_1767688800,0,69.831,-17.0
131672_1767689100,0,61.975,17.0
131672_1767689400,0,25.549,-72.0
131672_1767689700,0,5.494,-222.0
131672_1767690000,0,-65.356,-208.0
131672_1767690300,0,-100.398,-157.0
131672_1767690600,0,-147.075,-39.0
131672_1767690900,0,-32.674,-68.0
131672_1767691200,0,-44.791,-65.0
131672_1767691500,0,-22.083,-10.0
133300_1767693600,0,113.762,168.0
133300_1767694200,0,-7.043,-63.0
133300_1767694500,0,-36.649,-63.0
133300_1767694800,0,-6.537,54.0
133300_1767695100,0,-26.589,90.0
122613_1767695400,0,33.179,123.0
122613_1767695700,0,30.06,61.0
122613_1767696900,0,-35.115,0.0
133957_1767697200,0,146.067,64.0
133957_1767697500,0,63.907,3.0
133957_1767697800,0,-15.727,18.0
133957_1767698100,0,-39.847,-47.0
133957_1767698400,0,-4.759,-69.0
133957_1767698700,0,-65.446,-145.0
132430_1767699000,0,-26.668,14.0
132430_1767699300,0,34.114,14.0
132430_1767699600,0,36.508,-87.0
132430_1767699900,0,68.643,-110.0
132430_1767700200,0,51.703,-136.0
132430_1767700500,0,-8.322,-6.0
122048_1767700800,0,210.014,374.0
122658_1767700800,0,48.592,143.0
122048_1767701100,0,265.808,312.0
122658_1767701100,0,187.942,121.0
122048_1767701400,0,340.599,354.0
122658_1767701700,0,4.335,0.0
122048_1767701700,0,254.969,273.0
122658_1767702000,0,-7.368,0.0
122048_1767702000,0,188.553,252.0
122658_1767702300,0,19.284,0.0
122048_1767702300,0,186.952,158.0
133300_1767702600,0,23.031,47.0
122658_1767702600,0,4.948,0.0
133300_1767702900,0,26.89,95.0
122658_1767702900,0,-8.734,0.0
134040_1767703200,0,-81.818,-35.0
122658_1767703200,0,-7.16,0.0
133300_1767703200,0,71.252,322.0
134040_1767703500,0,16.81,-35.0
122658_1767703500,0,0.999,0.0
122658_1767703800,0,27.848,103.0
134040_1767703800,0,40.496,52.0
133300_1767703800,0,-47.524,-25.0
122658_1767704100,0,142.192,252.0
134040_1767704100,0,37.234,87.0
122048_1767706200,0,-2.65,0.0
131672_1767706200,0,-19.151,37.0
131672_1767706500,0,58.018,131.0
122048_1767706500,0,-20.773,0.0
122048_1767706800,0,1.808,0.0
122048_1767707100,0,-1.588,0.0
122048_1767707400,0,1.376,0.0
122048_1767707700,0,0.52,0.0
132430_1767709800,0,108.764,137.0
132430_1767710400,0,-4.232,23.0
132430_1767710700,0,23.726,23.0
132430_1767711000,0,31.414,47.0
132430_1767711300,0,84.624,33.0
135081_1767711600,0,-15.881,11.0
135081_1767711900,0,85.604,-12.0
135081_1767712200,0,64.812,-28.0
135081_1767712500,0,38.965,59.0
122658_1767713100,0,40.225,27.0
122658_1767713400,0,49.795,86.0
131672_1767713400,0,23.182,12.0
130238_1767713400,0,48.265,-99.0
131672_1767713700,0,54.241,86.0
122658_1767713700,0,67.78,159.0
130238_1767713700,0,-71.907,-47.0
131672_1767714000,0,33.058,67.0
130238_1767714000,0,-48.899,-41.0
122658_1767714000,0,116.066,225.0
130238_1767714300,0,-52.205,-45.0
131672_1767714300,0,64.022,70.0
122658_1767714300,0,98.841,348.0
130238_1767714600,0,-14.942,-30.0
122658_1767714600,0,118.767,362.0
131672_1767714600,0,22.345,13.0
130238_1767714900,0,-25.562,-78.0
122658_1767714900,0,51.907,2.0
131672_1767714900,0,-30.044,-150.0
122613_1767715200,0,1.973,0.0
122613_1767715500,0,-17.111,0.0
122613_1767715800,0,-79.214,-18.0
122613_1767716100,0,-46.523,11.0
122613_1767716400,0,-15.343,-88.0
122613_1767716700,0,55.124,-27.0
122658_1767718800,0,-14.397,107.0
135081_1767718800,0,-114.894,-153.0
135081_1767719100,0,-37.336,-144.0
122658_1767719100,0,116.126,88.0
122658_1767719400,0,51.219,0.0
135081_1767719400,0,-76.898,-123.0
135081_1767719700,0,-45.446,-137.0
122658_1767719700,0,-4.945,0.0
122048_1767720000,0,-68.58,-336.0
122658_1767720000,0,2.888,0.0
135081_1767720000,0,-99.515,-199.0
135081_1767720300,0,-89.414,-231.0
122048_1767720300,0,-41.995,-130.0
122658_1767720300,0,-5.176,0.0
135081_1767720600,0,-149.243,-180.0
135081_1767720900,0,25.428,-34.0
135081_1767721200,0,9.26,4.0
135081_1767721500,0,-3.833,12.0
135081_1767721800,0,61.325,48.0
122048_1767724200,0,50.37,35.0
122048_1767724500,0,61.886,133.0
122048_1767724800,0,30.597,250.0
122048_1767725100,0,135.825,274.0
122048_1767725400,0,260.174,356.0
122048_1767725700,0,322.429,417.0
135081_1767726000,0,242.366,311.0
135081_1767726300,0,238.633,146.0
135081_1767726600,0,187.854,53.0
135081_1767726900,0,150.221,-68.0
135081_1767727200,0,67.36,-32.0
135081_1767727500,0,-14.646,-15.0
131672_1767727800,0,65.1,302.0
131672_1767728100,0,122.056,382.0
131672_1767728400,0,226.12,359.0
131672_1767728700,0,225.3,492.0
133957_1767729000,0,61.436,39.0
131672_1767729000,0,284.331,533.0
131672_1767729300,0,427.562,478.0
133957_1767729300,0,105.24,171.0
130072_1767730200,0,32.511,60.0
130072_1767730500,0,32.437,60.0
130072_1767730800,0,59.517,106.0
130072_1767731100,0,109.07,22.0
133957_1767735000,0,-42.091,21.0
133957_1767735300,0,77.703,50.0
133957_1767735600,0,39.142,77.0
135081_1767736800,0,-50.248,-98.0
135081_1767737100,0,-23.8,37.0
135081_1767737400,0,-41.886,13.0
135081_1767737700,0,69.161,172.0
132430_1767738000,0,48.08,90.0
135081_1767738000,0,67.698,87.0
135081_1767738300,0,147.199,73.0
132430_1767738300,0,53.437,108.0
134040_1767740400,0,-0.608,0.0
134040_1767740700,0,-10.1,0.0
134494_1767742200,0,-1.353,0.0
134494_1767742500,0,-1.184,0.0
134494_1767742800,0,0.292,0.0
134494_1767743100,0,2.877,0.0
135081_1767681000,0,21.622,20.0
135081_1767681300,0,-41.036,71.0
135081_1767681600,0,18.777,-36.0
135081_1767681900,0,5.516,-25.0
135081_1767682200,0,-54.134,-113.0
135081_1767682500,0,-30.853,-145.0
133957_1767686400,0,-37.506,9.0
134040_1767686400,0,148.599,43.0
134040_1767686700,0,112.505,6.0
133957_1767686700,0,-77.68,-42.0
134040_1767687000,0,35.236,24.0
133957_1767687000,0,-40.915,3.0
134040_1767687300,0,37.516,37.0
133957_1767687300,0,-15.934,79.0
133957_1767687600,0,42.541,45.0
134040_1767687600,0,126.512,113.0
134040_1767687900,0,40.844,149.0
133957_1767687900,0,7.779,104.0
132430_1767690000,0,120.276,-66.0
132430_1767690300,0,23.935,-139.0
122613_1767697200,0,5.856,0.0
122613_1767697500,0,26.309,0.0
122613_1767697800,0,3.771,0.0
122613_1767698100,0,6.946,0.0
122613_1767698400,0,-11.104,0.0
122613_1767698700,0,-12.408,0.0
135081_1767706200,0,50.053,155.0
122613_1767706200,0,-4.554,0.0
133957_1767706200,0,103.118,222.0
135081_1767706500,0,67.399,156.0
122613_1767706500,0,9.061,0.0
133957_1767706500,0,80.084,296.0
133957_1767706800,0,113.321,294.0
135081_1767706800,0,154.905,113.0
122613_1767706800,0,-17.779,0.0
133957_1767707100,0,236.444,182.0
122613_1767707100,0,-26.747,0.0
135081_1767707100,0,124.321,130.0
122613_1767707400,0,-24.902,0.0
135081_1767707400,0,179.956,247.0
133957_1767707400,0,250.899,292.0
133957_1767707700,0,142.577,252.0
135081_1767707700,0,93.133,113.0
122613_1767707700,0,-19.62,0.0
122048_1767711600,0,-60.278,106.0
122048_1767711900,0,-2.225,85.0
122048_1767712200,0,21.49,83.0
122048_1767712500,0,6.577,57.0
122048_1767712800,0,62.377,-8.0
122048_1767713100,0,22.579,92.0
131672_1767715200,0,-26.752,-130.0
131672_1767715500,0,-89.135,-99.0
131672_1767715800,0,-127.402,-59.0
131672_1767716100,0,-61.167,-53.0
131672_1767716400,0,-39.558,-55.0
131672_1767716700,0,33.709,-74.0
132430_1767720600,0,138.874,141.0
133300_1767720600,0,50.231,99.0
132430_1767720900,0,71.868,216.0
133300_1767720900,0,117.171,154.0
133300_1767721200,0,99.637,113.0
132430_1767721200,0,179.4,309.0
132430_1767721500,0,237.279,359.0
134040_1767721500,0,53.772,7.0
133300_1767721500,0,-14.034,-28.0
132430_1767721800,0,269.708,295.0
133300_1767721800,0,-19.44,-28.0
134040_1767721800,0,53.776,78.0
132430_1767722100,0,256.533,393.0
134040_1767722100,0,66.317,106.0
133300_1767722100,0,146.701,193.0
133957_1767722400,0,-1.513,0.0
133957_1767722700,0,-82.4,-74.0
133957_1767723000,0,-24.405,100.0
133957_1767723300,0,-75.212,89.0
133957_1767723600,0,88.757,114.0
133957_1767723900,0,90.814,163.0
134040_1767730500,0,114.09,121.0
134040_1767730800,0,133.635,191.0
134040_1767731100,0,166.796,150.0
122048_1767665400,0,-11.673,-25.0
122048_1767665700,0,3.196,0.0
122048_1767666000,0,22.804,0.0
122048_1767666300,0,5.07,0.0
129964_1767666600,0,-41.021,44.0
129964_1767666900,0,-4.972,16.0
129964_1767667200,0,-68.47,-27.0
129964_1767667500,0,7.855,2.0
129964_1767667800,0,44.352,-70.0
129964_1767668100,0,12.648,-76.0
134040_1767670200,0,112.899,110.0
134040_1767670500,0,108.069,129.0
134040_1767670800,0,98.256,132.0
134040_1767671100,0,171.442,60.0
134040_1767671400,0,134.876,43.0
134040_1767671700,0,78.396,-29.0
131672_1767673800,0,-4.114,-73.0
133957_1767673800,0,31.098,32.0
131672_1767674100,0,-9.412,121.0
133957_1767674100,0,52.623,43.0
133957_1767674400,0,65.288,74.0
131672_1767674400,0,123.426,145.0
131672_1767674700,0,138.695,125.0
133957_1767674700,0,83.305,171.0
131672_1767675000,0,163.382,166.0
133957_1767675000,0,38.311,92.0
131672_1767675300,0,39.976,88.0
133957_1767675300,0,41.963,5.0
133300_1767677400,0,-3.395,87.0
133300_1767677700,0,55.688,87.0
133300_1767678000,0,34.254,108.0
133300_1767678300,0,83.06,59.0
133300_1767678600,0,141.129,40.0
133300_1767678900,0,52.379,-2.0
129964_1767680400,0,54.941,-51.0
129964_1767680700,0,54.714,-106.0
129964_1767681000,0,90.945,7.0
129964_1767681300,0,14.967,47.0
129964_1767681600,0,59.663,39.0
131672_1767681900,0,30.903,37.0
129964_1767681900,0,17.745,148.0
131672_1767682200,0,54.731,13.0
129964_1767682200,0,6.05,188.0
129964_1767682500,0,-32.889,84.0
131672_1767682500,0,78.572,16.0
133957_1767682800,0,-68.613,-74.0
122658_1767682800,0,9.427,0.0
133957_1767683100,0,-10.173,-8.0
122658_1767683100,0,-10.278,0.0
122658_1767683400,0,14.345,-11.0
133957_1767683700,0,17.242,10.0
122658_1767683700,0,106.266,96.0
122658_1767684000,0,133.67,58.0
133957_1767684000,0,50.989,33.0
122658_1767684300,0,22.527,118.0
133957_1767684300,0,58.782,71.0
135081_1767684600,0,-103.054,-78.0
135081_1767684900,0,-107.047,-28.0
135081_1767685200,0,-64.61,59.0
135081_1767685500,0,109.249,275.0
135081_1767685800,0,88.05,288.0
135081_1767686100,0,185.093,247.0
133300_1767686400,0,28.072,-26.0
122048_1767686400,0,23.509,-43.0
122048_1767686700,0,7.214,-49.0
122048_1767687000,0,7.769,104.0
122048_1767687300,0,-22.477,99.0
122048_1767687600,0,52.185,49.0
122048_1767687900,0,112.945,80.0
134040_1767688200,0,36.278,154.0
134040_1767688500,0,117.767,141.0
134040_1767688800,0,125.163,128.0
134040_1767689100,0,91.925,26.0
134040_1767689400,0,7.336,94.0
122613_1767689700,0,20.478,49.0
134040_1767689700,0,18.063,46.0
129964_1767690000,0,2.13,65.0
129964_1767690300,0,21.206,66.0
129964_1767690600,0,28.449,79.0
129964_1767690900,0,-49.278,58.0
129964_1767691200,0,-41.888,64.0
129964_1767691500,0,11.718,94.0
122048_1767691800,0,0.83,233.0
122048_1767692100,0,72.736,200.0
122048_1767692400,0,99.278,91.0
122048_1767692700,0,145.657,-63.0
122048_1767693000,0,76.473,-67.0
122048_1767693300,0,-84.453,-115.0
122048_1767693600,0,-107.431,-142.0
132430_1767693600,0,33.664,132.0
133957_1767693600,0,72.649,-24.0
122048_1767693900,0,-135.234,-110.0
133957_1767693900,0,39.113,13.0
132430_1767693900,0,21.513,33.0
122048_1767694200,0,-128.276,-50.0
132430_1767694200,0,52.249,90.0
133957_1767694200,0,-15.005,21.0
132430_1767694500,0,57.033,144.0
133957_1767694500,0,-42.243,-22.0
122048_1767694500,0,-101.879,-184.0
132430_1767694800,0,96.983,233.0
133957_1767694800,0,12.466,24.0
122048_1767694800,0,-78.876,-250.0
122048_1767695100,0,-72.486,-359.0
132430_1767695100,0,162.689,116.0
133957_1767695100,0,-28.321,-17.0
132430_1767695400,0,67.437,26.0
130238_1767695400,0,35.144,-12.0
133957_1767695400,0,-16.889,28.0
132430_1767695700,0,80.537,30.0
130238_1767695700,0,50.925,2.0
133957_1767696000,0,-10.945,138.0
132430_1767696000,0,88.741,-71.0
130238_1767696000,0,-29.643,-34.0
132430_1767696300,0,183.588,221.0
133957_1767696300,0,44.449,156.0
130238_1767696300,0,18.763,10.0
132430_1767696600,0,197.281,264.0
133957_1767696600,0,91.755,185.0
130238_1767696600,0,20.045,46.0
133957_1767696900,0,169.819,111.0
132430_1767696900,0,165.033,113.0
130238_1767696900,0,-69.247,29.0
135081_1767697800,0,92.564,77.0
135081_1767698100,0,64.02,95.0
135081_1767698400,0,103.372,135.0
135081_1767698700,0,106.046,126.0
133957_1767705600,0,42.191,113.0
133957_1767705900,0,65.551,123.0
122613_1767708000,0,12.018,0.0
135081_1767708000,0,150.286,19.0
122613_1767708300,0,-8.677,0.0
135081_1767708300,0,31.724,-36.0
122613_1767708600,0,-54.645,-77.0
135081_1767708600,0,-68.662,-19.0
131672_1767708600,0,8.574,60.0
131672_1767708900,0,42.325,90.0
122613_1767708900,0,-55.231,0.0
135081_1767708900,0,-19.572,-17.0
122613_1767709200,0,-69.888,0.0
135081_1767709200,0,-37.22,-17.0
131672_1767709200,0,79.964,91.0
131672_1767709500,0,49.023,115.0
122613_1767709500,0,-48.818,0.0
135081_1767709500,0,-39.315,-102.0
134040_1767709800,0,51.377,79.0
134040_1767710100,0,25.639,4.0
134040_1767710400,0,76.537,68.0
134040_1767710700,0,81.84,87.0
134040_1767711000,0,98.924,187.0
134040_1767711300,0,93.825,267.0
133957_1767711600,0,140.244,26.0
133957_1767711900,0,104.822,17.0
133957_1767712200,0,8.791,28.0
133957_1767712500,0,6.922,-36.0
133957_1767712800,0,-1.166,-93.0
133957_1767713100,0,-31.495,74.0
129964_1767713400,0,44.297,-129.0
129964_1767713700,0,-67.981,-33.0
129964_1767714000,0,-51.034,25.0
129964_1767714300,0,48.208,8.0
129964_1767714600,0,14.573,-49.0
129964_1767714900,0,-1.261,-82.0
130238_1767717000,0,41.655,-55.0
129964_1767717300,0,-63.603,-111.0
130238_1767717300,0,78.188,-41.0
130238_1767717600,0,-48.781,-57.0
129964_1767717600,0,-49.069,-126.0
129964_1767717900,0,55.216,38.0
130238_1767717900,0,-38.595,-92.0
129964_1767718200,0,-85.516,57.0
130238_1767718200,0,-33.22,-38.0
129964_1767718500,0,97.93,71.0
130238_1767718500,0,19.989,-3.0
130238_1767718800,0,-17.151,-85.0
133957_1767718800,0,6.002,-35.0
130238_1767719100,0,128.536,99.0
133957_1767719100,0,-44.935,-113.0
133957_1767719400,0,-17.656,-174.0
130238_1767719400,0,203.71,160.0
130238_1767719700,0,95.0,134.0
133957_1767719700,0,-80.481,-173.0
133957_1767720000,0,-120.267,-218.0
130238_1767720000,0,183.285,35.0
130238_1767720300,0,108.785,41.0
131672_1767724200,0,292.8,368.0
131672_1767724500,0,349.583,365.0
122048_1767726000,0,394.139,481.0
122048_1767726300,0,447.056,523.0
122048_1767727200,0,56.278,-54.0
132430_1767731400,0,264.837,192.0
132430_1767731700,0,294.136,201.0
131672_1767732000,0,21.057,32.0
132430_1767732000,0,169.95,167.0
132430_1767732300,0,167.708,337.0
131672_1767732300,0,69.157,16.0
132430_1767732600,0,232.457,338.0
131672_1767732600,0,139.445,34.0
135081_1767732600,0,37.633,79.0
131672_1767732900,0,99.355,41.0
132430_1767732900,0,357.942,238.0
135081_1767732900,0,77.123,136.0
132430_1767733200,0,314.093,153.0
132430_1767733500,0,215.578,168.0
132430_1767733800,0,233.005,179.0
132430_1767734100,0,220.434,96.0
130072_1767735000,0,-21.463,0.0
130072_1767735300,0,11.613,0.0
130072_1767735600,0,4.635,0.0
130072_1767735900,0,-14.554,0.0
130072_1767736200,0,1.907,0.0
130072_1767736500,0,11.237,0.0
133957_1767736800,0,47.983,32.0
133957_1767737100,0,94.738,-8.0
133957_1767737400,0,129.891,27.0
133957_1767737700,0,25.072,-22.0
133957_1767738000,0,11.351,-77.0
134040_1767738600,0,-0.145,0.0
134040_1767738900,0,2.744,0.0
134040_1767739200,0,2.372,0.0
134040_1767739500,0,-2.531,0.0
134040_1767739800,0,4.962,0.0
134040_1767740100,0,-9.344,0.0
130072_1767740700,0,-3.451,0.0
130072_1767741000,0,6.222,0.0
130072_1767741300,0,27.067,0.0
130072_1767741600,0,32.994,0.0
130072_1767741900,0,15.422,0.0
131672_1767666900,0,25.087,79.0
131672_1767667200,0,110.933,79.0
131672_1767667500,0,160.481,212.0
131672_1767667800,0,172.151,312.0
131672_1767668100,0,184.531,273.0
131672_1767668400,0,232.154,220.0
131672_1767668700,0,249.485,407.0
131672_1767669000,0,204.782,408.0
131672_1767669300,0,299.154,322.0
131672_1767669600,0,313.75,294.0
132430_1767673800,0,168.835,137.0
132430_1767674100,0,87.67,35.0
132430_1767674400,0,126.123,161.0
132430_1767674700,0,97.767,145.0
132430_1767675000,0,162.02,118.0
132430_1767675300,0,82.037,0.0
134040_1767675600,0,80.936,83.0
134040_1767675900,0,89.445,117.0
134040_1767676200,0,95.803,188.0
134040_1767676500,0,74.299,165.0
134040_1767676800,0,140.697,116.0
134040_1767677100,0,99.381,112.0
135081_1767679800,0,19.694,6.0
135081_1767680100,0,37.329,42.0
135081_1767680400,0,58.113,-2.0
135081_1767680700,0,59.266,-23.0
135081_1767682800,0,-52.228,-127.0
135081_1767683100,0,-44.509,-186.0
135081_1767683400,0,-158.094,-182.0
135081_1767683700,0,-86.701,-134.0
135081_1767684000,0,-91.505,-142.0
135081_1767684300,0,-48.665,-79.0
129964_1767688200,0,41.751,221.0
129964_1767688800,0,-23.904,-54.0
129964_1767689100,0,-24.091,-78.0
129964_1767689400,0,57.546,36.0
129964_1767689700,0,-14.585,81.0
131672_1767691800,0,-43.307,-92.0
130238_1767693600,0,-0.993,0.0
130238_1767695100,0,-4.454,-47.0
135081_1767700800,0,-30.985,-128.0
135081_1767701100,0,-41.41,-93.0
135081_1767701400,0,-62.34,-122.0
135081_1767701700,0,-173.428,19.0
135081_1767702000,0,-111.887,9.0
135081_1767702300,0,-91.824,-39.0
129964_1767711600,0,-112.593,-143.0
129964_1767711900,0,-76.814,-3.0
129964_1767712200,0,-70.143,17.0
129964_1767712800,0,-58.999,-108.0
129964_1767713100,0,-17.794,-108.0
134040_1767713400,0,125.15,36.0
134040_1767713700,0,125.574,21.0
134040_1767714000,0,61.934,108.0
134040_1767714300,0,-62.129,-44.0
133957_1767717000,0,105.556,134.0
133957_1767717300,0,141.665,71.0
133957_1767717600,0,111.674,37.0
133957_1767717900,0,85.1,-25.0
133957_1767718200,0,17.244,-42.0
133957_1767718500,0,-67.455,-28.0
135081_1767724500,0,34.999,112.0
135081_1767724800,0,85.164,246.0
135081_1767725100,0,103.191,166.0
135081_1767725400,0,245.567,241.0
135081_1767725700,0,217.741,313.0
131672_1767733200,0,19.27,-15.0
131672_1767733500,0,8.074,-60.0
131672_1767733800,0,-21.894,-24.0
131672_1767734100,0,-0.846,-1.0
131672_1767734400,0,3.989,26.0
131672_1767734700,0,36.323,12.0
122048_1767666600,0,4.073,0.0
132430_1767666900,0,18.357,46.0
122048_1767666900,0,-21.231,0.0
132430_1767667200,0,32.645,102.0
122048_1767667200,0,-8.406,0.0
132430_1767667500,0,43.337,-23.0
122048_1767667500,0,-6.148,0.0
122048_1767667800,0,-9.367,0.0
132430_1767667800,0,72.275,-2.0
132430_1767668100,0,105.161,27.0
122048_1767668100,0,-8.222,0.0
135081_1767670200,0,29.539,14.0
135081_1767670500,0,49.173,63.0
135081_1767670800,0,77.284,54.0
135081_1767671100,0,46.129,45.0
135081_1767671400,0,58.847,84.0
135081_1767671700,0,48.598,104.0
132430_1767672000,0,151.133,364.0
133957_1767672000,0,-76.632,-29.0
133957_1767672300,0,-72.519,-51.0
132430_1767672300,0,139.469,275.0
133957_1767672600,0,-15.692,-8.0
132430_1767672600,0,253.512,322.0
133957_1767672900,0,-43.996,-34.0
132430_1767672900,0,216.1,130.0
132430_1767673200,0,240.264,129.0
132430_1767673500,0,198.989,265.0
133957_1767675600,0,18.738,-10.0
133300_1767675600,0,144.893,180.0
133300_1767675900,0,134.691,135.0
133957_1767675900,0,-22.955,-32.0
133300_1767676200,0,207.773,170.0
133957_1767676200,0,-24.746,95.0
133300_1767676500,0,119.167,169.0
133957_1767676500,0,1.398,61.0
133300_1767676800,0,113.693,289.0
133957_1767676800,0,-21.679,7.0
133957_1767677100,0,74.123,-94.0
133957_1767677400,0,-9.544,-91.0
134040_1767677400,0,54.29,71.0
134040_1767677700,0,34.934,174.0
134040_1767678000,0,6.207,-25.0
133957_1767679500,0,17.438,49.0
133957_1767679800,0,45.889,71.0
133957_1767680100,0,85.848,111.0
133957_1767680400,0,27.614,18.0
133957_1767680700,0,79.626,39.0
133957_1767681000,0,12.785,-30.0
122658_1767681000,0,186.839,181.0
122658_1767681300,0,21.171,0.0
133957_1767681300,0,16.124,-59.0
133957_1767681600,0,-29.135,-30.0
122658_1767681600,0,22.054,0.0
122658_1767681900,0,19.484,0.0
133957_1767681900,0,-4.853,-58.0
133957_1767682200,0,-77.866,-19.0
122658_1767682200,0,-2.423,0.0
133957_1767682500,0,-35.443,-45.0
122658_1767682500,0,-5.242,0.0
133300_1767682800,0,28.934,135.0
133300_1767683100,0,181.112,169.0
133300_1767683400,0,123.501,166.0
133300_1767683700,0,139.475,240.0
133300_1767684000,0,68.815,116.0
133300_1767684300,0,101.818,116.0
133300_1767684600,0,110.63,214.0
133300_1767684900,0,56.401,244.0
133300_1767685200,0,179.625,255.0
133300_1767685500,0,200.606,286.0
133300_1767685800,0,180.514,404.0
129964_1767686400,0,-60.666,97.0
129964_1767686700,0,37.129,64.0
129964_1767687000,0,40.001,42.0
129964_1767687300,0,42.102,108.0
129964_1767687600,0,12.48,8.0
129964_1767687900,0,55.582,95.0
132430_1767688200,0,173.294,194.0
132430_1767688500,0,162.434,268.0
132430_1767688800,0,202.79,284.0
132430_1767689100,0,165.132,163.0
132430_1767689400,0,156.265,85.0
132430_1767689700,0,179.049,7.0
134040_1767690000,0,33.39,159.0
133300_1767690000,0,30.398,68.0
133957_1767690000,0,-48.886,-116.0
133300_1767690300,0,42.953,69.0
134040_1767690300,0,6.119,-28.0
133957_1767690300,0,-72.724,-68.0
133300_1767690600,0,88.393,59.0
133957_1767690600,0,-112.269,-88.0
133300_1767690900,0,47.502,62.0
133957_1767690900,0,-103.287,-111.0
133957_1767691200,0,-42.802,9.0
133300_1767691200,0,104.928,135.0
132430_1767693300,0,41.156,132.0
129964_1767697200,0,42.152,133.0
129964_1767697500,0,33.19,75.0
129964_1767697800,0,46.515,26.0
129964_1767698100,0,26.572,10.0
129964_1767698400,0,36.77,14.0
129964_1767698700,0,-2.794,0.0
133957_1767699000,0,-109.265,-96.0
133957_1767699300,0,-126.532,-249.0
133957_1767699600,0,-18.463,-254.0
133957_1767699900,0,-4.784,-158.0
133957_1767700200,0,51.205,80.0
133957_1767700500,0,39.747,42.0
133300_1767700800,0,48.858,260.0
133300_1767701400,0,-65.311,-7.0
133300_1767701700,0,35.044,-7.0
133300_1767702000,0,0.863,132.0
133300_1767702300,0,32.808,114.0
133957_1767702600,0,27.802,172.0
133957_1767702900,0,32.777,97.0
133957_1767703200,0,103.94,101.0
133957_1767703500,0,137.221,161.0
133957_1767703800,0,27.764,40.0
133957_1767704100,0,127.76,139.0
122048_1767704400,0,33.314,0.0
135081_1767704400,0,17.141,11.0
129964_1767704400,0,-18.1,-106.0
122048_1767704700,0,25.927,0.0
129964_1767704700,0,-4.405,-150.0
122048_1767705000,0,0.254,0.0
129964_1767705000,0,-88.339,-165.0
122048_1767705300,0,1.553,0.0
129964_1767705300,0,20.922,-95.0
129964_1767705600,0,-23.95,11.0
122048_1767705600,0,0.149,0.0
122613_1767705900,0,-31.72,0.0
129964_1767705900,0,-125.439,-32.0
122048_1767705900,0,-2.604,0.0
135081_1767705900,0,-21.33,79.0
129964_1767706200,0,-83.021,-50.0
134040_1767706200,0,124.642,123.0
134040_1767706500,0,88.203,172.0
129964_1767706500,0,-0.674,-51.0
129964_1767706800,0,-59.048,-34.0
134040_1767706800,0,139.331,317.0
134040_1767707100,0,122.964,231.0
129964_1767707100,0,4.73,25.0
134040_1767707400,0,192.663,234.0
129964_1767707400,0,-94.758,-62.0
134040_1767707700,0,114.55,200.0
129964_1767707700,0,11.047,5.0
135081_1767709800,0,-23.162,-84.0
135081_1767710100,0,-33.856,-126.0
135081_1767710400,0,-69.943,-128.0
135081_1767710700,0,-101.574,-145.0
135081_1767711000,0,-95.197,-175.0
135081_1767711300,0,-86.164,-168.0
133300_1767712200,0,19.448,-35.0
133300_1767712500,0,62.508,-35.0
130238_1767712500,0,21.035,10.0
130238_1767712800,0,65.074,-40.0
133300_1767712800,0,83.39,36.0
130238_1767713100,0,80.451,-124.0
133300_1767713100,0,44.398,-9.0
133957_1767713400,0,-78.302,75.0
122048_1767713400,0,-23.375,0.0
133957_1767713700,0,24.898,-11.0
122048_1767713700,0,-12.805,0.0
122048_1767714000,0,-36.907,0.0
122048_1767714300,0,-5.019,0.0
122048_1767714600,0,1.257,0.0
122048_1767714900,0,7.854,0.0
130238_1767715200,0,-54.447,-97.0
133957_1767716400,0,64.645,115.0
130238_1767716400,0,50.614,98.0
133957_1767716700,0,80.452,104.0
130238_1767716700,0,47.685,9.0
122658_1767717000,0,7.647,0.0
135081_1767717000,0,46.914,92.0
135081_1767717300,0,47.48,-22.0
135081_1767717600,0,87.647,-133.0
122658_1767717600,0,116.876,-46.0
135081_1767717900,0,-3.032,-127.0
122658_1767717900,0,131.235,38.0
122658_1767718200,0,33.103,39.0
135081_1767718200,0,-88.869,-51.0
122658_1767718500,0,74.277,63.0
135081_1767718500,0,-94.139,-77.0
129964_1767718800,0,91.079,39.0
129964_1767719100,0,-22.463,-44.0
129964_1767719400,0,-58.654,-130.0
129964_1767719700,0,-35.293,-135.0
129964_1767720000,0,-30.4,-14.0
129964_1767720300,0,-42.219,-105.0
122048_1767720600,0,-15.243,-32.0
122658_1767720600,0,5.989,0.0
122048_1767720900,0,-68.001,-32.0
122658_1767720900,0,13.099,0.0
122048_1767721200,0,32.202,-108.0
122658_1767721200,0,12.299,0.0
122048_1767721500,0,-45.407,-141.0
122048_1767721800,0,-65.489,-174.0
122048_1767722100,0,-105.735,-157.0
133300_1767722400,0,83.793,310.0
122048_1767722400,0,-130.579,-146.0
133300_1767722700,0,178.594,406.0
122048_1767722700,0,-86.018,-104.0
133300_1767723000,0,293.114,580.0
122048_1767723000,0,-139.445,-70.0
122048_1767723300,0,-62.631,48.0
122048_1767723600,0,-70.161,66.0
133300_1767723600,0,82.978,-5.0
122048_1767723900,0,35.16,50.0
132430_1767724200,0,278.118,309.0
134040_1767724200,0,335.286,465.0
134040_1767724500,0,320.55,409.0
132430_1767724500,0,327.044,299.0
132430_1767724800,0,57.353,45.0
132430_1767725100,0,87.651,45.0
132430_1767725400,0,101.747,-1.0
132430_1767725700,0,103.487,27.0
122048_1767728700,0,-22.441,-348.0
122048_1767729000,0,5.54,-142.0
122048_1767729300,0,49.26,36.0
135081_1767733200,0,121.579,40.0
122048_1767733200,0,11.549,0.0
122048_1767733500,0,12.509,0.0
135081_1767733500,0,171.148,44.0
135081_1767733800,0,121.83,51.0
122048_1767733800,0,16.492,0.0
135081_1767734100,0,49.648,-16.0
122048_1767734100,0,10.543,0.0
135081_1767734400,0,49.891,-59.0
122048_1767734400,0,12.484,0.0
135081_1767734700,0,17.029,-170.0
122048_1767734700,0,21.419,0.0
134040_1767668400,0,69.537,71.0
134040_1767668700,0,86.685,136.0
134040_1767669000,0,83.718,119.0
134040_1767669300,0,150.81,151.0
134040_1767669600,0,118.426,128.0
134040_1767669900,0,108.082,158.0
131672_1767677400,0,36.698,86.0
133300_1767679200,0,23.848,65.0
133300_1767679800,0,70.471,-49.0
133300_1767680100,0,-2.907,-49.0
133300_1767680400,0,2.463,-42.0
133300_1767680700,0,-8.899,26.0
134040_1767682800,0,-11.439,72.0
134040_1767683100,0,84.845,131.0
134040_1767683400,0,60.374,29.0
134040_1767683700,0,93.136,-62.0
134040_1767684000,0,14.433,48.0
134040_1767684300,0,-14.942,86.0
133957_1767684600,0,41.851,22.0
133957_1767684900,0,-41.284,-55.0
133957_1767685200,0,-18.346,-36.0
133957_1767685500,0,-69.565,-95.0
133957_1767685800,0,-71.831,7.0
133957_1767686100,0,-86.418,-55.0
122613_1767691800,0,11.668,69.0
122613_1767692100,0,58.982,-16.0
122613_1767692400,0,57.647,-87.0
122613_1767692700,0,-59.744,-160.0
122613_1767693000,0,-65.225,-147.0
122613_1767693300,0,-86.322,-146.0
133300_1767695400,0,53.597,33.0
133300_1767695700,0,65.983,50.0
133300_1767696000,0,63.163,197.0
133300_1767696600,0,21.982,-52.0
133300_1767696900,0,23.858,-52.0
122658_1767697200,0,223.089,352.0
122658_1767697500,0,77.694,0.0
122658_1767697800,0,6.104,0.0
122658_1767698100,0,51.444,0.0
122658_1767698400,0,-0.365,0.0
122658_1767698700,0,-10.002,0.0
131672_1767704400,0,27.601,94.0
131672_1767704700,0,-19.829,13.0
131672_1767705000,0,-54.022,7.0
131672_1767705300,0,-72.032,-23.0
131672_1767705600,0,-62.424,24.0
131672_1767705900,0,-4.906,9.0
133957_1767710100,0,-38.331,102.0
133957_1767710400,0,64.978,98.0
133957_1767710700,0,62.308,157.0
133957_1767711000,0,77.722,144.0
133957_1767711300,0,100.37,104.0
122613_1767711600,0,49.709,0.0
122613_1767711900,0,29.899,0.0
122613_1767712500,0,-5.756,0.0
122613_1767712800,0,-16.35,0.0
122613_1767713100,0,0.131,0.0
135081_1767729600,0,-38.51,24.0
135081_1767729900,0,2.734,206.0
135081_1767730200,0,75.993,197.0
135081_1767730500,0,254.311,234.0
133957_1767666600,0,47.464,-32.0
133957_1767666900,0,56.616,-32.0
133957_1767667200,0,59.946,17.0
133957_1767667500,0,36.044,-66.0
133957_1767667800,0,28.291,-74.0
133957_1767668100,0,14.401,-61.0
132430_1767668400,0,211.266,22.0
132430_1767668700,0,181.845,74.0
132430_1767669000,0,-0.904,1.0
132430_1767669300,0,74.337,4.0
132430_1767669600,0,85.157,84.0
132430_1767669900,0,19.603,58.0
129964_1767670200,0,42.876,74.0
122048_1767670200,0,1.775,0.0
122048_1767670500,0,5.868,0.0
129964_1767670500,0,14.533,61.0
132430_1767670500,0,14.301,215.0
129964_1767670800,0,48.03,-16.0
122048_1767670800,0,11.364,0.0
132430_1767670800,0,31.427,162.0
129964_1767671100,0,33.011,-55.0
132430_1767671100,0,65.096,137.0
122048_1767671100,0,5.504,0.0
122048_1767671400,0,3.315,0.0
129964_1767671400,0,49.014,22.0
132430_1767671400,0,205.912,244.0
132430_1767671700,0,153.77,324.0
122048_1767671700,0,2.542,0.0
129964_1767671700,0,25.849,-50.0
122048_1767672300,0,29.85,66.0
122048_1767672600,0,110.067,66.0
122048_1767672900,0,32.974,170.0
122048_1767673200,0,116.849,41.0
122048_1767673500,0,98.167,25.0
122048_1767675600,0,-19.731,-68.0
122048_1767675900,0,-34.349,-86.0
122048_1767676200,0,-0.783,25.0
122048_1767676500,0,-10.704,-41.0
122048_1767676800,0,14.866,-163.0
122048_1767677100,0,13.09,-177.0
132430_1767679800,0,16.603,73.0
132430_1767680100,0,22.542,73.0
132430_1767680400,0,10.876,-15.0
132430_1767680700,0,47.881,-42.0
134040_1767681000,0,11.242,-111.0
134040_1767681300,0,-40.375,-75.0
134040_1767681600,0,51.0,1.0
134040_1767681900,0,-31.18,-38.0
134040_1767682200,0,12.872,-71.0
134040_1767682500,0,11.521,46.0
130238_1767684300,0,35.279,16.0
129964_1767684600,0,-67.022,-29.0
132430_1767684600,0,124.727,215.0
129964_1767684900,0,-21.009,-70.0
132430_1767684900,0,150.224,183.0
129964_1767685200,0,58.754,-34.0
129964_1767685500,0,-31.69,-4.0
132430_1767685500,0,-3.655,167.0
132430_1767685800,0,13.257,64.0
129964_1767685800,0,38.176,17.0
132430_1767686100,0,37.763,53.0
129964_1767686100,0,9.7,162.0
132430_1767686400,0,59.078,30.0
132430_1767686700,0,27.908,53.0
132430_1767687000,0,13.342,42.0
132430_1767687300,0,6.818,-108.0
132430_1767687600,0,-33.802,-132.0
132430_1767687900,0,43.172,-101.0
122658_1767688200,0,31.069,137.0
122048_1767688200,0,9.681,68.0
122048_1767688500,0,60.616,49.0
122658_1767688500,0,33.366,-33.0
122048_1767688800,0,63.756,76.0
122658_1767688800,0,112.524,-34.0
122658_1767689100,0,-24.996,-34.0
122048_1767689100,0,9.895,94.0
122658_1767689400,0,51.275,-34.0
122048_1767689400,0,40.917,121.0
122658_1767689700,0,-23.986,-34.0
122048_1767689700,0,38.7,116.0
122658_1767690000,0,-39.735,-34.0
130238_1767690000,0,-28.584,40.0
130238_1767690300,0,69.235,49.0
122658_1767690300,0,-33.729,-34.0
130238_1767690600,0,21.189,57.0
122658_1767690600,0,-47.112,-34.0
122658_1767690900,0,-32.245,-34.0
130238_1767691200,0,37.401,0.0
130238_1767691500,0,-31.315,0.0
133957_1767691800,0,52.955,48.0
129964_1767691800,0,22.402,42.0
130238_1767691800,0,0.193,0.0
130238_1767692100,0,14.508,0.0
133957_1767692100,0,66.367,50.0
129964_1767692100,0,38.392,16.0
129964_1767692400,0,50.89,106.0
130238_1767692400,0,0.436,0.0
133957_1767692400,0,56.504,223.0
130238_1767692700,0,-10.916,0.0
133957_1767692700,0,34.698,191.0
130238_1767693000,0,2.592,0.0
133957_1767693000,0,108.494,80.0
130238_1767693300,0,22.921,0.0
133957_1767693300,0,105.918,23.0
129964_1767695400,0,27.893,-51.0
129964_1767695700,0,46.574,-51.0
129964_1767696000,0,68.972,-11.0
129964_1767696300,0,57.7,73.0
129964_1767696600,0,67.995,111.0
129964_1767696900,0,142.062,140.0
132430_1767697200,0,60.75,17.0
132430_1767697500,0,48.177,86.0
132430_1767697800,0,35.916,70.0
132430_1767698100,0,43.458,49.0
132430_1767698400,0,73.979,49.0
129964_1767699000,0,18.385,80.0
122613_1767699000,0,21.868,0.0
131672_1767699000,0,109.925,4.0
122613_1767699300,0,22.086,0.0
129964_1767699300,0,28.912,49.0
131672_1767699300,0,28.777,40.0
131672_1767699600,0,13.806,-28.0
122613_1767699600,0,-69.037,-145.0
129964_1767699900,0,-55.754,-53.0
131672_1767699900,0,-102.723,-29.0
122613_1767699900,0,-69.447,-230.0
131672_1767700200,0,-53.646,-23.0
129964_1767700200,0,10.078,-73.0
122613_1767700200,0,-63.213,-116.0
129964_1767700500,0,78.458,90.0
131672_1767700500,0,-41.62,-47.0
122613_1767700500,0,-118.812,-79.0
122613_1767700800,0,-89.684,-50.0
122613_1767701100,0,-112.504,-155.0
122613_1767701400,0,-90.927,-175.0
122613_1767701700,0,-96.182,-47.0
122613_1767702000,0,-113.402,-61.0
122613_1767702300,0,-15.367,66.0
132430_1767702600,0,191.183,-64.0
135081_1767702600,0,-28.365,-131.0
135081_1767702900,0,-30.291,-144.0
132430_1767702900,0,-10.368,-181.0
132430_1767703200,0,-44.211,-100.0
135081_1767703200,0,-33.261,-171.0
132430_1767703500,0,-40.495,-75.0
135081_1767703500,0,-97.421,-72.0
132430_1767703800,0,-71.285,-58.0
135081_1767703800,0,-2.249,-16.0
132430_1767704100,0,-73.02,-74.0
135081_1767704100,0,-15.612,-27.0
134040_1767704400,0,88.397,91.0
134040_1767704700,0,84.427,-7.0
134040_1767705000,0,88.16,47.0
134040_1767705300,0,43.255,84.0
134040_1767705600,0,49.875,113.0
134040_1767705900,0,100.741,37.0
132430_1767706200,0,-0.281,196.0
132430_1767706500,0,23.538,103.0
132430_1767706800,0,72.922,53.0
132430_1767707100,0,84.32,78.0
132430_1767707400,0,72.151,39.0
132430_1767707700,0,252.082,58.0
129964_1767708000,0,-29.779,-6.0
129964_1767708600,0,-61.724,-114.0
129964_1767708900,0,-39.347,-106.0
129964_1767709200,0,14.081,-77.0
129964_1767709500,0,-157.57,-93.0
122613_1767709800,0,-9.423,0.0
129964_1767709800,0,11.878,-69.0
122613_1767710100,0,-2.555,0.0
129964_1767710100,0,-56.507,-42.0
122613_1767710400,0,-19.186,0.0
129964_1767710400,0,-128.453,-145.0
122613_1767710700,0,-15.896,0.0
129964_1767710700,0,-106.718,-127.0
129964_1767711000,0,-143.953,-207.0
122613_1767711000,0,15.589,0.0
129964_1767711300,0,-79.732,-66.0
122613_1767711300,0,21.743,0.0
132430_1767711600,0,-13.909,171.0
132430_1767711900,0,28.229,384.0
132430_1767712200,0,100.577,291.0
132430_1767712500,0,228.206,226.0
132430_1767712800,0,242.677,258.0
132430_1767713100,0,243.834,199.0
133300_1767715200,0,-17.004,22.0
129964_1767715200,0,-57.795,-134.0
129964_1767715500,0,-96.45,-115.0
133300_1767715500,0,34.846,-24.0
133300_1767715800,0,33.125,-87.0
129964_1767715800,0,-73.505,-2.0
133300_1767716100,0,-10.419,-38.0
129964_1767716100,0,-118.641,-46.0
133300_1767716400,0,143.474,207.0
129964_1767716400,0,-31.813,-13.0
129964_1767716700,0,-29.489,303.0
122613_1767717000,0,-32.124,-62.0
122613_1767717300,0,-15.125,-54.0
122613_1767717600,0,-38.828,-11.0
122613_1767717900,0,-50.646,55.0
122613_1767718200,0,50.191,72.0
122613_1767718500,0,62.167,72.0
129964_1767720600,0,-37.11,-10.0
133957_1767720900,0,20.904,67.0
129964_1767720900,0,-39.047,49.0
133957_1767721200,0,4.056,28.0
133957_1767721500,0,3.553,83.0
133957_1767721800,0,24.531,-28.0
133957_1767722100,0,10.33,-73.0
134040_1767722400,0,90.357,107.0
134040_1767722700,0,97.639,295.0
134040_1767723000,0,171.64,407.0
134040_1767723300,0,151.271,342.0
134040_1767723600,0,331.746,401.0
134040_1767723900,0,292.009,487.0
133957_1767729600,0,160.54,141.0
122048_1767729600,0,36.261,41.0
132430_1767729600,0,87.262,21.0
122048_1767729900,0,45.76,93.0
133957_1767729900,0,228.135,126.0
132430_1767729900,0,20.262,177.0
122048_1767730200,0,71.937,99.0
133957_1767730200,0,207.966,83.0
132430_1767730200,0,12.489,173.0
133957_1767730500,0,96.929,53.0
122048_1767730500,0,26.285,-3.0
132430_1767730500,0,85.176,146.0
122048_1767730800,0,47.878,25.0
133957_1767730800,0,-7.187,38.0
132430_1767730800,0,208.689,234.0
133957_1767731100,0,19.053,59.0
122048_1767731100,0,4.752,4.0
132430_1767731100,0,203.843,277.0
133957_1767731400,0,0.748,46.0
130072_1767731400,0,117.059,49.0
133957_1767731700,0,96.429,116.0
130072_1767731700,0,6.181,78.0
130072_1767732000,0,25.682,158.0
133957_1767732000,0,23.648,129.0
130072_1767732300,0,31.173,161.0
133957_1767732600,0,48.946,39.0
130072_1767732600,0,184.838,226.0
133957_1767732900,0,93.596,-49.0
130072_1767732900,0,160.462,187.0
130072_1767733200,0,119.146,125.0
133957_1767733200,0,93.43,59.0
130072_1767733500,0,120.776,125.0
133957_1767733500,0,-26.441,28.0
130072_1767733800,0,107.13,168.0
133957_1767733800,0,16.202,15.0
133957_1767734100,0,36.638,45.0
130072_1767734100,0,74.629,195.0
133957_1767734400,0,-15.844,7.0
130072_1767734400,0,45.721,163.0
130072_1767734700,0,15.336,0.0
133957_1767734700,0,52.896,65.0
134040_1767736800,0,9.309,0.0
134040_1767737100,0,8.481,0.0
134040_1767737400,0,16.518,0.0
134040_1767737700,0,14.081,0.0
134040_1767738000,0,17.989,0.0
134040_1767738300,0,10.042,0.0
132430_1767740400,0,219.926,151.0
132430_1767740700,0,227.46,124.0
132430_1767741000,0,206.881,60.0
132430_1767741300,0,53.744,85.0
132430_1767741600,0,106.413,189.0
132430_1767741900,0,81.792,160.0
129964_1767665100,0,35.025,-45.0
129964_1767665400,0,48.706,-37.0
129964_1767665700,0,74.922,-63.0
129964_1767666000,0,14.904,-113.0
129964_1767666300,0,16.725,-3.0
134040_1767673800,0,91.437,332.0
134040_1767674100,0,163.807,369.0
134040_1767674400,0,277.699,362.0
134040_1767674700,0,323.001,317.0
134040_1767675000,0,267.155,253.0
134040_1767675300,0,103.217,100.0
122048_1767679200,0,159.143,154.0
122048_1767679500,0,166.609,55.0
122048_1767679800,0,122.81,59.0
133957_1767688200,0,128.187,173.0
133957_1767688500,0,32.314,190.0
133957_1767688800,0,94.617,103.0
133957_1767689100,0,105.061,-9.0
133957_1767689400,0,14.426,-23.0
133957_1767689700,0,50.257,-32.0
122658_1767695700,0,13.102,9.0
122658_1767696000,0,36.027,100.0
122658_1767696300,0,52.838,271.0
122658_1767696600,0,76.509,376.0
122658_1767696900,0,187.576,318.0
122658_1767699000,0,-19.975,0.0
122658_1767699300,0,-37.311,0.0
122658_1767699600,0,5.536,0.0
122658_1767699900,0,82.357,72.0
122658_1767700200,0,138.485,183.0
122658_1767700500,0,99.202,192.0
122048_1767708000,0,0.448,0.0
122048_1767708300,0,-2.91,0.0
122048_1767709500,0,-31.924,-276.0
135081_1767715200,0,50.723,100.0
135081_1767715500,0,99.944,74.0
135081_1767715800,0,110.281,82.0
135081_1767716100,0,176.759,47.0
135081_1767716400,0,70.544,118.0
135081_1767716700,0,104.101,137.0
133300_1767717000,0,-75.825,-12.0
133300_1767717300,0,-43.859,-28.0
133300_1767717600,0,-17.002,-46.0
133300_1767717900,0,87.033,25.0
133300_1767718200,0,107.897,26.0
133300_1767718500,0,56.038,129.0
134040_1767731400,0,264.629,214.0
134040_1767731700,0,173.328,152.0
134040_1767732000,0,185.597,152.0
134040_1767732300,0,193.746,181.0
134040_1767732600,0,172.089,230.0
134040_1767732900,0,222.781,315.0
134494_1767740400,0,-2.707,0.0
134494_1767740700,0,-1.242,0.0
134494_1767741000,0,0.881,0.0
134494_1767741300,0,-0.507,0.0
134494_1767741600,0,0.321,0.0
134494_1767741900,0,-1.34,0.0
133957_1767670200,1,71.605,133.0
134040_1767670200,1,147.297,110.0
133957_1767670500,1,15.357,55.0
134040_1767670500,1,98.846,129.0
133957_1767670800,1,21.209,-10.0
134040_1767670800,1,96.967,132.0
134040_1767671100,1,122.589,60.0
133957_1767671100,1,-29.827,-86.0
134040_1767671400,1,99.443,43.0
133957_1767671400,1,-13.261,-86.0
133957_1767671700,1,-16.83,-40.0
134040_1767671700,1,51.757,-29.0
130238_1767673800,1,77.91,10.0
130238_1767674100,1,82.877,131.0
130238_1767674400,1,87.943,168.0
130238_1767674700,1,109.941,240.0
130238_1767675000,1,124.998,233.0
133300_1767675600,1,176.369,180.0
133300_1767675900,1,151.302,135.0
133300_1767676200,1,174.096,170.0
133300_1767676500,1,122.523,169.0
133300_1767676800,1,151.955,289.0
130238_1767679500,1,-37.068,0.0
130238_1767679800,1,-30.967,0.0
132430_1767679800,1,5.05,73.0
132430_1767680100,1,32.089,73.0
130238_1767680100,1,-17.52,0.0
130238_1767680400,1,-2.863,0.0
132430_1767680400,1,26.208,-15.0
132430_1767680700,1,44.355,-42.0
130238_1767680700,1,4.237,0.0
129964_1767681000,1,86.817,7.0
129964_1767681300,1,34.409,47.0
129964_1767681600,1,70.475,39.0
131672_1767681900,1,22.929,37.0
129964_1767681900,1,32.511,148.0
131672_1767682200,1,55.515,13.0
129964_1767682200,1,2.423,188.0
129964_1767682500,1,-12.428,84.0
131672_1767682500,1,79.809,16.0
132430_1767682800,1,221.082,267.0
122658_1767682800,1,-14.178,0.0
129964_1767682800,1,86.589,70.0
132430_1767683100,1,209.798,408.0
129964_1767683100,1,88.267,154.0
122658_1767683100,1,-2.614,0.0
129964_1767683400,1,12.769,81.0
122658_1767683400,1,-1.328,-11.0
132430_1767683400,1,319.823,270.0
129964_1767683700,1,113.274,145.0
122658_1767683700,1,112.168,96.0
132430_1767683700,1,223.164,163.0
122658_1767684000,1,158.747,58.0
129964_1767684000,1,80.231,134.0
132430_1767684000,1,120.89,246.0
122658_1767684300,1,40.99,118.0
132430_1767684300,1,147.265,230.0
130238_1767684300,1,22.497,16.0
122658_1767684600,1,111.263,97.0
132430_1767684600,1,106.217,215.0
132430_1767684900,1,139.227,183.0
122658_1767684900,1,127.961,97.0
122658_1767685200,1,-4.59,0.0
132430_1767685500,1,-1.108,167.0
122658_1767685500,1,0.379,0.0
132430_1767685800,1,26.441,64.0
122658_1767685800,1,-26.44,0.0
132430_1767686100,1,46.799,53.0
122658_1767686100,1,-13.014,0.0
132430_1767686400,1,65.085,30.0
132430_1767686700,1,94.811,53.0
132430_1767687000,1,33.74,42.0
132430_1767687300,1,12.127,-108.0
132430_1767687600,1,-64.503,-132.0
132430_1767687900,1,46.096,-101.0
130238_1767688200,1,24.18,27.0
130238_1767688500,1,30.217,-8.0
130238_1767688800,1,63.976,-92.0
130238_1767689100,1,-8.101,-120.0
130238_1767689400,1,-96.817,37.0
130238_1767689700,1,-44.996,57.0
134040_1767690000,1,13.114,159.0
131672_1767690000,1,-54.468,-208.0
134040_1767690300,1,-20.999,-28.0
131672_1767690300,1,-108.196,-157.0
131672_1767690600,1,-123.125,-39.0
131672_1767690900,1,-97.041,-68.0
131672_1767691200,1,-94.407,-65.0
131672_1767691500,1,-56.42,-10.0
133957_1767691800,1,48.501,48.0
130238_1767691800,1,18.093,0.0
130238_1767692100,1,1.068,0.0
133957_1767692100,1,69.081,50.0
130238_1767692400,1,0.844,0.0
133957_1767692400,1,74.28,223.0
130238_1767692700,1,-12.115,0.0
133957_1767692700,1,21.82,191.0
130238_1767693000,1,1.363,0.0
133957_1767693000,1,90.507,80.0
130238_1767693300,1,30.215,0.0
133957_1767693300,1,40.993,23.0
132430_1767693600,1,46.12,132.0
132430_1767693900,1,35.798,33.0
132430_1767694200,1,58.541,90.0
132430_1767694500,1,73.791,144.0
132430_1767694800,1,123.316,233.0
132430_1767695100,1,128.71,116.0
132430_1767697200,1,91.584,17.0
133300_1767697200,1,14.767,49.0
132430_1767697500,1,39.252,86.0
133300_1767697500,1,-15.573,77.0
132430_1767697800,1,44.059,70.0
133300_1767697800,1,-25.419,65.0
133300_1767698100,1,74.25,151.0
132430_1767698100,1,49.967,49.0
132430_1767698400,1,69.439,49.0
133300_1767698400,1,174.594,225.0
132430_1767702600,1,152.667,-64.0
135081_1767702600,1,-28.759,-131.0
135081_1767702900,1,18.38,-144.0
132430_1767702900,1,-31.333,-181.0
131672_1767703200,1,23.954,17.0
132430_1767703200,1,-13.561,-100.0
135081_1767703200,1,-79.827,-171.0
132430_1767703500,1,-7.678,-75.0
131672_1767703500,1,34.061,76.0
135081_1767703500,1,-91.816,-72.0
132430_1767703800,1,-63.879,-58.0
135081_1767703800,1,49.322,-16.0
131672_1767703800,1,93.128,53.0
131672_1767704100,1,-2.594,192.0
132430_1767704100,1,-66.858,-74.0
135081_1767704100,1,64.442,-27.0
122048_1767704400,1,23.328,0.0
122048_1767704700,1,17.812,0.0
122048_1767705000,1,-0.009,0.0
122048_1767705300,1,5.628,0.0
122048_1767705600,1,2.464,0.0
122048_1767705900,1,-0.236,0.0
134040_1767706200,1,132.225,123.0
134040_1767706500,1,100.268,172.0
134040_1767706800,1,140.186,317.0
134040_1767707100,1,121.197,231.0
134040_1767707400,1,204.124,234.0
134040_1767707700,1,174.869,200.0
133957_1767708000,1,177.725,253.0
132430_1767708000,1,218.513,192.0
135081_1767708000,1,181.341,19.0
133957_1767708300,1,188.603,180.0
132430_1767708300,1,107.999,68.0
135081_1767708300,1,65.202,-36.0
135081_1767708600,1,-45.566,-19.0
132430_1767708600,1,24.048,-7.0
133957_1767708600,1,208.585,238.0
132430_1767708900,1,111.592,115.0
135081_1767708900,1,-33.14,-17.0
133957_1767708900,1,232.155,170.0
132430_1767709200,1,95.836,98.0
135081_1767709200,1,-64.314,-17.0
133957_1767709200,1,219.12,81.0
132430_1767709500,1,136.344,158.0
135081_1767709500,1,-33.263,-102.0
134040_1767711600,1,231.958,199.0
134040_1767711900,1,233.305,181.0
134040_1767712200,1,240.015,202.0
134040_1767712500,1,182.457,199.0
134040_1767712800,1,127.15,183.0
134040_1767713100,1,221.3,91.0
133957_1767713400,1,-82.343,75.0
129964_1767713400,1,27.84,-129.0
129964_1767713700,1,-38.555,-33.0
133957_1767713700,1,8.328,-11.0
129964_1767714000,1,-16.425,25.0
129964_1767714300,1,61.118,8.0
129964_1767714600,1,22.33,-49.0
129964_1767714900,1,-3.941,-82.0
122048_1767715200,1,1.552,0.0
122048_1767715500,1,5.101,0.0
122048_1767715800,1,0.728,0.0
122048_1767716100,1,-0.026,0.0
122048_1767716400,1,10.07,0.0
122048_1767716700,1,19.247,0.0
135081_1767717000,1,43.472,92.0
135081_1767717300,1,59.487,-22.0
135081_1767717600,1,67.229,-133.0
135081_1767717900,1,-18.061,-127.0
135081_1767718200,1,-104.224,-51.0
135081_1767718500,1,-87.796,-77.0
130238_1767718800,1,-41.987,-85.0
122658_1767718800,1,2.872,107.0
130238_1767719100,1,102.382,99.0
122658_1767719100,1,127.957,88.0
122658_1767719400,1,35.248,0.0
130238_1767719400,1,143.709,160.0
122658_1767719700,1,4.138,0.0
130238_1767719700,1,81.86,134.0
122048_1767720000,1,-30.579,-336.0
130238_1767720000,1,207.291,35.0
122658_1767720000,1,-6.199,0.0
122048_1767720300,1,-25.711,-130.0
130238_1767720300,1,125.321,41.0
122658_1767720300,1,0.334,0.0
122048_1767722400,1,-152.093,-146.0
122048_1767722700,1,-95.979,-104.0
122048_1767723000,1,-110.066,-70.0
122048_1767723300,1,-26.064,48.0
122048_1767723600,1,-33.135,66.0
122048_1767723900,1,40.467,50.0
131672_1767724200,1,301.877,368.0
131672_1767724500,1,342.665,365.0
132430_1767733200,1,302.164,153.0
132430_1767733500,1,235.946,168.0
132430_1767733800,1,193.309,179.0
132430_1767734100,1,219.471,96.0
134494_1767738600,1,-11.478,0.0
134494_1767738900,1,4.115,0.0
134494_1767739200,1,-1.051,0.0
134494_1767739500,1,1.061,0.0
134494_1767739800,1,1.884,0.0
134494_1767740100,1,-1.671,0.0
132430_1767742200,1,168.201,74.0
132430_1767743400,1,93.633,91.0
132430_1767743700,1,120.779,154.0
129964_1767665100,1,16.936,-45.0
129964_1767665400,1,48.393,-37.0
129964_1767665700,1,83.925,-63.0
129964_1767666000,1,31.779,-113.0
129964_1767666300,1,1.786,-3.0
129964_1767668400,1,60.008,-26.0
131672_1767668400,1,251.652,220.0
131672_1767668700,1,202.544,407.0
129964_1767669000,1,-18.344,-51.0
131672_1767669000,1,147.462,408.0
129964_1767669300,1,-23.551,-40.0
131672_1767669300,1,299.347,322.0
131672_1767669600,1,327.618,294.0
129964_1767669600,1,36.147,-21.0
129964_1767669900,1,-19.922,10.0
122048_1767679200,1,168.706,154.0
122048_1767679500,1,163.335,55.0
122048_1767679800,1,107.568,59.0
135081_1767679800,1,15.197,6.0
135081_1767680100,1,41.884,42.0
135081_1767680400,1,60.55,-2.0
135081_1767680700,1,66.055,-23.0
135081_1767682800,1,-111.838,-127.0
135081_1767683100,1,-112.645,-186.0
135081_1767683400,1,-142.053,-182.0
135081_1767683700,1,-74.341,-134.0
135081_1767684000,1,-88.555,-142.0
135081_1767684300,1,-68.195,-79.0
134040_1767686400,1,150.687,43.0
134040_1767686700,1,118.621,6.0
134040_1767687000,1,104.537,24.0
134040_1767687300,1,50.108,37.0
134040_1767687600,1,109.931,113.0
134040_1767687900,1,40.64,149.0
133300_1767691800,1,-13.734,-58.0
133300_1767692100,1,-31.652,-58.0
133300_1767692400,1,-5.53,-31.0
133300_1767692700,1,2.549,-41.0
133300_1767693000,1,12.728,-24.0
133300_1767693300,1,-12.565,47.0
122658_1767699000,1,-10.053,0.0
122658_1767699300,1,-15.485,0.0
122658_1767699600,1,-0.325,0.0
122658_1767699900,1,90.767,72.0
122658_1767700200,1,175.502,183.0
122658_1767700500,1,166.889,192.0
129964_1767700800,1,33.926,77.0
132430_1767700800,1,-114.31,-169.0
132430_1767701100,1,-74.952,-262.0
129964_1767701100,1,89.381,80.0
129964_1767701400,1,99.687,61.0
132430_1767701400,1,-29.164,-258.0
129964_1767701700,1,17.369,-43.0
132430_1767701700,1,123.675,84.0
129964_1767702000,1,-50.463,-38.0
132430_1767702000,1,115.474,87.0
132430_1767702300,1,243.352,90.0
129964_1767702300,1,-66.788,-108.0
134040_1767708000,1,98.474,60.0
134040_1767708300,1,102.967,25.0
134040_1767708600,1,42.701,61.0
134040_1767708900,1,-4.213,61.0
134040_1767709200,1,8.32,81.0
134040_1767709500,1,49.46,56.0
122613_1767711600,1,46.059,0.0
122613_1767711900,1,18.68,0.0
122613_1767712500,1,-14.988,0.0
122613_1767712800,1,-26.075,0.0
122613_1767713100,1,-4.656,0.0
133300_1767720600,1,53.223,99.0
133300_1767720900,1,84.987,154.0
133300_1767721200,1,155.392,113.0
133300_1767721500,1,17.772,-28.0
133300_1767721800,1,-31.256,-28.0
133300_1767722100,1,88.115,193.0
135081_1767724500,1,52.778,112.0
135081_1767724800,1,83.269,246.0
135081_1767725100,1,105.967,166.0
135081_1767725400,1,239.671,241.0
135081_1767725700,1,222.416,313.0
135081_1767727800,1,-29.649,-58.0
135081_1767728100,1,-40.068,58.0
135081_1767728400,1,-26.276,40.0
135081_1767728700,1,43.891,-16.0
135081_1767729000,1,-18.314,-62.0
135081_1767729300,1,-40.973,-45.0
135081_1767735000,1,-48.467,-184.0
135081_1767735300,1,-113.562,-69.0
135081_1767735600,1,-110.373,-88.0
135081_1767735900,1,-46.859,-130.0
135081_1767736200,1,-50.658,-161.0
135081_1767736500,1,-106.539,-191.0
122048_1767665400,1,-6.419,-25.0
122048_1767665700,1,6.427,0.0
122048_1767666000,1,33.211,0.0
122048_1767666300,1,16.62,0.0
122048_1767666600,1,-27.952,0.0
122048_1767666900,1,-30.233,0.0
122048_1767667200,1,-26.974,0.0
122048_1767667500,1,-10.656,0.0
122048_1767667800,1,-17.974,0.0
134040_1767667800,1,48.214,20.0
122048_1767668100,1,-11.628,0.0
134040_1767668100,1,65.014,93.0
135081_1767670200,1,34.359,14.0
135081_1767670500,1,41.527,63.0
135081_1767670800,1,77.103,54.0
135081_1767671100,1,59.643,45.0
135081_1767671400,1,73.019,84.0
135081_1767671700,1,50.459,104.0
129964_1767672000,1,58.686,-7.0
122048_1767672300,1,18.885,66.0
129964_1767672300,1,-27.972,-9.0
122048_1767672600,1,101.681,66.0
122048_1767672900,1,84.042,170.0
130238_1767672900,1,21.877,-23.0
129964_1767672900,1,-24.943,-29.0
129964_1767673200,1,55.216,-57.0
130238_1767673200,1,70.439,39.0
122048_1767673200,1,111.632,41.0
129964_1767673500,1,75.984,19.0
122048_1767673500,1,104.072,25.0
130238_1767673500,1,89.587,26.0
122048_1767675600,1,-13.505,-68.0
129964_1767675600,1,34.803,46.0
122048_1767675900,1,-39.42,-86.0
129964_1767675900,1,72.099,20.0
129964_1767676200,1,89.088,91.0
122048_1767676200,1,1.207,25.0
122048_1767676500,1,-14.108,-41.0
122048_1767676800,1,51.116,-163.0
122048_1767677100,1,25.44,-177.0
133957_1767677400,1,-2.53,-91.0
133957_1767679500,1,19.973,49.0
133957_1767679800,1,46.28,71.0
133957_1767680100,1,87.898,111.0
133957_1767680400,1,0.329,18.0
129964_1767680400,1,53.432,-51.0
133957_1767680700,1,87.838,39.0
129964_1767680700,1,58.514,-106.0
129964_1767684600,1,-68.671,-29.0
122048_1767684600,1,297.899,350.0
122048_1767684900,1,303.199,304.0
129964_1767684900,1,7.773,-70.0
122048_1767685200,1,321.832,183.0
129964_1767685200,1,86.702,-34.0
122048_1767685500,1,177.262,141.0
129964_1767685500,1,-29.64,-4.0
129964_1767685800,1,38.897,17.0
122048_1767685800,1,97.499,45.0
122048_1767686100,1,75.507,-35.0
129964_1767686100,1,15.924,162.0
129964_1767686400,1,-79.698,97.0
129964_1767686700,1,14.025,64.0
129964_1767687000,1,27.073,42.0
129964_1767687300,1,80.857,108.0
129964_1767687600,1,10.471,8.0
129964_1767687900,1,57.063,95.0
131672_1767688200,1,49.695,16.0
122048_1767688200,1,5.88,68.0
122048_1767688500,1,78.078,49.0
131672_1767688500,1,41.158,20.0
122048_1767688800,1,66.484,76.0
131672_1767688800,1,61.151,-17.0
131672_1767689100,1,71.841,17.0
122048_1767689100,1,-6.064,94.0
131672_1767689400,1,26.024,-72.0
122048_1767689400,1,40.039,121.0
122613_1767689700,1,31.198,49.0
122048_1767689700,1,43.408,116.0
131672_1767689700,1,24.519,-222.0
122613_1767693600,1,-95.715,-180.0
122048_1767693600,1,-84.686,-142.0
133957_1767693600,1,32.808,-24.0
122613_1767693900,1,-132.753,-108.0
122048_1767693900,1,-101.474,-110.0
133957_1767693900,1,-25.057,13.0
122613_1767694200,1,-168.972,-140.0
122048_1767694200,1,-88.76,-50.0
133957_1767694200,1,-6.417,21.0
122613_1767694500,1,-58.146,-70.0
133957_1767694500,1,-56.05,-22.0
122048_1767694500,1,-86.246,-184.0
133957_1767694800,1,8.476,24.0
122048_1767694800,1,-59.458,-250.0
122613_1767694800,1,-84.192,-38.0
122613_1767695100,1,-26.363,30.0
122048_1767695100,1,-60.57,-359.0
133957_1767695100,1,-48.305,-17.0
131672_1767698100,1,-1.582,27.0
131672_1767698400,1,46.956,60.0
131672_1767698700,1,66.44,82.0
122658_1767702600,1,-4.473,0.0
122048_1767702600,1,168.368,144.0
122658_1767702900,1,-9.784,0.0
122048_1767702900,1,92.294,138.0
122658_1767703200,1,-12.05,0.0
122048_1767703200,1,48.2,87.0
122658_1767703500,1,-1.582,0.0
122048_1767703500,1,54.757,84.0
122658_1767703800,1,30.601,103.0
122048_1767703800,1,15.606,84.0
122658_1767704100,1,128.234,252.0
122048_1767704100,1,3.918,0.0
135081_1767704400,1,9.234,11.0
135081_1767705900,1,-5.508,79.0
129964_1767708000,1,1.3,-6.0
129964_1767708600,1,-46.01,-114.0
131672_1767708600,1,6.564,60.0
131672_1767708900,1,58.185,90.0
129964_1767708900,1,-11.936,-106.0
131672_1767709200,1,100.661,91.0
129964_1767709200,1,26.837,-77.0
131672_1767709500,1,49.847,115.0
129964_1767709500,1,-155.457,-93.0
122613_1767709800,1,-3.116,0.0
135081_1767709800,1,-30.922,-84.0
134040_1767709800,1,52.746,79.0
122613_1767710100,1,-15.532,0.0
135081_1767710100,1,-20.639,-126.0
134040_1767710100,1,24.745,4.0
122613_1767710400,1,-16.693,0.0
134040_1767710400,1,74.111,68.0
135081_1767710400,1,-51.936,-128.0
135081_1767710700,1,-71.921,-145.0
122613_1767710700,1,-11.186,0.0
134040_1767710700,1,75.9,87.0
134040_1767711000,1,95.643,187.0
122613_1767711000,1,4.17,0.0
135081_1767711000,1,-72.933,-175.0
134040_1767711300,1,84.27,267.0
122613_1767711300,1,12.611,0.0
135081_1767711300,1,-17.2,-168.0
131672_1767711600,1,-67.357,-47.0
133957_1767711600,1,149.562,26.0
133957_1767711900,1,87.696,17.0
131672_1767711900,1,-26.118,-52.0
133300_1767712200,1,7.899,-35.0
133957_1767712200,1,-32.317,28.0
133957_1767712500,1,12.662,-36.0
133300_1767712500,1,42.551,-35.0
133300_1767712800,1,65.112,36.0
133957_1767712800,1,-5.14,-93.0
133300_1767713100,1,39.262,-9.0
133957_1767713100,1,-30.47,74.0
122658_1767713400,1,54.316,86.0
130238_1767713400,1,59.452,-99.0
122048_1767713400,1,-18.376,0.0
122658_1767713700,1,77.297,159.0
122048_1767713700,1,10.819,0.0
130238_1767713700,1,-39.419,-47.0
122048_1767714000,1,-58.32,0.0
130238_1767714000,1,-35.218,-41.0
122658_1767714000,1,128.514,225.0
130238_1767714300,1,-55.541,-45.0
122048_1767714300,1,19.791,0.0
122658_1767714300,1,111.518,348.0
122048_1767714600,1,4.629,0.0
130238_1767714600,1,-4.415,-30.0
122658_1767714600,1,121.607,362.0
130238_1767714900,1,-13.546,-78.0
122658_1767714900,1,25.844,2.0
122048_1767714900,1,3.882,0.0
122613_1767715200,1,-0.672,0.0
133300_1767715200,1,28.084,22.0
122613_1767715500,1,-40.115,0.0
133300_1767715500,1,43.572,-24.0
122613_1767715800,1,-72.578,-18.0
133300_1767715800,1,41.2,-87.0
133300_1767716100,1,11.173,-38.0
122613_1767716100,1,-51.339,11.0
133300_1767716400,1,134.418,207.0
122613_1767716400,1,5.272,-88.0
122613_1767716700,1,77.106,-27.0
122613_1767717000,1,-28.174,-62.0
129964_1767717300,1,-38.878,-111.0
122613_1767717300,1,9.462,-54.0
122613_1767717600,1,-23.556,-11.0
129964_1767717600,1,11.049,-126.0
122613_1767717900,1,-33.347,55.0
129964_1767717900,1,75.288,38.0
129964_1767718200,1,-39.249,57.0
122613_1767718200,1,46.899,72.0
122613_1767718500,1,55.16,72.0
129964_1767718500,1,119.197,71.0
135081_1767718800,1,-95.621,-153.0
133300_1767718800,1,163.906,231.0
135081_1767719100,1,-27.545,-144.0
135081_1767719400,1,-60.196,-123.0
133300_1767719400,1,-57.9,-24.0
135081_1767719700,1,-73.905,-137.0
133300_1767719700,1,29.876,22.0
133300_1767720000,1,48.51,-46.0
135081_1767720000,1,-37.415,-199.0
133300_1767720300,1,121.483,-26.0
135081_1767720300,1,2.255,-231.0
122048_1767720600,1,0.535,-32.0
135081_1767720600,1,-108.065,-180.0
130238_1767720600,1,72.955,-64.0
122048_1767720900,1,-68.069,-32.0
135081_1767720900,1,-19.621,-34.0
130238_1767720900,1,88.192,-125.0
130238_1767721200,1,80.385,-103.0
122048_1767721200,1,33.933,-108.0
135081_1767721200,1,-9.618,4.0
135081_1767721500,1,8.669,12.0
122048_1767721500,1,-41.957,-141.0
130238_1767721500,1,-39.027,-170.0
122048_1767721800,1,-82.377,-174.0
135081_1767721800,1,42.459,48.0
122048_1767722100,1,-93.233,-157.0
133300_1767722400,1,51.637,310.0
134040_1767722400,1,100.782,107.0
134040_1767722700,1,103.648,295.0
133300_1767722700,1,181.857,406.0
133300_1767723000,1,284.675,580.0
134040_1767723000,1,160.878,407.0
134040_1767723300,1,187.151,342.0
134040_1767723600,1,343.691,401.0
133300_1767723600,1,115.077,-5.0
134040_1767723900,1,305.734,487.0
132430_1767724200,1,269.281,309.0
134040_1767724200,1,344.818,465.0
134040_1767724500,1,357.468,409.0
132430_1767724500,1,294.005,299.0
132430_1767724800,1,97.956,45.0
132430_1767725100,1,114.558,45.0
132430_1767725400,1,112.928,-1.0
132430_1767725700,1,60.759,27.0
122048_1767728700,1,-12.333,-348.0
133957_1767729000,1,73.147,39.0
122048_1767729000,1,16.106,-142.0
122048_1767729300,1,46.127,36.0
133957_1767729300,1,121.57,171.0
133957_1767729600,1,164.659,141.0
133957_1767729900,1,242.397,126.0
133957_1767730200,1,231.454,83.0
133957_1767730500,1,113.391,53.0
133957_1767730800,1,-11.89,38.0
133957_1767731100,1,27.409,59.0
132430_1767731400,1,238.968,192.0
132430_1767731700,1,258.433,201.0
131672_1767732000,1,46.486,32.0
132430_1767732000,1,159.668,167.0
132430_1767732300,1,190.425,337.0
131672_1767732300,1,96.244,16.0
132430_1767732600,1,277.906,338.0
131672_1767732600,1,182.375,34.0
131672_1767732900,1,124.455,41.0
132430_1767732900,1,323.293,238.0
135081_1767733200,1,159.252,40.0
135081_1767733500,1,168.342,44.0
135081_1767733800,1,120.621,51.0
135081_1767734100,1,69.864,-16.0
135081_1767734400,1,115.71,-59.0
135081_1767734700,1,37.009,-170.0
131672_1767666900,1,36.251,79.0
131672_1767667200,1,108.695,79.0
131672_1767667500,1,125.326,212.0
131672_1767667800,1,169.869,312.0
131672_1767668100,1,158.721,273.0
134040_1767673800,1,99.27,332.0
134040_1767674100,1,162.269,369.0
134040_1767674400,1,297.464,362.0
134040_1767674700,1,325.775,317.0
134040_1767675000,1,282.051,253.0
134040_1767675300,1,74.632,100.0
133300_1767679200,1,57.679,65.0
133300_1767679800,1,28.197,-49.0
133300_1767680100,1,4.088,-49.0
133300_1767680400,1,40.01,-42.0
133300_1767680700,1,24.668,26.0
133957_1767684600,1,39.18,22.0
133957_1767684900,1,1.745,-55.0
133957_1767685200,1,-11.212,-36.0
133957_1767685500,1,-56.966,-95.0
133957_1767685800,1,-53.261,7.0
133957_1767686100,1,-98.583,-55.0
133957_1767706200,1,88.479,222.0
133957_1767706500,1,43.581,296.0
133957_1767706800,1,99.688,294.0
133957_1767707100,1,180.264,182.0
133957_1767707400,1,232.737,292.0
133957_1767707700,1,143.724,252.0
133300_1767717000,1,-72.487,-12.0
133300_1767717300,1,-20.883,-28.0
133300_1767717600,1,16.052,-46.0
133300_1767717900,1,89.737,25.0
133300_1767718200,1,124.077,26.0
133300_1767718500,1,79.766,129.0
132430_1767666900,1,-11.348,46.0
132430_1767667200,1,16.715,102.0
132430_1767667500,1,24.008,-23.0
132430_1767667800,1,72.568,-2.0
132430_1767668100,1,127.577,27.0
122048_1767668400,1,10.518,0.0
133957_1767668400,1,-47.958,-34.0
122048_1767668700,1,6.481,0.0
122048_1767669000,1,6.859,0.0
133957_1767669300,1,43.574,46.0
122048_1767669300,1,7.807,0.0
122048_1767669600,1,9.098,0.0
133957_1767669600,1,22.645,58.0
133957_1767669900,1,47.184,40.0
122048_1767669900,1,27.064,0.0
129964_1767670200,1,50.708,74.0
122048_1767670200,1,13.904,0.0
122048_1767670500,1,4.28,0.0
129964_1767670500,1,26.236,61.0
132430_1767670500,1,32.654,215.0
129964_1767670800,1,39.041,-16.0
122048_1767670800,1,8.824,0.0
132430_1767670800,1,30.875,162.0
129964_1767671100,1,34.735,-55.0
132430_1767671100,1,109.875,137.0
122048_1767671100,1,5.722,0.0
122048_1767671400,1,6.644,0.0
129964_1767671400,1,76.423,22.0
132430_1767671400,1,205.201,244.0
132430_1767671700,1,170.173,324.0
122048_1767671700,1,4.429,0.0
129964_1767671700,1,23.519,-50.0
135081_1767672000,1,-12.496,-33.0
132430_1767672000,1,161.407,364.0
135081_1767672300,1,-21.452,-40.0
132430_1767672300,1,202.581,275.0
135081_1767672600,1,-21.807,-145.0
132430_1767672600,1,239.894,322.0
132430_1767672900,1,242.956,130.0
135081_1767672900,1,-24.134,-98.0
132430_1767673200,1,254.755,129.0
135081_1767673200,1,-71.16,71.0
132430_1767673500,1,208.178,265.0
135081_1767673500,1,-82.975,64.0
135081_1767673800,1,-73.733,111.0
135081_1767674100,1,53.654,80.0
135081_1767674400,1,109.989,122.0
135081_1767674700,1,35.046,94.0
135081_1767675000,1,104.596,53.0
135081_1767675300,1,107.658,208.0
133957_1767675600,1,7.627,-10.0
135081_1767675600,1,67.123,299.0
133957_1767675900,1,-21.733,-32.0
135081_1767675900,1,208.168,224.0
135081_1767676200,1,267.17,126.0
133957_1767676200,1,-26.176,95.0
135081_1767676500,1,169.655,-30.0
133957_1767676500,1,-9.329,61.0
133957_1767676800,1,-17.594,7.0
133957_1767677100,1,84.489,-94.0
133300_1767677400,1,-41.126,87.0
134040_1767677400,1,64.023,71.0
134040_1767677700,1,45.342,174.0
133300_1767677700,1,30.76,87.0
133300_1767678000,1,28.577,108.0
134040_1767678000,1,31.253,-25.0
133300_1767678300,1,61.919,59.0
133300_1767678600,1,111.331,40.0
133300_1767678900,1,58.339,-2.0
134040_1767679800,1,19.642,23.0
134040_1767680100,1,46.082,26.0
134040_1767680400,1,79.583,-52.0
134040_1767680700,1,4.243,-87.0
133957_1767682800,1,-77.552,-74.0
133300_1767682800,1,28.515,135.0
133957_1767683100,1,-20.573,-8.0
133300_1767683100,1,221.845,169.0
133300_1767683400,1,167.763,166.0
133300_1767683700,1,209.807,240.0
133957_1767683700,1,50.651,10.0
133957_1767684000,1,77.828,33.0
133300_1767684000,1,82.413,116.0
133300_1767684300,1,114.587,116.0
133957_1767684300,1,82.19,71.0
131672_1767684600,1,14.337,-63.0
131672_1767684900,1,-4.888,-96.0
131672_1767685200,1,-3.441,-126.0
132430_1767688200,1,133.961,194.0
132430_1767688500,1,112.521,268.0
132430_1767688800,1,226.755,284.0
132430_1767689100,1,156.511,163.0
132430_1767689400,1,183.827,85.0
132430_1767689700,1,186.823,7.0
122658_1767690000,1,-28.175,-34.0
130238_1767690000,1,-3.159,40.0
130238_1767690300,1,78.128,49.0
122658_1767690300,1,-19.467,-34.0
130238_1767690600,1,10.93,57.0
122658_1767690600,1,-32.724,-34.0
122658_1767690900,1,-17.334,-34.0
130238_1767691200,1,18.785,0.0
130238_1767691500,1,-28.136,0.0
133300_1767693600,1,150.621,168.0
133300_1767694200,1,24.592,-63.0
133300_1767694500,1,-35.103,-63.0
133300_1767694800,1,-16.567,54.0
133300_1767695100,1,-30.389,90.0
132430_1767695400,1,98.767,26.0
122613_1767695400,1,25.551,123.0
132430_1767695700,1,121.364,30.0
122613_1767695700,1,14.861,61.0
132430_1767696000,1,50.114,-71.0
132430_1767696300,1,153.522,221.0
132430_1767696600,1,144.968,264.0
122613_1767696900,1,-16.41,0.0
132430_1767696900,1,139.212,113.0
129964_1767697200,1,19.281,133.0
129964_1767697500,1,29.932,75.0
129964_1767697800,1,35.856,26.0
129964_1767698100,1,31.203,10.0
129964_1767698400,1,80.566,14.0
129964_1767698700,1,-12.753,0.0
133957_1767699000,1,-94.062,-96.0
132430_1767699000,1,-10.672,14.0
131672_1767699000,1,106.817,4.0
132430_1767699300,1,34.402,14.0
133957_1767699300,1,-138.372,-249.0
131672_1767699300,1,35.355,40.0
131672_1767699600,1,-33.658,-28.0
133957_1767699600,1,-48.114,-254.0
132430_1767699600,1,38.089,-87.0
132430_1767699900,1,63.256,-110.0
131672_1767699900,1,-120.513,-29.0
133957_1767699900,1,-57.39,-158.0
131672_1767700200,1,-68.117,-23.0
133957_1767700200,1,92.873,80.0
132430_1767700200,1,-55.558,-136.0
132430_1767700500,1,-67.678,-6.0
133957_1767700500,1,39.507,42.0
131672_1767700500,1,-44.813,-47.0
133300_1767700800,1,109.191,260.0
133300_1767701400,1,-54.039,-7.0
133300_1767701700,1,28.684,-7.0
133300_1767702000,1,-6.672,132.0
133300_1767702300,1,29.527,114.0
134040_1767704400,1,86.896,91.0
122658_1767704400,1,165.537,289.0
132430_1767704700,1,-48.732,16.0
134040_1767704700,1,77.619,-7.0
122658_1767704700,1,130.985,321.0
134040_1767705000,1,96.954,47.0
122658_1767705000,1,288.256,406.0
132430_1767705000,1,72.661,16.0
132430_1767705300,1,63.394,17.0
134040_1767705300,1,48.618,84.0
132430_1767705600,1,62.937,77.0
133957_1767705600,1,32.2,113.0
122658_1767705600,1,7.042,0.0
134040_1767705600,1,40.676,113.0
133957_1767705900,1,62.111,123.0
132430_1767705900,1,18.171,57.0
122658_1767705900,1,-23.23,0.0
134040_1767705900,1,77.161,37.0
122048_1767706200,1,-4.694,0.0
131672_1767706200,1,-34.002,37.0
131672_1767706500,1,51.356,131.0
122048_1767706500,1,-4.766,0.0
122048_1767706800,1,-3.769,0.0
122048_1767707100,1,14.913,0.0
122048_1767707400,1,1.592,0.0
122048_1767707700,1,10.397,0.0
122658_1767713100,1,53.585,27.0
122658_1767715200,1,29.211,0.0
129964_1767715200,1,-55.919,-134.0
122658_1767715500,1,-18.474,0.0
129964_1767715500,1,-70.263,-115.0
122658_1767715800,1,-16.356,0.0
129964_1767715800,1,-69.053,-2.0
129964_1767716100,1,-107.181,-46.0
122658_1767716100,1,9.183,0.0
129964_1767716400,1,-18.075,-13.0
133957_1767716400,1,64.271,115.0
122658_1767716400,1,9.85,0.0
133957_1767716700,1,74.352,104.0
129964_1767716700,1,-10.976,303.0
122658_1767716700,1,-12.863,0.0
122658_1767717000,1,0.881,0.0
122658_1767717600,1,90.584,-46.0
122658_1767717900,1,84.618,38.0
122658_1767718200,1,39.123,39.0
122658_1767718500,1,79.217,63.0
122048_1767724200,1,19.896,35.0
122048_1767724500,1,52.201,133.0
122048_1767724800,1,28.881,250.0
122048_1767725100,1,127.558,274.0
122048_1767725400,1,238.574,356.0
122048_1767725700,1,297.986,417.0
131672_1767727800,1,74.74,302.0
131672_1767728100,1,115.727,382.0
131672_1767728400,1,232.782,359.0
131672_1767728700,1,240.367,492.0
131672_1767729000,1,321.364,533.0
131672_1767729300,1,410.968,478.0
122048_1767729600,1,48.129,41.0
122048_1767729900,1,14.032,93.0
122048_1767730200,1,57.804,99.0
122048_1767730500,1,16.565,-3.0
122048_1767730800,1,45.658,25.0
122048_1767731100,1,2.66,4.0
122048_1767733200,1,3.092,0.0
122048_1767733500,1,4.596,0.0
122048_1767733800,1,6.791,0.0
122048_1767734100,1,23.071,0.0
122048_1767734400,1,26.849,0.0
122048_1767734700,1,32.251,0.0
133957_1767735000,1,-42.742,21.0
130072_1767735000,1,-23.091,0.0
130072_1767735300,1,10.504,0.0
133957_1767735300,1,84.668,50.0
133957_1767735600,1,36.471,77.0
130072_1767735600,1,2.947,0.0
130072_1767735900,1,-20.782,0.0
130072_1767736200,1,3.525,0.0
130072_1767736500,1,14.942,0.0
132430_1767738000,1,44.441,90.0
132430_1767738300,1,40.96,108.0
134040_1767738600,1,3.586,0.0
134040_1767738900,1,8.226,0.0
134040_1767739200,1,1.06,0.0
134040_1767739500,1,-2.731,0.0
134040_1767739800,1,-4.461,0.0
134040_1767740100,1,-4.315,0.0
134040_1767740400,1,1.624,0.0
134040_1767740700,1,-2.117,0.0
134040_1767668400,1,66.58,71.0
134040_1767668700,1,78.708,136.0
134040_1767669000,1,66.751,119.0
134040_1767669300,1,145.966,151.0
134040_1767669600,1,112.224,128.0
134040_1767669900,1,116.833,158.0
130238_1767675900,1,84.821,37.0
130238_1767676200,1,57.808,56.0
130238_1767676500,1,88.791,76.0
130238_1767676800,1,37.505,-9.0
130238_1767677100,1,67.451,38.0
134040_1767682800,1,9.481,72.0
134040_1767683100,1,99.768,131.0
134040_1767683400,1,33.461,29.0
134040_1767683700,1,122.666,-62.0
134040_1767684000,1,29.614,48.0
134040_1767684300,1,5.495,86.0
129964_1767688200,1,45.431,221.0
129964_1767688800,1,-50.735,-54.0
129964_1767689100,1,-17.733,-78.0
129964_1767689400,1,60.685,36.0
129964_1767689700,1,-9.795,81.0
132430_1767690000,1,119.21,-66.0
132430_1767690300,1,38.907,-139.0
131672_1767691800,1,-57.48,-92.0
122658_1767695700,1,11.485,9.0
122658_1767696000,1,37.177,100.0
122658_1767696300,1,55.586,271.0
122658_1767696600,1,73.585,376.0
122658_1767696900,1,181.965,318.0
129964_1767711600,1,-114.462,-143.0
129964_1767711900,1,-80.319,-3.0
129964_1767712200,1,-80.727,17.0
129964_1767712800,1,-15.177,-108.0
129964_1767713100,1,16.36,-108.0
134040_1767713400,1,110.907,36.0
134040_1767713700,1,101.067,21.0
134040_1767714000,1,56.132,108.0
134040_1767714300,1,-37.278,-44.0
133957_1767717000,1,119.75,134.0
133957_1767717300,1,138.546,71.0
133957_1767717600,1,97.367,37.0
133957_1767717900,1,135.001,-25.0
133957_1767718200,1,27.832,-42.0
133957_1767718500,1,-71.363,-28.0
134040_1767721500,1,39.909,7.0
134040_1767721800,1,53.25,78.0
134040_1767722100,1,80.075,106.0
132430_1767726000,1,128.368,156.0
132430_1767726300,1,149.939,141.0
132430_1767726600,1,121.802,46.0
132430_1767726900,1,131.838,10.0
132430_1767727200,1,100.87,217.0
132430_1767727500,1,106.836,260.0
130072_1767738600,1,2.353,0.0
130072_1767738900,1,-9.863,0.0
133957_1767666600,1,26.236,-32.0
129964_1767666600,1,-4.306,44.0
133957_1767666900,1,48.882,-32.0
129964_1767666900,1,6.844,16.0
133957_1767667200,1,57.231,17.0
129964_1767667200,1,-39.223,-27.0
129964_1767667500,1,8.465,2.0
133957_1767667500,1,41.213,-66.0
133957_1767667800,1,41.93,-74.0
129964_1767667800,1,38.796,-70.0
129964_1767668100,1,9.748,-76.0
133957_1767668100,1,24.905,-61.0
132430_1767668400,1,148.733,22.0
132430_1767668700,1,113.214,74.0
132430_1767669000,1,17.235,1.0
132430_1767669300,1,74.838,4.0
132430_1767669600,1,101.761,84.0
132430_1767669900,1,31.666,58.0
131672_1767673800,1,1.433,-73.0
131672_1767674100,1,5.055,121.0
131672_1767674400,1,29.221,145.0
131672_1767674700,1,171.89,125.0
131672_1767675000,1,131.934,166.0
133300_1767675000,1,7.268,99.0
133300_1767675300,1,126.788,99.0
131672_1767675300,1,45.287,88.0
132430_1767681000,1,51.225,32.0
133300_1767681000,1,33.793,12.0
132430_1767681300,1,84.853,126.0
133300_1767681300,1,41.506,-61.0
133300_1767681600,1,104.053,159.0
132430_1767681600,1,93.986,65.0
133300_1767681900,1,114.306,79.0
132430_1767681900,1,-10.216,-62.0
133300_1767682200,1,-4.735,79.0
132430_1767682200,1,50.487,-16.0
132430_1767682500,1,24.422,248.0
133300_1767682500,1,9.036,173.0
131672_1767682800,1,58.626,-48.0
131672_1767683100,1,6.385,-52.0
131672_1767683400,1,-51.904,-178.0
131672_1767683700,1,-55.335,-200.0
131672_1767684000,1,-77.853,-74.0
131672_1767684300,1,-30.838,24.0
133300_1767684600,1,94.117,214.0
133300_1767684900,1,50.332,244.0
133300_1767685200,1,205.976,255.0
133300_1767685500,1,230.639,286.0
133300_1767685800,1,212.71,404.0
130238_1767686400,1,190.184,107.0
122048_1767686400,1,40.044,-43.0
130238_1767686700,1,99.404,1.0
122048_1767686700,1,26.994,-49.0
122048_1767687000,1,1.795,104.0
122048_1767687300,1,-50.801,99.0
122048_1767687600,1,22.67,49.0
122048_1767687900,1,92.63,80.0
122658_1767688200,1,78.795,137.0
122658_1767688500,1,48.629,-33.0
122658_1767688800,1,99.216,-34.0
122658_1767689100,1,-28.309,-34.0
122658_1767689400,1,35.743,-34.0
122658_1767689700,1,-24.602,-34.0
133957_1767695400,1,-37.596,28.0
133957_1767696000,1,-2.734,138.0
133957_1767696300,1,36.208,156.0
133957_1767696600,1,93.327,185.0
133957_1767696900,1,153.244,111.0
130238_1767697200,1,48.148,40.0
130238_1767697500,1,16.984,32.0
129964_1767699000,1,13.563,80.0
135081_1767699000,1,218.916,28.0
129964_1767699300,1,8.019,49.0
135081_1767699300,1,123.2,45.0
135081_1767699600,1,64.517,55.0
135081_1767699900,1,-27.058,36.0
129964_1767699900,1,-65.087,-53.0
129964_1767700200,1,-8.461,-73.0
135081_1767700200,1,-54.721,-24.0
129964_1767700500,1,57.994,90.0
135081_1767700500,1,-105.132,-98.0
122048_1767700800,1,221.748,374.0
131672_1767700800,1,-61.835,-105.0
122613_1767700800,1,-97.602,-50.0
122658_1767700800,1,31.878,143.0
122048_1767701100,1,284.761,312.0
122658_1767701100,1,184.828,121.0
122613_1767701100,1,-113.813,-155.0
131672_1767701100,1,-114.454,-83.0
122613_1767701400,1,-115.862,-175.0
122048_1767701400,1,345.756,354.0
131672_1767701400,1,-40.356,-207.0
122658_1767701700,1,-2.581,0.0
122048_1767701700,1,292.643,273.0
122613_1767701700,1,-95.454,-47.0
122658_1767702000,1,10.142,0.0
122613_1767702000,1,-99.682,-61.0
122048_1767702000,1,200.462,252.0
122658_1767702300,1,38.303,0.0
122048_1767702300,1,174.169,158.0
122613_1767702300,1,-18.895,66.0
133957_1767702600,1,100.951,172.0
133300_1767702600,1,25.911,47.0
133300_1767702900,1,21.118,95.0
133957_1767702900,1,60.494,97.0
134040_1767703200,1,-59.945,-35.0
133957_1767703200,1,91.355,101.0
133300_1767703200,1,84.365,322.0
133957_1767703500,1,128.04,161.0
134040_1767703500,1,40.513,-35.0
134040_1767703800,1,61.227,52.0
133957_1767703800,1,22.723,40.0
133300_1767703800,1,-77.733,-25.0
133957_1767704100,1,115.099,139.0
134040_1767704100,1,54.185,87.0
129964_1767704400,1,-66.138,-106.0
129964_1767704700,1,-48.323,-150.0
129964_1767705000,1,-69.297,-165.0
129964_1767705300,1,21.638,-95.0
129964_1767705600,1,-29.696,11.0
122613_1767705900,1,-27.385,0.0
129964_1767705900,1,-102.241,-32.0
132430_1767706200,1,31.862,196.0
132430_1767706500,1,41.293,103.0
132430_1767706800,1,70.985,53.0
132430_1767707100,1,106.038,78.0
132430_1767707400,1,55.455,39.0
132430_1767707700,1,224.57,58.0
135081_1767711600,1,43.322,11.0
132430_1767711600,1,28.559,171.0
132430_1767711900,1,61.885,384.0
135081_1767711900,1,70.167,-12.0
132430_1767712200,1,130.547,291.0
135081_1767712200,1,39.812,-28.0
135081_1767712500,1,22.794,59.0
132430_1767712500,1,236.037,226.0
130238_1767712500,1,5.217,10.0
130238_1767712800,1,56.069,-40.0
132430_1767712800,1,265.495,258.0
130238_1767713100,1,68.763,-124.0
132430_1767713100,1,203.032,199.0
131672_1767713400,1,34.438,12.0
131672_1767713700,1,73.076,86.0
131672_1767714000,1,52.916,67.0
131672_1767714300,1,85.957,70.0
131672_1767714600,1,43.294,13.0
131672_1767714900,1,-34.612,-150.0
130238_1767717000,1,94.731,-55.0
130238_1767717300,1,62.402,-41.0
130238_1767717600,1,-46.776,-57.0
130238_1767717900,1,-18.994,-92.0
130238_1767718200,1,-18.913,-38.0
130238_1767718500,1,6.351,-3.0
129964_1767718800,1,89.467,39.0
129964_1767719100,1,-16.865,-44.0
129964_1767719400,1,-80.415,-130.0
129964_1767719700,1,-47.784,-135.0
129964_1767720000,1,-44.97,-14.0
129964_1767720300,1,-41.946,-105.0
122048_1767726000,1,375.829,481.0
122048_1767726300,1,418.691,523.0
122048_1767727200,1,70.315,-54.0
132430_1767729600,1,67.534,21.0
132430_1767729900,1,13.248,177.0
130072_1767730200,1,34.297,60.0
132430_1767730200,1,15.346,173.0
132430_1767730500,1,98.013,146.0
130072_1767730500,1,38.536,60.0
130072_1767730800,1,69.389,106.0
132430_1767730800,1,233.672,234.0
130072_1767731100,1,126.638,22.0
132430_1767731100,1,235.884,277.0
130072_1767731400,1,119.028,49.0
130072_1767731700,1,2.631,78.0
130072_1767732000,1,37.601,158.0
130072_1767732300,1,44.879,161.0
135081_1767732600,1,38.569,79.0
130072_1767732600,1,240.959,226.0
130072_1767732900,1,193.422,187.0
135081_1767732900,1,84.361,136.0
133957_1767733200,1,60.107,59.0
133957_1767733500,1,-5.989,28.0
133957_1767733800,1,25.83,15.0
133957_1767734100,1,67.005,45.0
133957_1767734400,1,-0.521,7.0
133957_1767734700,1,54.161,65.0
134040_1767736800,1,6.64,0.0
133957_1767736800,1,69.187,32.0
133957_1767737100,1,114.26,-8.0
134040_1767737100,1,6.556,0.0
133957_1767737400,1,141.898,27.0
134040_1767737400,1,18.326,0.0
133957_1767737700,1,30.496,-22.0
134040_1767737700,1,15.946,0.0
134040_1767738000,1,22.369,0.0
134494_1767738000,1,10.431,0.0
133957_1767738000,1,69.772,-77.0
134040_1767738300,1,12.694,0.0
134494_1767738300,1,-25.649,0.0
130072_1767740700,1,4.937,0.0
130072_1767741000,1,-7.544,0.0
130072_1767741300,1,18.426,0.0
130072_1767741600,1,35.304,0.0
130072_1767741900,1,18.191,0.0
132430_1767673800,1,149.903,137.0
132430_1767674100,1,120.932,35.0
132430_1767674400,1,135.548,161.0
132430_1767674700,1,81.365,145.0
132430_1767675000,1,164.377,118.0
132430_1767675300,1,110.583,0.0
122613_1767691800,1,21.704,69.0
122613_1767692100,1,41.999,-16.0
122613_1767692400,1,61.402,-87.0
122613_1767692700,1,-83.259,-160.0
122613_1767693000,1,-45.958,-147.0
122613_1767693300,1,-82.708,-146.0
122613_1767697200,1,21.485,0.0
122658_1767697200,1,228.954,352.0
122048_1767697200,1,-29.798,-68.0
122613_1767697500,1,36.626,0.0
122048_1767697500,1,-17.174,-129.0
122658_1767697500,1,49.39,0.0
122613_1767697800,1,14.688,0.0
122658_1767697800,1,-6.549,0.0
122048_1767697800,1,25.917,-129.0
122658_1767698100,1,30.893,0.0
122048_1767698100,1,-72.227,-181.0
122613_1767698100,1,6.065,0.0
122613_1767698400,1,-13.602,0.0
122048_1767698400,1,-100.51,-194.0
122658_1767698400,1,1.288,0.0
122658_1767698700,1,-11.918,0.0
122048_1767698700,1,-122.65,-216.0
122613_1767698700,1,-11.027,0.0
122613_1767702600,1,1.173,64.0
122613_1767702900,1,49.647,64.0
135081_1767706200,1,40.846,155.0
135081_1767706500,1,74.594,156.0
135081_1767706800,1,139.325,113.0
135081_1767707100,1,116.434,130.0
135081_1767707400,1,174.459,247.0
135081_1767707700,1,86.797,113.0
122048_1767711600,1,-55.537,106.0
122048_1767711900,1,-10.629,85.0
122048_1767712200,1,-10.959,83.0
122048_1767712500,1,-12.616,57.0
122048_1767712800,1,44.765,-8.0
122048_1767713100,1,11.679,92.0
131672_1767715200,1,-4.093,-130.0
135081_1767715200,1,37.827,100.0
131672_1767715500,1,-39.583,-99.0
135081_1767715500,1,96.166,74.0
135081_1767715800,1,102.455,82.0
131672_1767715800,1,-122.389,-59.0
135081_1767716100,1,182.975,47.0
131672_1767716100,1,-86.698,-53.0
135081_1767716400,1,76.138,118.0
131672_1767716400,1,-54.34,-55.0
131672_1767716700,1,23.334,-74.0
135081_1767716700,1,104.578,137.0
132430_1767720600,1,141.884,141.0
132430_1767720900,1,70.06,216.0
132430_1767721200,1,188.528,309.0
132430_1767721500,1,256.395,359.0
132430_1767721800,1,271.781,295.0
131672_1767721800,1,0.779,21.0
131672_1767722100,1,57.225,47.0
132430_1767722100,1,286.237,393.0
133957_1767722400,1,-17.848,0.0
133957_1767722700,1,-84.755,-74.0
133957_1767723000,1,-38.096,100.0
133957_1767723300,1,-57.112,89.0
133957_1767723600,1,87.036,114.0
133957_1767723900,1,81.003,163.0
135081_1767729600,1,-33.948,24.0
135081_1767729900,1,5.252,206.0
135081_1767730200,1,79.629,197.0
135081_1767730500,1,266.008,234.0
134040_1767730500,1,81.447,121.0
134040_1767730800,1,142.177,191.0
134040_1767731100,1,162.3,150.0
134040_1767731400,1,289.168,214.0
134040_1767731700,1,259.546,152.0
134040_1767732000,1,195.406,152.0
134040_1767732300,1,206.395,181.0
134040_1767732600,1,170.611,230.0
134040_1767732900,1,230.579,315.0
131672_1767733200,1,20.941,-15.0
131672_1767733500,1,-5.939,-60.0
131672_1767733800,1,-20.168,-24.0
131672_1767734100,1,-26.763,-1.0
131672_1767734400,1,-1.226,26.0
131672_1767734700,1,12.542,12.0
132430_1767738600,1,81.973,110.0
132430_1767738900,1,100.525,112.0
132430_1767739200,1,108.136,81.0
132430_1767739500,1,161.331,-2.0
132430_1767739800,1,34.009,8.0
132430_1767740100,1,128.745,175.0
134494_1767740400,1,-0.203,0.0
134494_1767740700,1,2.048,0.0
134494_1767741000,1,5.472,0.0
134494_1767741300,1,6.372,0.0
134494_1767741600,1,4.147,0.0
134494_1767741900,1,-4.533,0.0
133957_1767672000,1,-76.578,-29.0
133957_1767672300,1,-117.79,-51.0
133957_1767672600,1,-43.707,-8.0
133957_1767672900,1,-57.642,-34.0
133957_1767673800,1,31.09,32.0
129964_1767673800,1,9.715,-15.0
129964_1767674100,1,63.789,72.0
133957_1767674100,1,49.877,43.0
133957_1767674400,1,47.13,74.0
129964_1767674400,1,27.254,95.0
133957_1767674700,1,62.626,171.0
129964_1767674700,1,-46.586,46.0
129964_1767675000,1,-29.508,38.0
133957_1767675000,1,26.468,92.0
129964_1767675300,1,-8.571,105.0
133957_1767675300,1,34.942,5.0
122048_1767677400,1,-64.702,-65.0
130238_1767677400,1,27.748,-50.0
122048_1767677700,1,-69.124,12.0
130238_1767677700,1,41.241,-47.0
130238_1767678000,1,54.696,-45.0
122048_1767678000,1,12.061,47.0
130238_1767678300,1,-35.007,-142.0
122048_1767678300,1,-67.636,124.0
122048_1767678600,1,-22.336,172.0
122048_1767678900,1,64.18,140.0
133957_1767681000,1,19.866,-30.0
130238_1767681000,1,-17.497,0.0
122658_1767681000,1,177.732,181.0
134040_1767681000,1,-21.35,-111.0
134040_1767681300,1,-34.134,-75.0
122658_1767681300,1,13.445,0.0
130238_1767681300,1,1.897,0.0
133957_1767681300,1,53.714,-59.0
130238_1767681600,1,13.339,0.0
134040_1767681600,1,37.709,1.0
133957_1767681600,1,-33.715,-30.0
122658_1767681600,1,19.194,0.0
130238_1767681900,1,-11.693,0.0
134040_1767681900,1,-11.931,-38.0
122658_1767681900,1,-4.597,0.0
133957_1767681900,1,9.176,-58.0
133957_1767682200,1,-76.472,-19.0
134040_1767682200,1,-20.796,-71.0
122658_1767682200,1,-2.824,0.0
133957_1767682500,1,-50.437,-45.0
122658_1767682500,1,-10.07,0.0
134040_1767682500,1,27.21,46.0
135081_1767684600,1,-123.559,-78.0
135081_1767684900,1,-122.937,-28.0
135081_1767685200,1,-84.943,59.0
135081_1767685500,1,124.142,275.0
135081_1767685800,1,128.875,288.0
135081_1767686100,1,195.502,247.0
133300_1767686400,1,11.266,-26.0
134040_1767688200,1,24.274,154.0
134040_1767688500,1,104.145,141.0
134040_1767688800,1,124.383,128.0
134040_1767689100,1,106.295,26.0
133300_1767689400,1,58.457,9.0
134040_1767689400,1,17.874,94.0
134040_1767689700,1,37.39,46.0
133300_1767689700,1,17.153,9.0
122048_1767690000,1,68.595,73.0
129964_1767690000,1,21.893,65.0
133300_1767690000,1,32.909,68.0
133957_1767690000,1,-27.18,-116.0
122048_1767690300,1,102.689,-33.0
129964_1767690300,1,50.775,66.0
133300_1767690300,1,49.565,69.0
133957_1767690300,1,-95.499,-68.0
133300_1767690600,1,86.602,59.0
129964_1767690600,1,47.874,79.0
133957_1767690600,1,-113.022,-88.0
133300_1767690900,1,73.35,62.0
133957_1767690900,1,-115.478,-111.0
129964_1767690900,1,-2.784,58.0
129964_1767691200,1,-10.257,64.0
133957_1767691200,1,-26.959,9.0
133300_1767691200,1,109.085,135.0
129964_1767691500,1,16.367,94.0
129964_1767691800,1,26.845,42.0
122048_1767691800,1,1.032,233.0
129964_1767692100,1,58.92,16.0
122048_1767692100,1,86.102,200.0
129964_1767692400,1,83.716,106.0
122048_1767692400,1,116.802,91.0
122048_1767692700,1,168.514,-63.0
122048_1767693000,1,93.166,-67.0
132430_1767693300,1,96.689,132.0
122048_1767693300,1,-73.071,-115.0
129964_1767695400,1,39.309,-51.0
130238_1767695400,1,35.014,-12.0
129964_1767695700,1,49.54,-51.0
130238_1767695700,1,65.99,2.0
129964_1767696000,1,74.311,-11.0
130238_1767696000,1,-45.048,-34.0
129964_1767696300,1,41.743,73.0
130238_1767696300,1,8.3,10.0
129964_1767696600,1,63.14,111.0
130238_1767696600,1,-34.523,46.0
129964_1767696900,1,137.478,140.0
130238_1767696900,1,-105.999,29.0
133957_1767697200,1,123.011,64.0
133957_1767697500,1,63.966,3.0
133957_1767697800,1,-14.967,18.0
135081_1767697800,1,85.601,77.0
135081_1767698100,1,47.25,95.0
133957_1767698100,1,-48.369,-47.0
135081_1767698400,1,96.372,135.0
133957_1767698400,1,7.518,-69.0
135081_1767698700,1,119.604,126.0
133957_1767698700,1,-74.753,-145.0
122613_1767699000,1,8.999,0.0
122613_1767699300,1,30.074,0.0
122613_1767699600,1,-45.618,-145.0
122613_1767699900,1,-83.575,-230.0
122613_1767700200,1,-89.272,-116.0
122613_1767700500,1,-163.746,-79.0
129964_1767706200,1,-90.216,-50.0
129964_1767706500,1,-35.437,-51.0
129964_1767706800,1,-69.831,-34.0
129964_1767707100,1,9.226,25.0
129964_1767707400,1,-70.986,-62.0
129964_1767707700,1,37.11,5.0
122613_1767708000,1,7.353,0.0
122613_1767708300,1,-6.006,0.0
122613_1767708600,1,-38.978,-77.0
122613_1767708900,1,-51.33,0.0
122613_1767709200,1,-45.7,0.0
122613_1767709500,1,-37.177,0.0
132430_1767709800,1,112.368,137.0
129964_1767709800,1,56.476,-69.0
129964_1767710100,1,-19.176,-42.0
132430_1767710400,1,9.531,23.0
129964_1767710400,1,-142.549,-145.0
132430_1767710700,1,28.359,23.0
129964_1767710700,1,-130.709,-127.0
129964_1767711000,1,-176.765,-207.0
132430_1767711000,1,49.056,47.0
129964_1767711300,1,-90.47,-66.0
132430_1767711300,1,98.07,33.0
122613_1767713400,1,12.268,0.0
122613_1767713700,1,14.305,0.0
122613_1767714000,1,10.468,0.0
122613_1767714300,1,2.97,0.0
122613_1767714600,1,2.827,0.0
122613_1767714900,1,8.354,0.0
132430_1767715200,1,234.185,485.0
130238_1767715200,1,-57.601,-97.0
132430_1767715500,1,351.197,483.0
130238_1767716400,1,35.0,98.0
130238_1767716700,1,22.585,9.0
133957_1767718800,1,22.081,-35.0
133957_1767719100,1,-41.819,-113.0
133957_1767719400,1,-11.442,-174.0
133957_1767719700,1,-78.836,-173.0
133957_1767720000,1,-109.036,-218.0
129964_1767720600,1,3.613,-10.0
122658_1767720600,1,2.379,0.0
133957_1767720900,1,41.35,67.0
122658_1767720900,1,12.554,0.0
129964_1767720900,1,-0.784,49.0
133957_1767721200,1,26.056,28.0
122658_1767721200,1,10.727,0.0
133957_1767721500,1,15.118,83.0
133957_1767721800,1,26.774,-28.0
133957_1767722100,1,35.432,-73.0
132430_1767722400,1,218.46,380.0
132430_1767722700,1,379.744,324.0
132430_1767723000,1,424.18,452.0
132430_1767723300,1,371.255,333.0
132430_1767723600,1,368.041,310.0
132430_1767723900,1,364.922,285.0
135081_1767726000,1,238.544,311.0
135081_1767726300,1,249.887,146.0
135081_1767726600,1,197.588,53.0
131672_1767726900,1,63.649,-3.0
135081_1767726900,1,114.677,-68.0
131672_1767727200,1,24.975,-9.0
135081_1767727200,1,53.113,-32.0
135081_1767727500,1,5.36,-15.0
131672_1767727500,1,75.846,163.0
131672_1767729600,1,537.454,557.0
133957_1767731400,1,41.576,46.0
133957_1767731700,1,103.785,116.0
133957_1767732000,1,55.025,129.0
133957_1767732600,1,42.525,39.0
133957_1767732900,1,2.894,-49.0
130072_1767733200,1,104.768,125.0
130072_1767733500,1,117.798,125.0
130072_1767733800,1,91.237,168.0
130072_1767734100,1,73.622,195.0
130072_1767734400,1,37.908,163.0
130072_1767734700,1,38.039,0.0
134040_1767735000,1,423.022,434.0
134040_1767735300,1,409.982,434.0
134040_1767735900,1,89.925,0.0
134040_1767736200,1,14.049,0.0
134040_1767736500,1,14.257,0.0
135081_1767736800,1,-75.798,-98.0
135081_1767737100,1,-79.947,37.0
135081_1767737400,1,-62.814,13.0
135081_1767737700,1,80.594,172.0
135081_1767738000,1,62.351,87.0
135081_1767738300,1,131.104,73.0
132430_1767740400,1,224.048,151.0
132430_1767740700,1,187.11,124.0
132430_1767741000,1,144.937,60.0
132430_1767741300,1,42.121,85.0
132430_1767741600,1,89.122,189.0
132430_1767741900,1,92.419,160.0
134494_1767742200,1,-2.2,0.0
134494_1767742500,1,-4.801,0.0
134494_1767742800,1,-4.49,0.0
134494_1767743100,1,6.433,0.0
131672_1767672000,1,11.69,72.0
131672_1767672300,1,43.804,-66.0
131672_1767672600,1,100.914,10.0
131672_1767672900,1,16.701,27.0
131672_1767673200,1,65.398,-43.0
131672_1767673500,1,12.805,-31.0
134040_1767675600,1,100.724,83.0
134040_1767675900,1,87.269,117.0
134040_1767676200,1,115.652,188.0
134040_1767676500,1,103.362,165.0
134040_1767676800,1,166.195,116.0
134040_1767677100,1,103.402,112.0
131672_1767677400,1,48.727,86.0
135081_1767681000,1,12.273,20.0
135081_1767681300,1,-27.299,71.0
135081_1767681600,1,-6.021,-36.0
135081_1767681900,1,-15.918,-25.0
135081_1767682200,1,-68.454,-113.0
135081_1767682500,1,-82.132,-145.0
122048_1767682800,1,78.191,542.0
122048_1767683100,1,94.345,542.0
122048_1767683400,1,134.376,578.0
122048_1767683700,1,444.427,446.0
122048_1767684000,1,458.63,415.0
122048_1767684300,1,440.127,408.0
133957_1767686400,1,-57.692,9.0
133957_1767686700,1,-75.873,-42.0
133957_1767687000,1,-40.178,3.0
133957_1767687300,1,-0.598,79.0
133957_1767687600,1,28.592,45.0
133957_1767687900,1,69.131,104.0
133957_1767688200,1,103.076,173.0
133957_1767688500,1,31.031,190.0
133957_1767688800,1,101.556,103.0
133957_1767689100,1,88.98,-9.0
133957_1767689400,1,17.938,-23.0
133957_1767689700,1,74.934,-32.0
130238_1767693600,1,3.689,0.0
130238_1767695100,1,-17.299,-47.0
133300_1767695400,1,19.515,33.0
133300_1767695700,1,75.247,50.0
133300_1767696000,1,110.457,197.0
133300_1767696600,1,31.644,-52.0
133300_1767696900,1,16.315,-52.0
135081_1767700800,1,-33.073,-128.0
135081_1767701100,1,-43.395,-93.0
135081_1767701400,1,-50.927,-122.0
135081_1767701700,1,-167.149,19.0
135081_1767702000,1,-130.213,9.0
135081_1767702300,1,-103.467,-39.0
131672_1767704400,1,21.283,94.0
131672_1767704700,1,-8.46,13.0
131672_1767705000,1,-71.3,7.0
131672_1767705300,1,-80.563,-23.0
131672_1767705600,1,-64.339,24.0
131672_1767705900,1,10.295,9.0
122613_1767706200,1,-12.404,0.0
122613_1767706500,1,-0.186,0.0
122613_1767706800,1,-5.988,0.0
122613_1767707100,1,-7.643,0.0
122613_1767707400,1,-17.467,0.0
122613_1767707700,1,-12.575,0.0
122048_1767708000,1,-0.717,0.0
122048_1767708300,1,5.138,0.0
122048_1767709500,1,-6.649,-276.0
133957_1767710100,1,-67.422,102.0
133957_1767710400,1,24.382,98.0
133957_1767710700,1,77.234,157.0
133957_1767711000,1,87.288,144.0
133957_1767711300,1,90.637,104.0
122048_1767665400,2,-14.475,-25.0
122048_1767665700,2,-8.901,0.0
122048_1767666000,2,11.991,0.0
122048_1767666300,2,-10.51,0.0
122048_1767668400,2,16.906,0.0
122048_1767668700,2,12.474,0.0
122048_1767669000,2,7.408,0.0
122048_1767669300,2,4.239,0.0
122048_1767669600,2,5.465,0.0
122048_1767669900,2,26.841,0.0
133957_1767670200,2,57.285,133.0
129964_1767670200,2,33.997,74.0
129964_1767670500,2,20.225,61.0
133957_1767670500,2,22.126,55.0
132430_1767670500,2,15.168,215.0
129964_1767670800,2,25.349,-16.0
133957_1767670800,2,40.012,-10.0
132430_1767670800,2,34.515,162.0
133957_1767671100,2,-27.318,-86.0
129964_1767671100,2,14.185,-55.0
132430_1767671100,2,69.89,137.0
129964_1767671400,2,40.035,22.0
132430_1767671400,2,194.08,244.0
133957_1767671400,2,-35.318,-86.0
132430_1767671700,2,155.464,324.0
133957_1767671700,2,-43.149,-40.0
129964_1767671700,2,13.447,-50.0
130238_1767672900,2,34.258,-23.0
130238_1767673200,2,73.943,39.0
130238_1767673500,2,96.597,26.0
133957_1767673800,2,29.596,32.0
135081_1767673800,2,-92.535,111.0
135081_1767674100,2,38.382,80.0
133957_1767674100,2,38.852,43.0
133957_1767674400,2,51.212,74.0
135081_1767674400,2,135.745,122.0
133957_1767674700,2,70.727,171.0
135081_1767674700,2,35.745,94.0
135081_1767675000,2,109.228,53.0
133957_1767675000,2,33.475,92.0
135081_1767675300,2,96.476,208.0
133957_1767675300,2,26.026,5.0
135081_1767675600,2,73.439,299.0
135081_1767675900,2,199.043,224.0
135081_1767676200,2,253.5,126.0
135081_1767676500,2,186.942,-30.0
122048_1767677400,2,-51.266,-65.0
133300_1767677400,2,-1.379,87.0
134040_1767677400,2,67.617,71.0
122048_1767677700,2,-81.994,12.0
134040_1767677700,2,49.638,174.0
133300_1767677700,2,49.229,87.0
133300_1767678000,2,38.875,108.0
134040_1767678000,2,26.31,-25.0
122048_1767678000,2,2.917,47.0
133300_1767678300,2,74.321,59.0
122048_1767678300,2,-69.989,124.0
133300_1767678600,2,117.367,40.0
122048_1767678600,2,-9.637,172.0
133300_1767678900,2,59.872,-2.0
122048_1767678900,2,68.5,140.0
129964_1767680400,2,45.221,-51.0
129964_1767680700,2,50.747,-106.0
122658_1767681000,2,166.917,181.0
133300_1767681000,2,18.636,12.0
133300_1767681300,2,34.706,-61.0
122658_1767681300,2,13.609,0.0
133300_1767681600,2,96.287,159.0
122658_1767681600,2,17.74,0.0
131672_1767681900,2,24.3,37.0
133300_1767681900,2,67.311,79.0
122658_1767681900,2,2.667,0.0
133300_1767682200,2,8.604,79.0
131672_1767682200,2,53.827,13.0
122658_1767682200,2,-1.278,0.0
133300_1767682500,2,13.215,173.0
131672_1767682500,2,80.792,16.0
122658_1767682500,2,-4.871,0.0
132430_1767686400,2,81.202,30.0
132430_1767686700,2,72.728,53.0
132430_1767687000,2,22.557,42.0
132430_1767687300,2,4.228,-108.0
132430_1767687600,2,-43.278,-132.0
132430_1767687900,2,-11.752,-101.0
130238_1767688200,2,28.232,27.0
132430_1767688200,2,162.739,194.0
130238_1767688500,2,42.958,-8.0
132430_1767688500,2,138.346,268.0
132430_1767688800,2,220.755,284.0
130238_1767688800,2,70.944,-92.0
132430_1767689100,2,177.971,163.0
130238_1767689100,2,9.283,-120.0
130238_1767689400,2,-85.862,37.0
132430_1767689400,2,173.927,85.0
130238_1767689700,2,-84.383,57.0
132430_1767689700,2,201.108,7.0
129964_1767690000,2,13.637,65.0
133300_1767690000,2,27.846,68.0
129964_1767690300,2,50.513,66.0
133300_1767690300,2,43.252,69.0
133300_1767690600,2,92.365,59.0
129964_1767690600,2,14.192,79.0
133300_1767690900,2,72.831,62.0
129964_1767690900,2,-19.029,58.0
129964_1767691200,2,-0.155,64.0
133300_1767691200,2,124.977,135.0
129964_1767691500,2,39.905,94.0
132430_1767695400,2,87.282,26.0
130238_1767695400,2,20.512,-12.0
122613_1767695400,2,68.809,123.0
132430_1767695700,2,117.337,30.0
130238_1767695700,2,63.288,2.0
122613_1767695700,2,20.653,61.0
132430_1767696000,2,82.88,-71.0
130238_1767696000,2,-51.914,-34.0
132430_1767696300,2,166.593,221.0
130238_1767696300,2,9.146,10.0
132430_1767696600,2,155.44,264.0
130238_1767696600,2,-28.582,46.0
122613_1767696900,2,-21.547,0.0
132430_1767696900,2,167.557,113.0
130238_1767696900,2,-83.95,29.0
129964_1767697200,2,52.492,133.0
129964_1767697500,2,46.783,75.0
129964_1767697800,2,52.029,26.0
129964_1767698100,2,23.148,10.0
129964_1767698400,2,73.645,14.0
129964_1767698700,2,-18.345,0.0
122658_1767700800,2,29.936,143.0
122658_1767701100,2,186.014,121.0
122658_1767701700,2,-9.208,0.0
122658_1767702000,2,-5.755,0.0
122658_1767702300,2,32.124,0.0
133957_1767702600,2,7.381,172.0
133957_1767702900,2,36.969,97.0
133957_1767703200,2,79.126,101.0
133957_1767703500,2,135.197,161.0
133957_1767703800,2,42.27,40.0
133957_1767704100,2,132.903,139.0
129964_1767706200,2,-84.099,-50.0
129964_1767706500,2,-14.712,-51.0
129964_1767706800,2,-53.62,-34.0
129964_1767707100,2,-50.102,25.0
129964_1767707400,2,-96.252,-62.0
129964_1767707700,2,36.49,5.0
134040_1767709800,2,7.562,79.0
132430_1767709800,2,99.294,137.0
129964_1767709800,2,94.621,-69.0
129964_1767710100,2,-11.452,-42.0
134040_1767710100,2,15.574,4.0
132430_1767710400,2,-4.728,23.0
134040_1767710400,2,72.69,68.0
129964_1767710400,2,-146.79,-145.0
134040_1767710700,2,90.565,87.0
132430_1767710700,2,28.709,23.0
129964_1767710700,2,-122.705,-127.0
134040_1767711000,2,93.823,187.0
129964_1767711000,2,-153.859,-207.0
132430_1767711000,2,53.564,47.0
134040_1767711300,2,92.05,267.0
129964_1767711300,2,-61.188,-66.0
132430_1767711300,2,86.383,33.0
133300_1767712200,2,17.068,-35.0
133300_1767712500,2,42.878,-35.0
133300_1767712800,2,68.929,36.0
133300_1767713100,2,46.925,-9.0
122613_1767713400,2,20.386,0.0
122658_1767713400,2,56.868,86.0
129964_1767713400,2,40.379,-129.0
122613_1767713700,2,23.55,0.0
129964_1767713700,2,-55.293,-33.0
122658_1767713700,2,83.152,159.0
122613_1767714000,2,12.663,0.0
122658_1767714000,2,125.155,225.0
129964_1767714000,2,-20.902,25.0
122613_1767714300,2,10.767,0.0
129964_1767714300,2,68.923,8.0
122658_1767714300,2,110.558,348.0
129964_1767714600,2,-11.813,-49.0
122613_1767714600,2,6.454,0.0
122658_1767714600,2,105.995,362.0
122613_1767714900,2,12.963,0.0
122658_1767714900,2,41.55,2.0
129964_1767714900,2,-43.331,-82.0
122613_1767715200,2,7.06,0.0
122613_1767715500,2,-23.285,0.0
122613_1767715800,2,-63.807,-18.0
122613_1767716100,2,-24.79,11.0
122613_1767716400,2,33.125,-88.0
122613_1767716700,2,51.655,-27.0
129964_1767717300,2,-45.792,-111.0
129964_1767717600,2,-9.49,-126.0
129964_1767717900,2,42.068,38.0
129964_1767718200,2,-58.543,57.0
129964_1767718500,2,94.191,71.0
135081_1767718800,2,-136.215,-153.0
135081_1767719100,2,-66.077,-144.0
135081_1767719400,2,-62.791,-123.0
135081_1767719700,2,-90.536,-137.0
135081_1767720000,2,-69.994,-199.0
135081_1767720300,2,-84.755,-231.0
132430_1767722400,2,266.08,380.0
133300_1767722400,2,102.144,310.0
133300_1767722700,2,175.969,406.0
132430_1767722700,2,404.962,324.0
133300_1767723000,2,274.652,580.0
132430_1767723000,2,427.467,452.0
132430_1767723300,2,352.744,333.0
132430_1767723600,2,382.04,310.0
133300_1767723600,2,56.593,-5.0
132430_1767723900,2,396.276,285.0
134040_1767724200,2,335.697,465.0
134040_1767724500,2,304.712,409.0
131672_1767726900,2,57.454,-3.0
131672_1767727200,2,32.765,-9.0
131672_1767727500,2,82.066,163.0
132430_1767729600,2,61.546,21.0
132430_1767729900,2,7.17,177.0
132430_1767730200,2,3.501,173.0
132430_1767730500,2,81.466,146.0
132430_1767730800,2,208.693,234.0
132430_1767731100,2,216.291,277.0
133957_1767733200,2,22.365,59.0
133957_1767733500,2,-27.598,28.0
133957_1767733800,2,4.682,15.0
133957_1767734100,2,39.589,45.0
133957_1767734400,2,-14.633,7.0
133957_1767734700,2,13.175,65.0
134040_1767736800,2,8.539,0.0
134040_1767737100,2,8.938,0.0
134040_1767737400,2,19.447,0.0
134040_1767737700,2,19.321,0.0
134040_1767738000,2,29.574,0.0
134040_1767738300,2,18.048,0.0
134494_1767738600,2,-7.621,0.0
134494_1767738900,2,6.608,0.0
134494_1767739200,2,1.389,0.0
134494_1767739500,2,3.638,0.0
134494_1767739800,2,4.509,0.0
134494_1767740100,2,0.622,0.0
134494_1767742200,2,-0.921,0.0
134494_1767742500,2,0.548,0.0
134494_1767742800,2,5.25,0.0
134494_1767743100,2,5.578,0.0
122048_1767679200,2,169.739,154.0
122048_1767679500,2,182.501,55.0
122048_1767679800,2,133.997,59.0
135081_1767681000,2,28.594,20.0
135081_1767681300,2,-32.924,71.0
135081_1767681600,2,-11.101,-36.0
135081_1767681900,2,-14.81,-25.0
135081_1767682200,2,-62.591,-113.0
135081_1767682500,2,-50.617,-145.0
129964_1767688200,2,50.032,221.0
133957_1767688200,2,84.983,173.0
133957_1767688500,2,38.249,190.0
133957_1767688800,2,103.386,103.0
129964_1767688800,2,-20.456,-54.0
133957_1767689100,2,94.848,-9.0
129964_1767689100,2,-21.904,-78.0
129964_1767689400,2,44.878,36.0
133957_1767689400,2,-2.53,-23.0
133957_1767689700,2,41.8,-32.0
129964_1767689700,2,-29.159,81.0
130238_1767693600,2,-10.116,0.0
130238_1767695100,2,-25.898,-47.0
135081_1767700800,2,-23.462,-128.0
135081_1767701100,2,-51.844,-93.0
135081_1767701400,2,-85.478,-122.0
135081_1767701700,2,-174.364,19.0
135081_1767702000,2,-99.798,9.0
135081_1767702300,2,-51.972,-39.0
133957_1767710100,2,-25.112,102.0
133957_1767710400,2,35.694,98.0
133957_1767710700,2,54.237,157.0
133957_1767711000,2,56.989,144.0
133957_1767711300,2,91.598,104.0
131672_1767715200,2,-37.309,-130.0
135081_1767715200,2,43.637,100.0
131672_1767715500,2,-84.928,-99.0
135081_1767715500,2,91.537,74.0
135081_1767715800,2,112.15,82.0
131672_1767715800,2,-110.02,-59.0
135081_1767716100,2,182.473,47.0
131672_1767716100,2,-79.416,-53.0
135081_1767716400,2,77.13,118.0
131672_1767716400,2,-51.294,-55.0
131672_1767716700,2,22.301,-74.0
135081_1767716700,2,103.835,137.0
133300_1767720600,2,33.94,99.0
133300_1767720900,2,129.491,154.0
133300_1767721200,2,107.526,113.0
134040_1767721500,2,44.664,7.0
133300_1767721500,2,-3.949,-28.0
133300_1767721800,2,-15.762,-28.0
134040_1767721800,2,59.49,78.0
134040_1767722100,2,84.554,106.0
133300_1767722100,2,160.409,193.0
133957_1767722400,2,20.139,0.0
133957_1767722700,2,-86.332,-74.0
133957_1767723000,2,-45.763,100.0
133957_1767723300,2,-67.877,89.0
133957_1767723600,2,98.224,114.0
133957_1767723900,2,87.125,163.0
135081_1767729600,2,-42.269,24.0
135081_1767729900,2,46.752,206.0
135081_1767730200,2,93.707,197.0
135081_1767730500,2,270.665,234.0
131672_1767733200,2,23.063,-15.0
131672_1767733500,2,-61.564,-60.0
131672_1767733800,2,-39.377,-24.0
131672_1767734100,2,-13.774,-1.0
131672_1767734400,2,15.269,26.0
131672_1767734700,2,24.147,12.0
133957_1767666600,2,54.528,-32.0
133957_1767666900,2,55.45,-32.0
133957_1767667200,2,63.789,17.0
133957_1767667500,2,22.16,-66.0
133957_1767667800,2,18.361,-74.0
133957_1767668100,2,16.774,-61.0
133957_1767668400,2,-40.023,-34.0
133957_1767669300,2,50.552,46.0
133957_1767669600,2,14.673,58.0
133957_1767669900,2,39.601,40.0
134040_1767670200,2,120.723,110.0
134040_1767670500,2,148.154,129.0
134040_1767670800,2,131.52,132.0
134040_1767671100,2,189.333,60.0
134040_1767671400,2,118.911,43.0
134040_1767671700,2,66.276,-29.0
135081_1767672000,2,-5.834,-33.0
132430_1767672000,2,184.294,364.0
135081_1767672300,2,-41.163,-40.0
132430_1767672300,2,193.336,275.0
135081_1767672600,2,-45.39,-145.0
132430_1767672600,2,228.058,322.0
132430_1767672900,2,206.158,130.0
135081_1767672900,2,-32.2,-98.0
132430_1767673200,2,249.415,129.0
135081_1767673200,2,-66.208,71.0
132430_1767673500,2,191.989,265.0
135081_1767673500,2,-74.098,64.0
131672_1767673800,2,-11.294,-73.0
131672_1767674100,2,31.569,121.0
131672_1767674400,2,90.414,145.0
131672_1767674700,2,158.231,125.0
131672_1767675000,2,122.363,166.0
131672_1767675300,2,42.936,88.0
130238_1767677400,2,32.009,-50.0
130238_1767677700,2,62.13,-47.0
130238_1767678000,2,36.063,-45.0
130238_1767678300,2,-44.826,-142.0
132430_1767682800,2,105.032,267.0
122658_1767682800,2,-5.764,0.0
132430_1767683100,2,95.93,408.0
122658_1767683100,2,-7.1,0.0
122658_1767683400,2,14.077,-11.0
132430_1767683400,2,260.803,270.0
122658_1767683700,2,99.444,96.0
132430_1767683700,2,248.718,163.0
122658_1767684000,2,125.689,58.0
132430_1767684000,2,95.232,246.0
122658_1767684300,2,31.187,118.0
132430_1767684300,2,135.374,230.0
130238_1767684300,2,40.596,16.0
131672_1767684600,2,22.084,-63.0
135081_1767684600,2,-114.663,-78.0
122048_1767684600,2,312.132,350.0
131672_1767684900,2,2.375,-96.0
135081_1767684900,2,-118.563,-28.0
122048_1767684900,2,314.404,304.0
135081_1767685200,2,-59.452,59.0
122048_1767685200,2,269.768,183.0
131672_1767685200,2,-25.823,-126.0
122048_1767685500,2,179.368,141.0
135081_1767685500,2,78.903,275.0
135081_1767685800,2,61.989,288.0
122048_1767685800,2,90.393,45.0
135081_1767686100,2,169.476,247.0
122048_1767686100,2,63.402,-35.0
134040_1767690000,2,27.967,159.0
130238_1767690000,2,-8.278,40.0
130238_1767690300,2,75.553,49.0
134040_1767690300,2,15.288,-28.0
130238_1767690600,2,18.138,57.0
130238_1767691200,2,20.972,0.0
130238_1767691500,2,-3.676,0.0
133957_1767691800,2,46.104,48.0
133957_1767692100,2,54.231,50.0
133957_1767692400,2,42.087,223.0
133957_1767692700,2,31.917,191.0
133957_1767693000,2,98.276,80.0
133957_1767693300,2,90.75,23.0
132430_1767693600,2,35.659,132.0
132430_1767693900,2,29.908,33.0
132430_1767694200,2,65.438,90.0
132430_1767694500,2,65.56,144.0
132430_1767694800,2,133.391,233.0
132430_1767695100,2,158.141,116.0
132430_1767697200,2,79.923,17.0
133957_1767697200,2,134.496,64.0
133957_1767697500,2,41.715,3.0
132430_1767697500,2,14.024,86.0
133957_1767697800,2,-29.628,18.0
132430_1767697800,2,26.831,70.0
132430_1767698100,2,68.059,49.0
133957_1767698100,2,-54.327,-47.0
132430_1767698400,2,107.076,49.0
133957_1767698400,2,-3.245,-69.0
133957_1767698700,2,-65.27,-145.0
133957_1767699000,2,-105.502,-96.0
135081_1767699000,2,210.113,28.0
122613_1767699000,2,9.994,0.0
122613_1767699300,2,14.054,0.0
133957_1767699300,2,-136.922,-249.0
135081_1767699300,2,141.078,45.0
133957_1767699600,2,-79.712,-254.0
135081_1767699600,2,71.973,55.0
122613_1767699600,2,-32.334,-145.0
135081_1767699900,2,-18.872,36.0
133957_1767699900,2,-34.831,-158.0
122613_1767699900,2,-74.225,-230.0
133957_1767700200,2,82.451,80.0
135081_1767700200,2,-33.016,-24.0
122613_1767700200,2,-51.607,-116.0
133957_1767700500,2,50.611,42.0
122613_1767700500,2,-129.5,-79.0
135081_1767700500,2,-87.614,-98.0
122048_1767700800,2,185.629,374.0
122048_1767701100,2,282.081,312.0
122048_1767701400,2,329.169,354.0
122048_1767701700,2,277.133,273.0
122048_1767702000,2,181.385,252.0
122048_1767702300,2,169.82,158.0
122048_1767702600,2,138.376,144.0
122048_1767702900,2,77.024,138.0
122048_1767703200,2,40.409,87.0
122048_1767703500,2,82.115,84.0
122048_1767703800,2,46.937,84.0
122048_1767704100,2,26.705,0.0
132430_1767704700,2,-21.254,16.0
132430_1767705000,2,60.813,16.0
132430_1767705300,2,58.87,17.0
132430_1767705600,2,49.758,77.0
132430_1767705900,2,1.737,57.0
122048_1767706200,2,-5.691,0.0
122048_1767706500,2,-4.809,0.0
122048_1767706800,2,5.78,0.0
122048_1767707100,2,6.187,0.0
122048_1767707400,2,-1.492,0.0
122048_1767707700,2,4.924,0.0
135081_1767709800,2,-59.802,-84.0
135081_1767710100,2,-19.731,-126.0
135081_1767710400,2,-73.142,-128.0
135081_1767710700,2,-109.17,-145.0
135081_1767711000,2,-92.529,-175.0
135081_1767711300,2,-87.175,-168.0
132430_1767711600,2,6.641,171.0
134040_1767711600,2,213.492,199.0
134040_1767711900,2,257.401,181.0
132430_1767711900,2,63.519,384.0
132430_1767712200,2,106.906,291.0
134040_1767712200,2,259.933,202.0
132430_1767712500,2,206.133,226.0
134040_1767712500,2,175.961,199.0
134040_1767712800,2,84.312,183.0
132430_1767712800,2,279.452,258.0
134040_1767713100,2,158.948,91.0
132430_1767713100,2,220.754,199.0
130238_1767713400,2,46.446,-99.0
130238_1767713700,2,-41.33,-47.0
130238_1767714000,2,-30.863,-41.0
130238_1767714300,2,-79.35,-45.0
130238_1767714600,2,-37.685,-30.0
130238_1767714900,2,-31.925,-78.0
122048_1767715200,2,2.709,0.0
130238_1767715200,2,-36.618,-97.0
122048_1767715500,2,3.708,0.0
122048_1767715800,2,1.492,0.0
122048_1767716100,2,2.582,0.0
122048_1767716400,2,16.459,0.0
133957_1767716400,2,64.471,115.0
130238_1767716400,2,5.201,98.0
133957_1767716700,2,68.594,104.0
130238_1767716700,2,0.788,9.0
122048_1767716700,2,20.731,0.0
130238_1767717000,2,50.181,-55.0
135081_1767717000,2,9.378,92.0
135081_1767717300,2,21.744,-22.0
130238_1767717300,2,59.785,-41.0
130238_1767717600,2,-56.098,-57.0
135081_1767717600,2,58.864,-133.0
135081_1767717900,2,-22.994,-127.0
130238_1767717900,2,-23.848,-92.0
130238_1767718200,2,-25.025,-38.0
135081_1767718200,2,-84.349,-51.0
135081_1767718500,2,-70.225,-77.0
130238_1767718500,2,10.75,-3.0
129964_1767718800,2,130.055,39.0
129964_1767719100,2,5.579,-44.0
129964_1767719400,2,-62.901,-130.0
129964_1767719700,2,-40.648,-135.0
129964_1767720000,2,-32.312,-14.0
129964_1767720300,2,-29.034,-105.0
122658_1767720600,2,7.139,0.0
130238_1767720600,2,119.145,-64.0
133957_1767720900,2,28.538,67.0
130238_1767720900,2,118.693,-125.0
122658_1767720900,2,10.051,0.0
130238_1767721200,2,77.369,-103.0
133957_1767721200,2,0.731,28.0
122658_1767721200,2,9.309,0.0
130238_1767721500,2,-55.843,-170.0
133957_1767721500,2,-2.729,83.0
133957_1767721800,2,27.461,-28.0
133957_1767722100,2,1.934,-73.0
131672_1767727800,2,80.671,302.0
131672_1767728100,2,133.66,382.0
131672_1767728400,2,246.197,359.0
131672_1767728700,2,231.765,492.0
133957_1767729000,2,67.412,39.0
131672_1767729000,2,262.309,533.0
131672_1767729300,2,349.003,478.0
133957_1767729300,2,112.634,171.0
131672_1767729600,2,518.509,557.0
133957_1767731400,2,28.902,46.0
130072_1767731400,2,115.106,49.0
133957_1767731700,2,105.219,116.0
130072_1767731700,2,-0.48,78.0
130072_1767732000,2,23.42,158.0
133957_1767732000,2,47.962,129.0
130072_1767732300,2,36.659,161.0
133957_1767732600,2,40.333,39.0
135081_1767732600,2,48.915,79.0
130072_1767732600,2,186.19,226.0
133957_1767732900,2,78.158,-49.0
130072_1767732900,2,173.682,187.0
135081_1767732900,2,92.197,136.0
130072_1767733200,2,76.712,125.0
130072_1767733500,2,104.957,125.0
130072_1767733800,2,86.155,168.0
130072_1767734100,2,74.994,195.0
130072_1767734400,2,41.619,163.0
130072_1767734700,2,11.38,0.0
133957_1767736800,2,52.022,32.0
133957_1767737100,2,103.32,-8.0
133957_1767737400,2,131.679,27.0
133957_1767737700,2,24.125,-22.0
134494_1767738000,2,3.348,0.0
133957_1767738000,2,29.89,-77.0
134494_1767738300,2,-19.531,0.0
134040_1767738600,2,3.154,0.0
134040_1767738900,2,3.773,0.0
134040_1767739200,2,1.725,0.0
134040_1767739500,2,2.427,0.0
134040_1767739800,2,5.291,0.0
134040_1767740100,2,1.789,0.0
134040_1767673800,2,92.251,332.0
134040_1767674100,2,138.511,369.0
134040_1767674400,2,283.566,362.0
134040_1767674700,2,299.509,317.0
134040_1767675000,2,283.746,253.0
134040_1767675300,2,100.278,100.0
134040_1767675600,2,104.266,83.0
134040_1767675900,2,105.098,117.0
134040_1767676200,2,112.669,188.0
134040_1767676500,2,80.752,165.0
134040_1767676800,2,160.498,116.0
134040_1767677100,2,93.5,112.0
131672_1767677400,2,48.045,86.0
133300_1767679200,2,72.338,65.0
133300_1767679800,2,80.738,-49.0
133300_1767680100,2,-12.413,-49.0
133300_1767680400,2,15.494,-42.0
133300_1767680700,2,2.335,26.0
132430_1767690000,2,105.12,-66.0
132430_1767690300,2,57.76,-139.0
133300_1767691800,2,-11.769,-58.0
133300_1767692100,2,-11.075,-58.0
133300_1767692400,2,-9.458,-31.0
133300_1767692700,2,-11.692,-41.0
133300_1767693000,2,0.546,-24.0
133300_1767693300,2,41.918,47.0
122658_1767695700,2,16.873,9.0
122658_1767696000,2,35.202,100.0
122658_1767696300,2,49.775,271.0
122658_1767696600,2,70.577,376.0
122658_1767696900,2,217.588,318.0
131672_1767704400,2,36.971,94.0
131672_1767704700,2,-40.23,13.0
131672_1767705000,2,-1.083,7.0
131672_1767705300,2,-115.048,-23.0
131672_1767705600,2,-67.718,24.0
131672_1767705900,2,8.883,9.0
135081_1767706200,2,25.808,155.0
135081_1767706500,2,62.121,156.0
135081_1767706800,2,149.291,113.0
135081_1767707100,2,126.59,130.0
135081_1767707400,2,188.776,247.0
135081_1767707700,2,80.789,113.0
122048_1767708000,2,4.432,0.0
122048_1767708300,2,2.727,0.0
122048_1767709500,2,2.343,-276.0
134040_1767730500,2,89.371,121.0
134040_1767730800,2,133.146,191.0
134040_1767731100,2,176.166,150.0
134494_1767740400,2,1.115,0.0
134494_1767740700,2,1.572,0.0
134494_1767741000,2,1.439,0.0
134494_1767741300,2,0.285,0.0
134494_1767741600,2,-1.692,0.0
134494_1767741900,2,-6.654,0.0
122048_1767666600,2,-13.441,0.0
132430_1767666900,2,-1.133,46.0
122048_1767666900,2,-23.125,0.0
132430_1767667200,2,49.175,102.0
122048_1767667200,2,-20.41,0.0
132430_1767667500,2,55.974,-23.0
122048_1767667500,2,-16.493,0.0
122048_1767667800,2,-15.615,0.0
132430_1767667800,2,89.721,-2.0
132430_1767668100,2,122.797,27.0
122048_1767668100,2,-2.082,0.0
133957_1767675600,2,25.276,-10.0
122048_1767675600,2,-23.93,-68.0
122048_1767675900,2,-47.399,-86.0
133957_1767675900,2,-25.047,-32.0
133957_1767676200,2,-19.501,95.0
122048_1767676200,2,-13.387,25.0
122048_1767676500,2,-8.958,-41.0
133957_1767676500,2,5.338,61.0
122048_1767676800,2,11.607,-163.0
133957_1767676800,2,-10.041,7.0
122048_1767677100,2,17.552,-177.0
133957_1767677100,2,80.172,-94.0
133957_1767677400,2,-5.897,-91.0
132430_1767679800,2,7.632,73.0
132430_1767680100,2,27.241,73.0
132430_1767680400,2,12.734,-15.0
132430_1767680700,2,46.534,-42.0
132430_1767681000,2,48.798,32.0
130238_1767681000,2,-20.194,0.0
132430_1767681300,2,114.073,126.0
130238_1767681300,2,-3.512,0.0
130238_1767681600,2,-20.812,0.0
132430_1767681600,2,88.225,65.0
130238_1767681900,2,-2.005,0.0
132430_1767681900,2,-14.39,-62.0
132430_1767682200,2,73.898,-16.0
132430_1767682500,2,4.718,248.0
133957_1767682800,2,-81.692,-74.0
133300_1767682800,2,48.553,135.0
129964_1767682800,2,91.947,70.0
133957_1767683100,2,-36.985,-8.0
133300_1767683100,2,216.144,169.0
129964_1767683100,2,98.783,154.0
129964_1767683400,2,64.051,81.0
133300_1767683400,2,126.848,166.0
129964_1767683700,2,146.01,145.0
133300_1767683700,2,147.669,240.0
133957_1767683700,2,41.269,10.0
133957_1767684000,2,68.498,33.0
133300_1767684000,2,57.573,116.0
129964_1767684000,2,69.587,134.0
133300_1767684300,2,92.392,116.0
133957_1767684300,2,72.341,71.0
122658_1767684600,2,69.426,97.0
133300_1767684600,2,88.316,214.0
133300_1767684900,2,65.147,244.0
122658_1767684900,2,115.483,97.0
133300_1767685200,2,224.095,255.0
122658_1767685200,2,5.505,0.0
122658_1767685500,2,-3.648,0.0
133300_1767685500,2,220.356,286.0
133300_1767685800,2,210.777,404.0
122658_1767685800,2,24.55,0.0
122658_1767686100,2,-5.937,0.0
133300_1767686400,2,32.119,-26.0
122658_1767688200,2,39.246,137.0
122658_1767688500,2,35.832,-33.0
122658_1767688800,2,87.776,-34.0
122658_1767689100,2,-29.769,-34.0
122658_1767689400,2,10.222,-34.0
133300_1767689400,2,31.222,9.0
122658_1767689700,2,-18.876,-34.0
133300_1767689700,2,31.684,9.0
122048_1767690000,2,78.361,73.0
122048_1767690300,2,97.605,-33.0
129964_1767691800,2,39.884,42.0
122048_1767691800,2,-48.945,233.0
129964_1767692100,2,53.286,16.0
122048_1767692100,2,83.943,200.0
129964_1767692400,2,68.02,106.0
122048_1767692400,2,134.289,91.0
122048_1767692700,2,137.695,-63.0
122048_1767693000,2,77.554,-67.0
132430_1767693300,2,64.347,132.0
122048_1767693300,2,-95.406,-115.0
135081_1767697800,2,83.285,77.0
135081_1767698100,2,43.904,95.0
135081_1767698400,2,83.568,135.0
135081_1767698700,2,116.269,126.0
133300_1767702600,2,18.089,47.0
133300_1767702900,2,27.311,95.0
131672_1767703200,2,17.355,17.0
133300_1767703200,2,71.647,322.0
131672_1767703500,2,52.767,76.0
131672_1767703800,2,104.415,53.0
133300_1767703800,2,-43.685,-25.0
131672_1767704100,2,-4.055,192.0
122048_1767704400,2,28.982,0.0
122048_1767704700,2,25.049,0.0
122048_1767705000,2,7.072,0.0
122048_1767705300,2,12.196,0.0
133957_1767705600,2,31.519,113.0
122048_1767705600,2,8.48,0.0
122613_1767705900,2,-29.117,0.0
133957_1767705900,2,68.411,123.0
122048_1767705900,2,2.2,0.0
132430_1767706200,2,15.402,196.0
134040_1767706200,2,120.23,123.0
134040_1767706500,2,75.523,172.0
132430_1767706500,2,46.279,103.0
134040_1767706800,2,122.937,317.0
132430_1767706800,2,60.584,53.0
134040_1767707100,2,112.789,231.0
132430_1767707100,2,97.929,78.0
134040_1767707400,2,170.406,234.0
132430_1767707400,2,43.422,39.0
134040_1767707700,2,110.767,200.0
132430_1767707700,2,229.103,58.0
133957_1767708000,2,139.423,253.0
129964_1767708000,2,-24.006,-6.0
122613_1767708000,2,11.743,0.0
133957_1767708300,2,169.869,180.0
122613_1767708300,2,-19.709,0.0
129964_1767708600,2,-63.285,-114.0
122613_1767708600,2,-57.068,-77.0
131672_1767708600,2,9.974,60.0
133957_1767708600,2,208.993,238.0
131672_1767708900,2,59.231,90.0
122613_1767708900,2,-74.865,0.0
129964_1767708900,2,-26.401,-106.0
133957_1767708900,2,216.856,170.0
122613_1767709200,2,-33.159,0.0
133957_1767709200,2,197.452,81.0
131672_1767709200,2,96.316,91.0
129964_1767709200,2,14.043,-77.0
131672_1767709500,2,57.647,115.0
122613_1767709500,2,-21.202,0.0
129964_1767709500,2,-144.475,-93.0
122613_1767709800,2,2.684,0.0
122613_1767710100,2,-19.422,0.0
122613_1767710400,2,-22.274,0.0
122613_1767710700,2,-10.273,0.0
122613_1767711000,2,21.649,0.0
122613_1767711300,2,24.417,0.0
122658_1767713100,2,59.162,27.0
122658_1767715200,2,50.917,0.0
122658_1767715500,2,1.021,0.0
122658_1767715800,2,-15.607,0.0
122658_1767716100,2,4.104,0.0
122658_1767716400,2,9.17,0.0
122658_1767716700,2,-11.924,0.0
122048_1767720600,2,-7.336,-32.0
129964_1767720600,2,-4.164,-10.0
135081_1767720600,2,-125.604,-180.0
122048_1767720900,2,-71.918,-32.0
135081_1767720900,2,-24.156,-34.0
129964_1767720900,2,-17.336,49.0
122048_1767721200,2,9.356,-108.0
135081_1767721200,2,-23.228,4.0
135081_1767721500,2,-1.59,12.0
122048_1767721500,2,-79.294,-141.0
122048_1767721800,2,-111.915,-174.0
135081_1767721800,2,47.144,48.0
122048_1767722100,2,-128.555,-157.0
122048_1767722400,2,-131.55,-146.0
122048_1767722700,2,-69.445,-104.0
122048_1767723000,2,-146.325,-70.0
122048_1767723300,2,-32.557,48.0
122048_1767723600,2,-63.831,66.0
122048_1767723900,2,22.133,50.0
132430_1767724200,2,244.405,309.0
122048_1767724200,2,27.044,35.0
122048_1767724500,2,64.558,133.0
132430_1767724500,2,307.95,299.0
132430_1767724800,2,83.735,45.0
122048_1767724800,2,38.511,250.0
132430_1767725100,2,113.824,45.0
122048_1767725100,2,142.948,274.0
132430_1767725400,2,86.126,-1.0
122048_1767725400,2,275.398,356.0
122048_1767725700,2,299.648,417.0
132430_1767725700,2,74.862,27.0
135081_1767726000,2,255.971,311.0
135081_1767726300,2,268.776,146.0
135081_1767726600,2,203.796,53.0
135081_1767726900,2,159.235,-68.0
135081_1767727200,2,33.161,-32.0
135081_1767727500,2,-26.47,-15.0
122048_1767728700,2,-26.026,-348.0
122048_1767729000,2,12.302,-142.0
122048_1767729300,2,45.594,36.0
131672_1767732000,2,-11.048,32.0
131672_1767732300,2,122.408,16.0
131672_1767732600,2,181.067,34.0
131672_1767732900,2,107.149,41.0
122048_1767733200,2,10.334,0.0
132430_1767733200,2,319.339,153.0
122048_1767733500,2,12.211,0.0
132430_1767733500,2,248.154,168.0
122048_1767733800,2,14.672,0.0
132430_1767733800,2,204.01,179.0
122048_1767734100,2,11.128,0.0
132430_1767734100,2,214.768,96.0
122048_1767734400,2,16.827,0.0
122048_1767734700,2,29.939,0.0
135081_1767736800,2,-82.817,-98.0
135081_1767737100,2,-51.701,37.0
135081_1767737400,2,-41.078,13.0
135081_1767737700,2,79.951,172.0
135081_1767738000,2,84.769,87.0
135081_1767738300,2,105.37,73.0
134040_1767740400,2,3.547,0.0
134040_1767740700,2,-3.366,0.0
131672_1767666900,2,21.854,79.0
131672_1767667200,2,94.135,79.0
131672_1767667500,2,121.839,212.0
131672_1767667800,2,176.902,312.0
131672_1767668100,2,167.188,273.0
134040_1767668400,2,72.401,71.0
134040_1767668700,2,85.353,136.0
134040_1767669000,2,72.743,119.0
134040_1767669300,2,131.868,151.0
134040_1767669600,2,115.256,128.0
134040_1767669900,2,116.293,158.0
130238_1767675900,2,56.575,37.0
130238_1767676200,2,54.873,56.0
130238_1767676500,2,61.5,76.0
130238_1767676800,2,42.064,-9.0
130238_1767677100,2,74.311,38.0
122048_1767682800,2,-38.663,542.0
122048_1767683100,2,53.557,542.0
122048_1767683400,2,53.945,578.0
122048_1767683700,2,428.539,446.0
122048_1767684000,2,466.216,415.0
122048_1767684300,2,447.502,408.0
131672_1767691800,2,-36.175,-92.0
122613_1767702600,2,-10.649,64.0
122613_1767702900,2,64.686,64.0
134040_1767708000,2,96.502,60.0
134040_1767708300,2,72.626,25.0
134040_1767708600,2,43.815,61.0
134040_1767708900,2,24.075,61.0
134040_1767709200,2,-24.742,81.0
134040_1767709500,2,63.463,56.0
122613_1767711600,2,35.825,0.0
122613_1767711900,2,25.566,0.0
122613_1767712500,2,-7.987,0.0
122613_1767712800,2,-14.949,0.0
122613_1767713100,2,3.21,0.0
133300_1767717000,2,-64.607,-12.0
133957_1767717000,2,114.347,134.0
133957_1767717300,2,141.251,71.0
133300_1767717300,2,-29.987,-28.0
133957_1767717600,2,110.054,37.0
133300_1767717600,2,-8.078,-46.0
133957_1767717900,2,117.027,-25.0
133300_1767717900,2,58.933,25.0
133957_1767718200,2,73.056,-42.0
133300_1767718200,2,81.388,26.0
133300_1767718500,2,63.569,129.0
133957_1767718500,2,-35.735,-28.0
132430_1767720600,2,150.068,141.0
132430_1767720900,2,61.496,216.0
132430_1767721200,2,173.948,309.0
132430_1767721500,2,232.938,359.0
132430_1767721800,2,243.334,295.0
132430_1767722100,2,280.145,393.0
135081_1767724500,2,39.489,112.0
135081_1767724800,2,86.175,246.0
135081_1767725100,2,101.31,166.0
135081_1767725400,2,246.547,241.0
135081_1767725700,2,220.5,313.0
130072_1767738600,2,0.931,0.0
130072_1767738900,2,-29.957,0.0
129964_1767666600,2,-51.138,44.0
129964_1767666900,2,-36.286,16.0
129964_1767667200,2,-6.994,-27.0
129964_1767667500,2,48.276,2.0
129964_1767667800,2,40.126,-70.0
134040_1767667800,2,44.402,20.0
129964_1767668100,2,3.013,-76.0
134040_1767668100,2,55.218,93.0
132430_1767668400,2,94.12,22.0
132430_1767668700,2,120.484,74.0
132430_1767669000,2,7.272,1.0
132430_1767669300,2,92.731,4.0
132430_1767669600,2,50.371,84.0
132430_1767669900,2,14.213,58.0
129964_1767672000,2,51.031,-7.0
129964_1767672300,2,-19.763,-9.0
129964_1767672900,2,-2.235,-29.0
129964_1767673200,2,39.617,-57.0
129964_1767673500,2,74.936,19.0
129964_1767673800,2,72.618,-15.0
129964_1767674100,2,83.922,72.0
129964_1767674400,2,20.314,95.0
129964_1767674700,2,-59.966,46.0
129964_1767675000,2,-43.114,38.0
129964_1767675300,2,-10.592,105.0
129964_1767675600,2,34.832,46.0
129964_1767675900,2,55.631,20.0
129964_1767676200,2,78.623,91.0
134040_1767679800,2,25.55,23.0
134040_1767680100,2,52.169,26.0
134040_1767680400,2,79.864,-52.0
134040_1767680700,2,3.533,-87.0
129964_1767681000,2,93.753,7.0
129964_1767681300,2,34.673,47.0
129964_1767681600,2,68.195,39.0
129964_1767681900,2,-3.441,148.0
129964_1767682200,2,30.297,188.0
129964_1767682500,2,-12.959,84.0
131672_1767682800,2,67.489,-48.0
131672_1767683100,2,-8.194,-52.0
131672_1767683400,2,-80.37,-178.0
131672_1767683700,2,-104.602,-200.0
131672_1767684000,2,-53.526,-74.0
131672_1767684300,2,-14.801,24.0
129964_1767684600,2,-24.238,-29.0
129964_1767684900,2,17.386,-70.0
129964_1767685200,2,83.169,-34.0
129964_1767685500,2,11.937,-4.0
129964_1767685800,2,64.521,17.0
129964_1767686100,2,3.953,162.0
130238_1767686400,2,173.464,107.0
122048_1767686400,2,52.725,-43.0
130238_1767686700,2,124.215,1.0
122048_1767686700,2,16.406,-49.0
122048_1767687000,2,-1.179,104.0
122048_1767687300,2,-23.422,99.0
122048_1767687600,2,40.381,49.0
122048_1767687900,2,127.267,80.0
122048_1767688200,2,45.306,68.0
134040_1767688200,2,46.468,154.0
122048_1767688500,2,74.498,49.0
134040_1767688500,2,98.829,141.0
122048_1767688800,2,78.059,76.0
134040_1767688800,2,95.949,128.0
134040_1767689100,2,74.897,26.0
122048_1767689100,2,8.721,94.0
134040_1767689400,2,12.235,94.0
122048_1767689400,2,39.7,121.0
122048_1767689700,2,41.27,116.0
134040_1767689700,2,8.578,46.0
122658_1767690000,2,-31.639,-34.0
122658_1767690300,2,-29.585,-34.0
122658_1767690600,2,-17.367,-34.0
122658_1767690900,2,-3.36,-34.0
130238_1767691800,2,16.795,0.0
130238_1767692100,2,-10.532,0.0
130238_1767692400,2,4.54,0.0
130238_1767692700,2,-13.759,0.0
130238_1767693000,2,-1.87,0.0
130238_1767693300,2,8.624,0.0
122613_1767693600,2,-63.037,-180.0
122048_1767693600,2,-102.86,-142.0
133957_1767693600,2,24.4,-24.0
122613_1767693900,2,-134.793,-108.0
122048_1767693900,2,-117.222,-110.0
133957_1767693900,2,-8.957,13.0
122613_1767694200,2,-156.836,-140.0
122048_1767694200,2,-105.873,-50.0
133957_1767694200,2,8.681,21.0
122613_1767694500,2,-50.264,-70.0
133957_1767694500,2,-50.044,-22.0
122048_1767694500,2,-88.546,-184.0
133957_1767694800,2,0.146,24.0
122048_1767694800,2,-51.189,-250.0
122613_1767694800,2,-88.983,-38.0
122613_1767695100,2,-32.177,30.0
122048_1767695100,2,-51.73,-359.0
133957_1767695100,2,-50.24,-17.0
133300_1767697200,2,12.489,49.0
130238_1767697200,2,42.557,40.0
130238_1767697500,2,79.808,32.0
133300_1767697500,2,-25.878,77.0
133300_1767697800,2,-21.748,65.0
133300_1767698100,2,57.593,151.0
133300_1767698400,2,139.415,225.0
132430_1767699000,2,-1.347,14.0
131672_1767699000,2,97.558,4.0
132430_1767699300,2,24.276,14.0
131672_1767699300,2,24.208,40.0
131672_1767699600,2,-17.265,-28.0
132430_1767699600,2,26.8,-87.0
132430_1767699900,2,59.298,-110.0
131672_1767699900,2,-88.246,-29.0
131672_1767700200,2,-55.429,-23.0
132430_1767700200,2,18.674,-136.0
132430_1767700500,2,-13.738,-6.0
131672_1767700500,2,-32.045,-47.0
131672_1767700800,2,-92.753,-105.0
131672_1767701100,2,-115.032,-83.0
131672_1767701400,2,-32.916,-207.0
122658_1767702600,2,4.469,0.0
122658_1767702900,2,-5.268,0.0
134040_1767703200,2,-108.941,-35.0
122658_1767703200,2,-10.585,0.0
134040_1767703500,2,13.264,-35.0
122658_1767703500,2,5.23,0.0
122658_1767703800,2,36.9,103.0
134040_1767703800,2,41.765,52.0
122658_1767704100,2,127.316,252.0
134040_1767704100,2,35.069,87.0
135081_1767704400,2,-1.138,11.0
122658_1767704400,2,112.144,289.0
129964_1767704400,2,-31.878,-106.0
122658_1767704700,2,128.03,321.0
129964_1767704700,2,-37.865,-150.0
122658_1767705000,2,321.915,406.0
129964_1767705000,2,-97.209,-165.0
129964_1767705300,2,-36.884,-95.0
129964_1767705600,2,-56.784,11.0
122658_1767705600,2,29.794,0.0
129964_1767705900,2,-102.137,-32.0
122658_1767705900,2,-38.728,0.0
135081_1767705900,2,-7.397,79.0
132430_1767708000,2,232.737,192.0
135081_1767708000,2,190.087,19.0
132430_1767708300,2,103.936,68.0
135081_1767708300,2,61.545,-36.0
135081_1767708600,2,-52.265,-19.0
132430_1767708600,2,46.178,-7.0
132430_1767708900,2,101.935,115.0
135081_1767708900,2,-29.564,-17.0
132430_1767709200,2,47.553,98.0
135081_1767709200,2,-55.681,-17.0
132430_1767709500,2,127.622,158.0
135081_1767709500,2,-59.541,-102.0
131672_1767711600,2,-72.02,-47.0
133957_1767711600,2,134.143,26.0
133957_1767711900,2,84.072,17.0
131672_1767711900,2,-42.398,-52.0
133957_1767712200,2,-22.81,28.0
133957_1767712500,2,32.833,-36.0
133957_1767712800,2,-18.789,-93.0
133957_1767713100,2,-43.543,74.0
133957_1767713400,2,-101.526,75.0
133957_1767713700,2,0.252,-11.0
132430_1767715200,2,271.481,485.0
133300_1767715200,2,-20.586,22.0
132430_1767715500,2,375.74,483.0
133300_1767715500,2,29.513,-24.0
133300_1767715800,2,46.066,-87.0
133300_1767716100,2,2.599,-38.0
133300_1767716400,2,112.328,207.0
122658_1767717000,2,17.159,0.0
122658_1767717600,2,22.901,-46.0
122658_1767717900,2,17.442,38.0
122658_1767718200,2,42.124,39.0
122658_1767718500,2,71.566,63.0
130238_1767718800,2,-28.312,-85.0
133300_1767718800,2,113.652,231.0
130238_1767719100,2,143.641,99.0
130238_1767719400,2,233.555,160.0
133300_1767719400,2,-48.962,-24.0
130238_1767719700,2,116.925,134.0
133300_1767719700,2,3.168,22.0
133300_1767720000,2,32.194,-46.0
130238_1767720000,2,168.103,35.0
133300_1767720300,2,91.64,-26.0
130238_1767720300,2,109.758,41.0
134040_1767722400,2,91.919,107.0
134040_1767722700,2,89.56,295.0
134040_1767723000,2,146.708,407.0
134040_1767723300,2,153.667,342.0
134040_1767723600,2,357.882,401.0
134040_1767723900,2,307.64,487.0
122048_1767726000,2,399.86,481.0
122048_1767726300,2,451.074,523.0
122048_1767727200,2,13.115,-54.0
133957_1767735000,2,-36.824,21.0
130072_1767735000,2,-9.896,0.0
130072_1767735300,2,22.669,0.0
133957_1767735300,2,66.89,50.0
133957_1767735600,2,24.459,77.0
130072_1767735600,2,4.122,0.0
130072_1767735900,2,-19.606,0.0
130072_1767736200,2,-4.869,0.0
130072_1767736500,2,9.236,0.0
132430_1767742200,2,166.029,74.0
132430_1767743400,2,57.991,91.0
132430_1767743700,2,69.941,154.0
129964_1767665100,2,28.317,-45.0
129964_1767665400,2,48.76,-37.0
129964_1767665700,2,76.685,-63.0
129964_1767666000,2,26.208,-113.0
129964_1767666300,2,49.44,-3.0
129964_1767668400,2,33.701,-26.0
131672_1767668400,2,220.982,220.0
131672_1767668700,2,237.27,407.0
129964_1767669000,2,-8.716,-51.0
131672_1767669000,2,170.807,408.0
129964_1767669300,2,31.732,-40.0
131672_1767669300,2,292.082,322.0
131672_1767669600,2,336.346,294.0
129964_1767669600,2,55.906,-21.0
129964_1767669900,2,26.611,10.0
132430_1767673800,2,177.736,137.0
132430_1767674100,2,92.651,35.0
132430_1767674400,2,124.81,161.0
132430_1767674700,2,39.567,145.0
132430_1767675000,2,159.481,118.0
132430_1767675300,2,89.492,0.0
134040_1767682800,2,3.413,72.0
134040_1767683100,2,72.067,131.0
134040_1767683400,2,65.764,29.0
134040_1767683700,2,125.712,-62.0
134040_1767684000,2,12.133,48.0
134040_1767684300,2,-24.081,86.0
133957_1767686400,2,-43.72,9.0
133957_1767686700,2,-76.927,-42.0
133957_1767687000,2,-56.757,3.0
133957_1767687300,2,-19.361,79.0
133957_1767687600,2,71.742,45.0
133957_1767687900,2,76.347,104.0
122613_1767691800,2,17.738,69.0
122613_1767692100,2,54.815,-16.0
122613_1767692400,2,23.594,-87.0
122613_1767692700,2,-81.909,-160.0
122613_1767693000,2,-96.86,-147.0
122613_1767693300,2,-116.878,-146.0
122658_1767697200,2,225.484,352.0
122658_1767697500,2,49.051,0.0
122658_1767697800,2,3.338,0.0
122658_1767698100,2,19.378,0.0
122658_1767698400,2,-9.948,0.0
122658_1767698700,2,-18.812,0.0
122658_1767699000,2,1.095,0.0
122658_1767699300,2,-27.262,0.0
122658_1767699600,2,7.794,0.0
122658_1767699900,2,50.869,72.0
122658_1767700200,2,95.039,183.0
122658_1767700500,2,53.379,192.0
129964_1767700800,2,-13.922,77.0
132430_1767700800,2,-122.283,-169.0
132430_1767701100,2,-60.218,-262.0
129964_1767701100,2,83.527,80.0
129964_1767701400,2,69.211,61.0
132430_1767701400,2,-26.287,-258.0
129964_1767701700,2,-2.827,-43.0
132430_1767701700,2,162.393,84.0
129964_1767702000,2,-61.972,-38.0
132430_1767702000,2,214.448,87.0
132430_1767702300,2,208.361,90.0
129964_1767702300,2,-79.127,-108.0
122613_1767706200,2,-12.245,0.0
133957_1767706200,2,103.058,222.0
122613_1767706500,2,4.356,0.0
133957_1767706500,2,61.268,296.0
133957_1767706800,2,100.171,294.0
122613_1767706800,2,-3.436,0.0
133957_1767707100,2,249.196,182.0
122613_1767707100,2,-7.877,0.0
122613_1767707400,2,-22.477,0.0
133957_1767707400,2,242.258,292.0
133957_1767707700,2,123.453,252.0
122613_1767707700,2,-15.822,0.0
129964_1767711600,2,-97.52,-143.0
129964_1767711900,2,-83.893,-3.0
129964_1767712200,2,-42.594,17.0
129964_1767712800,2,-42.118,-108.0
129964_1767713100,2,-0.939,-108.0
131672_1767721800,2,3.735,21.0
131672_1767722100,2,45.336,47.0
132430_1767726000,2,57.172,156.0
132430_1767726300,2,102.523,141.0
132430_1767726600,2,95.197,46.0
132430_1767726900,2,134.688,10.0
132430_1767727200,2,47.925,217.0
132430_1767727500,2,92.748,260.0
132430_1767738600,2,88.78,110.0
132430_1767738900,2,108.739,112.0
132430_1767739200,2,114.852,81.0
132430_1767739500,2,157.356,-2.0
132430_1767739800,2,28.124,8.0
132430_1767740100,2,46.657,175.0
135081_1767670200,2,12.944,14.0
122048_1767670200,2,1.124,0.0
122048_1767670500,2,-0.432,0.0
135081_1767670500,2,48.699,63.0
135081_1767670800,2,76.903,54.0
122048_1767670800,2,-9.886,0.0
122048_1767671100,2,-18.07,0.0
135081_1767671100,2,62.982,45.0
122048_1767671400,2,-13.793,0.0
135081_1767671400,2,74.426,84.0
135081_1767671700,2,48.681,104.0
122048_1767671700,2,-13.012,0.0
133957_1767672000,2,-71.778,-29.0
133957_1767672300,2,-86.718,-51.0
122048_1767672300,2,46.569,66.0
133957_1767672600,2,-29.549,-8.0
122048_1767672600,2,86.605,66.0
133957_1767672900,2,-51.043,-34.0
122048_1767672900,2,58.518,170.0
122048_1767673200,2,120.673,41.0
122048_1767673500,2,94.037,25.0
130238_1767673800,2,101.183,10.0
130238_1767674100,2,68.975,131.0
130238_1767674400,2,78.574,168.0
130238_1767674700,2,126.085,240.0
130238_1767675000,2,126.013,233.0
133300_1767675000,2,-9.384,99.0
133300_1767675300,2,32.18,99.0
133300_1767675600,2,69.084,180.0
133300_1767675900,2,120.062,135.0
133300_1767676200,2,214.671,170.0
133300_1767676500,2,135.625,169.0
133300_1767676800,2,120.385,289.0
133957_1767679500,2,14.01,49.0
130238_1767679500,2,-38.157,0.0
130238_1767679800,2,-24.857,0.0
133957_1767679800,2,40.551,71.0
133957_1767680100,2,99.02,111.0
130238_1767680100,2,-9.427,0.0
133957_1767680400,2,34.813,18.0
130238_1767680400,2,0.314,0.0
133957_1767680700,2,72.544,39.0
130238_1767680700,2,4.166,0.0
133957_1767681000,2,35.273,-30.0
134040_1767681000,2,-1.323,-111.0
134040_1767681300,2,-35.776,-75.0
133957_1767681300,2,81.259,-59.0
134040_1767681600,2,57.188,1.0
133957_1767681600,2,-49.972,-30.0
134040_1767681900,2,33.458,-38.0
133957_1767681900,2,-4.503,-58.0
133957_1767682200,2,-61.405,-19.0
134040_1767682200,2,50.937,-71.0
133957_1767682500,2,-39.54,-45.0
134040_1767682500,2,90.822,46.0
132430_1767684600,2,114.555,215.0
132430_1767684900,2,148.463,183.0
132430_1767685500,2,18.287,167.0
132430_1767685800,2,45.499,64.0
132430_1767686100,2,71.979,53.0
129964_1767686400,2,-64.057,97.0
129964_1767686700,2,22.028,64.0
129964_1767687000,2,32.526,42.0
129964_1767687300,2,35.715,108.0
129964_1767687600,2,2.308,8.0
129964_1767687900,2,53.948,95.0
131672_1767688200,2,74.479,16.0
131672_1767688500,2,46.821,20.0
131672_1767688800,2,67.935,-17.0
131672_1767689100,2,78.455,17.0
131672_1767689400,2,33.588,-72.0
122613_1767689700,2,18.136,49.0
131672_1767689700,2,10.674,-222.0
131672_1767690000,2,-76.134,-208.0
133957_1767690000,2,19.142,-116.0
131672_1767690300,2,-118.444,-157.0
133957_1767690300,2,-73.652,-68.0
131672_1767690600,2,-126.362,-39.0
133957_1767690600,2,-100.282,-88.0
133957_1767690900,2,-86.056,-111.0
131672_1767690900,2,-84.411,-68.0
131672_1767691200,2,-72.252,-65.0
133957_1767691200,2,-19.674,9.0
131672_1767691500,2,-46.785,-10.0
133300_1767693600,2,117.829,168.0
133300_1767694200,2,-7.503,-63.0
133300_1767694500,2,-35.4,-63.0
133300_1767694800,2,-17.123,54.0
133300_1767695100,2,-30.013,90.0
129964_1767695400,2,42.2,-51.0
133957_1767695400,2,-8.138,28.0
129964_1767695700,2,58.799,-51.0
129964_1767696000,2,83.063,-11.0
133957_1767696000,2,-22.194,138.0
129964_1767696300,2,64.05,73.0
133957_1767696300,2,26.148,156.0
129964_1767696600,2,61.972,111.0
133957_1767696600,2,96.87,185.0
129964_1767696900,2,140.081,140.0
133957_1767696900,2,136.578,111.0
131672_1767698100,2,0.862,27.0
131672_1767698400,2,51.726,60.0
131672_1767698700,2,69.073,82.0
129964_1767699000,2,17.945,80.0
129964_1767699300,2,61.408,49.0
129964_1767699900,2,-43.735,-53.0
129964_1767700200,2,1.782,-73.0
129964_1767700500,2,92.621,90.0
133300_1767700800,2,100.839,260.0
122613_1767700800,2,-98.821,-50.0
122613_1767701100,2,-79.15,-155.0
122613_1767701400,2,-103.37,-175.0
133300_1767701400,2,-56.127,-7.0
133300_1767701700,2,52.677,-7.0
122613_1767701700,2,-99.387,-47.0
133300_1767702000,2,-35.921,132.0
122613_1767702000,2,-122.4,-61.0
122613_1767702300,2,3.19,66.0
133300_1767702300,2,15.957,114.0
132430_1767702600,2,190.306,-64.0
135081_1767702600,2,-16.162,-131.0
135081_1767702900,2,-7.902,-144.0
132430_1767702900,2,35.394,-181.0
132430_1767703200,2,-31.691,-100.0
135081_1767703200,2,-21.545,-171.0
132430_1767703500,2,-14.243,-75.0
135081_1767703500,2,-94.3,-72.0
132430_1767703800,2,-48.888,-58.0
135081_1767703800,2,-8.359,-16.0
132430_1767704100,2,-86.47,-74.0
135081_1767704100,2,-11.965,-27.0
134040_1767704400,2,95.2,91.0
134040_1767704700,2,94.928,-7.0
134040_1767705000,2,105.394,47.0
134040_1767705300,2,43.894,84.0
134040_1767705600,2,48.051,113.0
134040_1767705900,2,101.478,37.0
131672_1767706200,2,-42.524,37.0
131672_1767706500,2,61.369,131.0
135081_1767711600,2,19.78,11.0
135081_1767711900,2,87.188,-12.0
135081_1767712200,2,56.434,-28.0
135081_1767712500,2,54.585,59.0
130238_1767712500,2,1.269,10.0
130238_1767712800,2,52.89,-40.0
130238_1767713100,2,68.625,-124.0
131672_1767713400,2,-17.286,12.0
122048_1767713400,2,-15.146,0.0
131672_1767713700,2,54.526,86.0
122048_1767713700,2,-2.622,0.0
131672_1767714000,2,37.154,67.0
122048_1767714000,2,-55.517,0.0
122048_1767714300,2,-6.009,0.0
131672_1767714300,2,61.68,70.0
122048_1767714600,2,-9.091,0.0
131672_1767714600,2,40.209,13.0
122048_1767714900,2,1.89,0.0
131672_1767714900,2,-32.641,-150.0
129964_1767715200,2,-59.37,-134.0
129964_1767715500,2,-90.247,-115.0
129964_1767715800,2,-79.943,-2.0
129964_1767716100,2,-105.114,-46.0
129964_1767716400,2,-10.688,-13.0
129964_1767716700,2,-20.919,303.0
122613_1767717000,2,-26.273,-62.0
122613_1767717300,2,-19.02,-54.0
122613_1767717600,2,-46.263,-11.0
122613_1767717900,2,-61.686,55.0
122613_1767718200,2,45.309,72.0
122613_1767718500,2,45.163,72.0
133957_1767718800,2,-13.99,-35.0
122658_1767718800,2,-10.899,107.0
133957_1767719100,2,-47.643,-113.0
122658_1767719100,2,103.668,88.0
122658_1767719400,2,43.285,0.0
133957_1767719400,2,-13.081,-174.0
122658_1767719700,2,5.599,0.0
133957_1767719700,2,-75.278,-173.0
122048_1767720000,2,-47.602,-336.0
133957_1767720000,2,-82.349,-218.0
122658_1767720000,2,0.479,0.0
122048_1767720300,2,-41.658,-130.0
122658_1767720300,2,3.472,0.0
131672_1767724200,2,292.605,368.0
131672_1767724500,2,376.273,365.0
133957_1767729600,2,152.426,141.0
122048_1767729600,2,41.98,41.0
122048_1767729900,2,47.376,93.0
133957_1767729900,2,245.491,126.0
122048_1767730200,2,69.949,99.0
130072_1767730200,2,20.932,60.0
133957_1767730200,2,237.983,83.0
133957_1767730500,2,132.987,53.0
122048_1767730500,2,23.644,-3.0
130072_1767730500,2,43.564,60.0
130072_1767730800,2,75.632,106.0
122048_1767730800,2,55.494,25.0
133957_1767730800,2,0.153,38.0
133957_1767731100,2,29.446,59.0
130072_1767731100,2,128.418,22.0
122048_1767731100,2,3.793,4.0
132430_1767731400,2,226.896,192.0
132430_1767731700,2,261.008,201.0
132430_1767732000,2,158.082,167.0
132430_1767732300,2,170.927,337.0
132430_1767732600,2,202.788,338.0
132430_1767732900,2,337.317,238.0
135081_1767733200,2,133.929,40.0
135081_1767733500,2,177.391,44.0
135081_1767733800,2,124.463,51.0
135081_1767734100,2,7.63,-16.0
135081_1767734400,2,30.85,-59.0
135081_1767734700,2,30.608,-170.0
134040_1767735000,2,413.879,434.0
134040_1767735300,2,395.612,434.0
134040_1767735900,2,66.65,0.0
134040_1767736200,2,2.576,0.0
134040_1767736500,2,-2.047,0.0
132430_1767738000,2,36.905,90.0
132430_1767738300,2,50.706,108.0
132430_1767740400,2,194.274,151.0
130072_1767740700,2,-15.261,0.0
132430_1767740700,2,208.495,124.0
132430_1767741000,2,153.552,60.0
130072_1767741000,2,-12.268,0.0
130072_1767741300,2,14.15,0.0
132430_1767741300,2,66.468,85.0
132430_1767741600,2,112.284,189.0
130072_1767741600,2,37.944,0.0
132430_1767741900,2,82.74,160.0
130072_1767741900,2,14.651,0.0
131672_1767672000,2,38.883,72.0
131672_1767672300,2,36.056,-66.0
131672_1767672600,2,76.574,10.0
131672_1767672900,2,2.477,27.0
131672_1767673200,2,47.842,-43.0
131672_1767673500,2,1.772,-31.0
135081_1767679800,2,21.956,6.0
135081_1767680100,2,39.036,42.0
135081_1767680400,2,59.063,-2.0
135081_1767680700,2,75.832,-23.0
135081_1767682800,2,-66.22,-127.0
135081_1767683100,2,-56.985,-186.0
135081_1767683400,2,-108.979,-182.0
135081_1767683700,2,-75.105,-134.0
135081_1767684000,2,-74.824,-142.0
135081_1767684300,2,-34.226,-79.0
133957_1767684600,2,36.223,22.0
133957_1767684900,2,-6.177,-55.0
133957_1767685200,2,1.016,-36.0
133957_1767685500,2,-63.384,-95.0
133957_1767685800,2,-63.403,7.0
133957_1767686100,2,-72.113,-55.0
134040_1767686400,2,141.967,43.0
134040_1767686700,2,107.591,6.0
134040_1767687000,2,58.41,24.0
134040_1767687300,2,46.478,37.0
134040_1767687600,2,109.024,113.0
134040_1767687900,2,53.173,149.0
133300_1767695400,2,32.253,33.0
133300_1767695700,2,42.125,50.0
133300_1767696000,2,84.131,197.0
133300_1767696600,2,2.755,-52.0
133300_1767696900,2,16.94,-52.0
122613_1767697200,2,14.323,0.0
122048_1767697200,2,-29.134,-68.0
122613_1767697500,2,30.824,0.0
122048_1767697500,2,-9.548,-129.0
122613_1767697800,2,11.514,0.0
122048_1767697800,2,31.668,-129.0
122048_1767698100,2,-77.063,-181.0
122613_1767698100,2,4.991,0.0
122613_1767698400,2,-13.118,0.0
122048_1767698400,2,-92.059,-194.0
122048_1767698700,2,-106.675,-216.0
122613_1767698700,2,-9.975,0.0
122048_1767711600,2,-42.438,106.0
122048_1767711900,2,3.118,85.0
122048_1767712200,2,2.586,83.0
122048_1767712500,2,-3.946,57.0
122048_1767712800,2,49.259,-8.0
122048_1767713100,2,1.996,92.0
134040_1767713400,2,159.056,36.0
134040_1767713700,2,122.361,21.0
134040_1767714000,2,51.853,108.0
134040_1767714300,2,-45.134,-44.0
135081_1767727800,2,-50.115,-58.0
135081_1767728100,2,-44.213,58.0
135081_1767728400,2,-22.805,40.0
135081_1767728700,2,64.003,-16.0
135081_1767729000,2,14.384,-62.0
135081_1767729300,2,-13.064,-45.0
134040_1767731400,2,213.604,214.0
134040_1767731700,2,238.176,152.0
134040_1767732000,2,224.482,152.0
134040_1767732300,2,225.876,181.0
134040_1767732600,2,197.67,230.0
134040_1767732900,2,252.803,315.0
135081_1767735000,2,-41.717,-184.0
135081_1767735300,2,-86.795,-69.0
135081_1767735600,2,-93.472,-88.0
135081_1767735900,2,-48.005,-130.0
135081_1767736200,2,-31.153,-161.0
135081_1767736500,2,-77.314,-191.0
