sample_id,fold_repeat,oof_pred,y
122048_1767668400,0,8.663,0.0
122048_1767668700,0,9.871,0.0
122048_1767669000,0,7.225,0.0
122048_1767669300,0,8.882,0.0
122048_1767669600,0,-0.601,0.0
122048_1767669900,0,-2.175,0.0
133957_1767670200,0,68.388,133.0
133957_1767670500,0,26.061,55.0
133957_1767670800,0,91.18,-10.0
133957_1767671100,0,41.246,-86.0
133957_1767671400,0,-20.91,-86.0
133957_1767671700,0,-23.18,-40.0
129964_1767672000,0,24.169,-7.0
129964_1767672300,0,2.047,-9.0
129964_1767672900,0,-9.45,-29.0
129964_1767673200,0,32.455,-57.0
129964_1767673500,0,69.067,19.0
129964_1767673800,0,43.51,-15.0
135081_1767673800,0,18.531,111.0
129964_1767674100,0,80.082,72.0
135081_1767674100,0,132.172,80.0
135081_1767674400,0,115.798,122.0
129964_1767674400,0,21.646,95.0
135081_1767674700,0,49.656,94.0
129964_1767674700,0,-5.964,46.0
135081_1767675000,0,97.015,53.0
129964_1767675000,0,20.961,38.0
133300_1767675000,0,31.588,99.0
135081_1767675300,0,120.532,208.0
133300_1767675300,0,-11.308,99.0
129964_1767675300,0,57.191,105.0
129964_1767675600,0,28.302,46.0
129964_1767675900,0,54.519,20.0
129964_1767676200,0,29.823,91.0
122048_1767677400,0,-50.478,-65.0
130238_1767677400,0,24.201,-50.0
122048_1767677700,0,-11.824,12.0
130238_1767677700,0,17.254,-47.0
130238_1767678000,0,60.618,-45.0
122048_1767678000,0,-20.908,47.0
130238_1767678300,0,-53.691,-142.0
122048_1767678300,0,-28.931,124.0
122048_1767678600,0,-6.377,172.0
122048_1767678900,0,56.955,140.0
134040_1767679800,0,20.459,23.0
134040_1767680100,0,54.422,26.0
134040_1767680400,0,36.233,-52.0
134040_1767680700,0,1.326,-87.0
132430_1767681000,0,76.431,32.0
133300_1767681000,0,23.651,12.0
132430_1767681300,0,-10.711,126.0
133300_1767681300,0,90.759,-61.0
133300_1767681600,0,63.721,159.0
132430_1767681600,0,-28.793,65.0
133300_1767681900,0,-15.423,79.0
132430_1767681900,0,6.303,-62.0
133300_1767682200,0,-2.709,79.0
132430_1767682200,0,75.536,-16.0
132430_1767682500,0,0.923,248.0
133300_1767682500,0,25.819,173.0
131672_1767684600,0,2.89,-63.0
122048_1767684600,0,338.859,350.0
131672_1767684900,0,-10.032,-96.0
122048_1767684900,0,347.944,304.0
122048_1767685200,0,316.246,183.0
131672_1767685200,0,7.717,-126.0
122048_1767685500,0,306.606,141.0
122048_1767685800,0,169.82,45.0
122048_1767686100,0,89.651,-35.0
130238_1767686400,0,151.232,107.0
130238_1767686700,0,172.191,1.0
130238_1767688200,0,76.029,27.0
130238_1767688500,0,79.049,-8.0
130238_1767688800,0,67.355,-92.0
130238_1767689100,0,-5.255,-120.0
130238_1767689400,0,-55.26,37.0
133300_1767689400,0,16.396,9.0
130238_1767689700,0,-49.815,57.0
133300_1767689700,0,23.625,9.0
122048_1767690000,0,52.528,73.0
122048_1767690300,0,31.785,-33.0
122613_1767693600,0,-132.234,-180.0
122613_1767693900,0,-110.94,-108.0
122613_1767694200,0,-125.163,-140.0
122613_1767694500,0,-94.831,-70.0
122613_1767694800,0,-54.063,-38.0
122613_1767695100,0,-7.042,30.0
133300_1767697200,0,25.758,49.0
130238_1767697200,0,48.165,40.0
130238_1767697500,0,41.772,32.0
133300_1767697500,0,-5.172,77.0
133300_1767697800,0,27.79,65.0
133300_1767698100,0,43.312,151.0
131672_1767698100,0,40.675,27.0
131672_1767698400,0,70.086,60.0
133300_1767698400,0,90.59,225.0
131672_1767698700,0,93.036,82.0
135081_1767699000,0,170.229,28.0
135081_1767699300,0,129.656,45.0
135081_1767699600,0,57.972,55.0
135081_1767699900,0,25.451,36.0
135081_1767700200,0,-25.783,-24.0
135081_1767700500,0,-56.633,-98.0
131672_1767700800,0,-77.012,-105.0
131672_1767701100,0,-66.51,-83.0
131672_1767701400,0,-17.862,-207.0
122048_1767702600,0,187.215,144.0
122048_1767702900,0,204.61,138.0
131672_1767703200,0,55.398,17.0
122048_1767703200,0,114.761,87.0
131672_1767703500,0,73.856,76.0
122048_1767703500,0,89.722,84.0
131672_1767703800,0,76.472,53.0
122048_1767703800,0,49.089,84.0
131672_1767704100,0,87.981,192.0
122048_1767704100,0,45.954,0.0
122658_1767704400,0,76.529,289.0
132430_1767704700,0,-68.893,16.0
122658_1767704700,0,40.852,321.0
122658_1767705000,0,315.563,406.0
132430_1767705000,0,23.558,16.0
132430_1767705300,0,14.5,17.0
132430_1767705600,0,56.172,77.0
122658_1767705600,0,49.375,0.0
132430_1767705900,0,37.231,57.0
122658_1767705900,0,14.019,0.0
133957_1767708000,0,182.735,253.0
132430_1767708000,0,122.087,192.0
133957_1767708300,0,135.634,180.0
132430_1767708300,0,34.772,68.0
132430_1767708600,0,23.999,-7.0
133957_1767708600,0,175.214,238.0
132430_1767708900,0,51.829,115.0
133957_1767708900,0,201.478,170.0
132430_1767709200,0,56.737,98.0
133957_1767709200,0,86.422,81.0
132430_1767709500,0,114.851,158.0
131672_1767711600,0,-46.106,-47.0
134040_1767711600,0,77.367,199.0
134040_1767711900,0,197.937,181.0
131672_1767711900,0,-24.869,-52.0
134040_1767712200,0,185.986,202.0
134040_1767712500,0,147.414,199.0
134040_1767712800,0,52.942,183.0
134040_1767713100,0,101.096,91.0
122613_1767713400,0,15.64,0.0
122613_1767713700,0,11.95,0.0
122613_1767714000,0,9.275,0.0
122613_1767714300,0,4.296,0.0
122613_1767714600,0,-0.636,0.0
122613_1767714900,0,6.545,0.0
122048_1767715200,0,11.575,0.0
122658_1767715200,0,17.297,0.0
132430_1767715200,0,327.188,485.0
122658_1767715500,0,8.366,0.0
132430_1767715500,0,335.001,483.0
122048_1767715500,0,15.237,0.0
122048_1767715800,0,3.687,0.0
122658_1767715800,0,3.156,0.0
122048_1767716100,0,5.928,0.0
122658_1767716100,0,2.781,0.0
122048_1767716400,0,6.564,0.0
122658_1767716400,0,3.656,0.0
122048_1767716700,0,-7.783,0.0
122658_1767716700,0,-0.274,0.0
133300_1767718800,0,51.803,231.0
133300_1767719400,0,-10.205,-24.0
133300_1767719700,0,11.4,22.0
133300_1767720000,0,78.46,-46.0
133300_1767720300,0,44.513,-26.0
130238_1767720600,0,49.577,-64.0
130238_1767720900,0,54.049,-125.0
130238_1767721200,0,67.711,-103.0
130238_1767721500,0,-26.543,-170.0
132430_1767722400,0,350.253,380.0
132430_1767722700,0,418.722,324.0
132430_1767723000,0,471.112,452.0
132430_1767723300,0,341.969,333.0
132430_1767723600,0,405.147,310.0
132430_1767723900,0,419.834,285.0
131672_1767726900,0,-4.09,-3.0
131672_1767727200,0,17.24,-9.0
131672_1767727500,0,95.572,163.0
131672_1767729600,0,526.734,557.0
134040_1767735000,0,398.773,434.0
134040_1767735300,0,399.812,434.0
134040_1767735900,0,13.323,0.0
134040_1767736200,0,24.606,0.0
134040_1767736500,0,77.31,0.0
134494_1767738000,0,13.364,0.0
134494_1767738300,0,-3.317,0.0
134494_1767738600,0,-1.726,0.0
134494_1767738900,0,-2.026,0.0
134494_1767739200,0,-2.853,0.0
134494_1767739500,0,-2.439,0.0
134494_1767739800,0,-2.099,0.0
134494_1767740100,0,-2.119,0.0
132430_1767742200,0,117.605,74.0
132430_1767743400,0,100.365,91.0
132430_1767743700,0,94.066,154.0
129964_1767668400,0,-19.272,-26.0
129964_1767669000,0,-45.98,-51.0
129964_1767669300,0,4.168,-40.0
129964_1767669600,0,61.835,-21.0
129964_1767669900,0,60.146,10.0
131672_1767672000,0,46.107,72.0
131672_1767672300,0,43.498,-66.0
131672_1767672600,0,122.258,10.0
131672_1767672900,0,32.232,27.0
131672_1767673200,0,10.028,-43.0
131672_1767673500,0,14.621,-31.0
130238_1767675900,0,55.068,37.0
130238_1767676200,0,41.27,56.0
130238_1767676500,0,61.454,76.0
130238_1767676800,0,23.426,-9.0
130238_1767677100,0,65.191,38.0
122048_1767682800,0,26.998,542.0
122048_1767683100,0,48.507,542.0
122048_1767683400,0,56.224,578.0
122048_1767683700,0,445.417,446.0
122048_1767684000,0,484.528,415.0
122048_1767684300,0,426.643,408.0
133300_1767691800,0,-13.154,-58.0
133300_1767692100,0,-47.328,-58.0
133300_1767692400,0,-7.257,-31.0
133300_1767692700,0,-8.026,-41.0
133300_1767693000,0,-35.332,-24.0
133300_1767693300,0,-11.079,47.0
122048_1767697200,0,-60.588,-68.0
122048_1767697500,0,-108.488,-129.0
122048_1767697800,0,-62.609,-129.0
122048_1767698100,0,-127.051,-181.0
122048_1767698400,0,-173.873,-194.0
122048_1767698700,0,-134.489,-216.0
129964_1767700800,0,29.894,77.0
132430_1767700800,0,-92.742,-169.0
132430_1767701100,0,-55.925,-262.0
129964_1767701100,0,101.791,80.0
129964_1767701400,0,78.823,61.0
132430_1767701400,0,-69.184,-258.0
129964_1767701700,0,22.505,-43.0
132430_1767701700,0,-48.392,84.0
129964_1767702000,0,3.487,-38.0
132430_1767702000,0,3.328,87.0
132430_1767702300,0,48.306,90.0
129964_1767702300,0,-9.1,-108.0
122613_1767702600,0,19.866,64.0
122613_1767702900,0,72.89,64.0
134040_1767708000,0,92.469,60.0
134040_1767708300,0,87.527,25.0
134040_1767708600,0,63.488,61.0
134040_1767708900,0,71.221,61.0
134040_1767709200,0,75.495,81.0
134040_1767709500,0,57.057,56.0
131672_1767721800,0,26.964,21.0
131672_1767722100,0,72.949,47.0
132430_1767726000,0,113.467,156.0
132430_1767726300,0,61.899,141.0
132430_1767726600,0,55.521,46.0
132430_1767726900,0,120.501,10.0
132430_1767727200,0,90.795,217.0
132430_1767727500,0,71.504,260.0
135081_1767727800,0,4.078,-58.0
135081_1767728100,0,47.811,58.0
135081_1767728400,0,74.321,40.0
135081_1767728700,0,69.744,-16.0
135081_1767729000,0,23.256,-62.0
135081_1767729300,0,19.409,-45.0
135081_1767735000,0,-36.781,-184.0
135081_1767735300,0,-54.934,-69.0
135081_1767735600,0,-70.675,-88.0
135081_1767735900,0,-56.353,-130.0
135081_1767736200,0,22.77,-161.0
135081_1767736500,0,-27.534,-191.0
132430_1767738600,0,63.643,110.0
130072_1767738600,0,-11.506,0.0
132430_1767738900,0,126.156,112.0
130072_1767738900,0,0.5,0.0
132430_1767739200,0,64.948,81.0
132430_1767739500,0,100.366,-2.0
132430_1767739800,0,52.67,8.0
132430_1767740100,0,21.547,175.0
134040_1767667800,0,32.487,20.0
134040_1767668100,0,52.603,93.0
133957_1767668400,0,12.317,-34.0
133957_1767669300,0,31.094,46.0
133957_1767669600,0,36.727,58.0
133957_1767669900,0,44.546,40.0
135081_1767672000,0,22.735,-33.0
135081_1767672300,0,16.518,-40.0
135081_1767672600,0,0.84,-145.0
130238_1767672900,0,-5.337,-23.0
135081_1767672900,0,-23.7,-98.0
130238_1767673200,0,61.523,39.0
135081_1767673200,0,-34.658,71.0
130238_1767673500,0,17.029,26.0
135081_1767673500,0,-88.237,64.0
130238_1767673800,0,83.879,10.0
130238_1767674100,0,45.897,131.0
130238_1767674400,0,0.489,168.0
130238_1767674700,0,125.791,240.0
130238_1767675000,0,176.313,233.0
135081_1767675600,0,80.915,299.0
135081_1767675900,0,202.115,224.0
135081_1767676200,0,260.23,126.0
135081_1767676500,0,130.363,-30.0
130238_1767679500,0,-33.277,0.0
130238_1767679800,0,-24.239,0.0
130238_1767680100,0,-40.595,0.0
130238_1767680400,0,-3.879,0.0
130238_1767680700,0,10.037,0.0
130238_1767681000,0,17.832,0.0
130238_1767681300,0,2.404,0.0
130238_1767681600,0,12.191,0.0
130238_1767681900,0,-19.991,0.0
132430_1767682800,0,33.685,267.0
131672_1767682800,0,41.837,-48.0
129964_1767682800,0,128.642,70.0
131672_1767683100,0,7.248,-52.0
132430_1767683100,0,-28.93,408.0
129964_1767683100,0,121.839,154.0
129964_1767683400,0,79.709,81.0
131672_1767683400,0,-6.874,-178.0
132430_1767683400,0,235.511,270.0
129964_1767683700,0,114.982,145.0
132430_1767683700,0,223.001,163.0
131672_1767683700,0,-31.125,-200.0
131672_1767684000,0,-67.715,-74.0
129964_1767684000,0,80.384,134.0
132430_1767684000,0,207.616,246.0
132430_1767684300,0,204.257,230.0
131672_1767684300,0,21.743,24.0
122658_1767684600,0,91.487,97.0
122658_1767684900,0,106.085,97.0
122658_1767685200,0,0.392,0.0
122658_1767685500,0,13.825,0.0
122658_1767685800,0,6.062,0.0
122658_1767686100,0,-2.46,0.0
131672_1767688200,0,15.056,16.0
131672_1767688500,0,45.044,20.0
131672_1767688800,0,15.846,-17.0
131672_1767689100,0,36.508,17.0
131672_1767689400,0,-0.995,-72.0
131672_1767689700,0,-4.645,-222.0
131672_1767690000,0,13.847,-208.0
131672_1767690300,0,-90.754,-157.0
131672_1767690600,0,-39.835,-39.0
131672_1767690900,0,20.449,-68.0
131672_1767691200,0,-81.72,-65.0
131672_1767691500,0,-2.523,-10.0
133300_1767693600,0,62.522,168.0
133300_1767694200,0,1.188,-63.0
133300_1767694500,0,-24.606,-63.0
133300_1767694800,0,6.673,54.0
133300_1767695100,0,-13.353,90.0
122613_1767695400,0,6.542,123.0
122613_1767695700,0,40.645,61.0
122613_1767696900,0,2.376,0.0
133957_1767697200,0,102.144,64.0
133957_1767697500,0,53.552,3.0
133957_1767697800,0,37.631,18.0
133957_1767698100,0,30.676,-47.0
133957_1767698400,0,-3.68,-69.0
133957_1767698700,0,-69.958,-145.0
132430_1767699000,0,14.967,14.0
132430_1767699300,0,39.643,14.0
132430_1767699600,0,55.13,-87.0
132430_1767699900,0,55.542,-110.0
132430_1767700200,0,6.039,-136.0
132430_1767700500,0,-140.193,-6.0
122048_1767700800,0,30.1,374.0
122658_1767700800,0,1.738,143.0
122048_1767701100,0,245.503,312.0
122658_1767701100,0,180.482,121.0
122048_1767701400,0,312.43,354.0
122658_1767701700,0,-47.828,0.0
122048_1767701700,0,312.336,273.0
122658_1767702000,0,-37.874,0.0
122048_1767702000,0,247.251,252.0
122658_1767702300,0,-20.296,0.0
122048_1767702300,0,249.526,158.0
133300_1767702600,0,85.506,47.0
122658_1767702600,0,2.314,0.0
133300_1767702900,0,60.616,95.0
122658_1767702900,0,0.758,0.0
134040_1767703200,0,-36.611,-35.0
122658_1767703200,0,-2.797,0.0
133300_1767703200,0,91.037,322.0
134040_1767703500,0,40.2,-35.0
122658_1767703500,0,4.382,0.0
122658_1767703800,0,8.771,103.0
134040_1767703800,0,45.13,52.0
133300_1767703800,0,-29.767,-25.0
122658_1767704100,0,31.105,252.0
134040_1767704100,0,42.917,87.0
122048_1767706200,0,2.949,0.0
131672_1767706200,0,7.277,37.0
131672_1767706500,0,70.783,131.0
122048_1767706500,0,5.376,0.0
122048_1767706800,0,10.704,0.0
122048_1767707100,0,-9.881,0.0
122048_1767707400,0,9.079,0.0
122048_1767707700,0,-1.988,0.0
132430_1767709800,0,108.484,137.0
132430_1767710400,0,7.416,23.0
132430_1767710700,0,-1.703,23.0
132430_1767711000,0,29.422,47.0
132430_1767711300,0,59.774,33.0
135081_1767711600,0,-71.514,11.0
135081_1767711900,0,-36.472,-12.0
135081_1767712200,0,22.997,-28.0
135081_1767712500,0,-18.381,59.0
122658_1767713100,0,59.131,27.0
122658_1767713400,0,69.82,86.0
131672_1767713400,0,15.186,12.0
130238_1767713400,0,8.916,-99.0
131672_1767713700,0,43.198,86.0
122658_1767713700,0,62.316,159.0
130238_1767713700,0,-116.528,-47.0
131672_1767714000,0,25.037,67.0
130238_1767714000,0,-72.759,-41.0
122658_1767714000,0,76.065,225.0
130238_1767714300,0,-29.162,-45.0
131672_1767714300,0,68.614,70.0
122658_1767714300,0,43.01,348.0
130238_1767714600,0,-78.539,-30.0
122658_1767714600,0,138.296,362.0
131672_1767714600,0,36.812,13.0
130238_1767714900,0,-27.851,-78.0
122658_1767714900,0,-3.153,2.0
131672_1767714900,0,-11.333,-150.0
122613_1767715200,0,-1.069,0.0
122613_1767715500,0,-27.612,0.0
122613_1767715800,0,-11.076,-18.0
122613_1767716100,0,9.21,11.0
122613_1767716400,0,-59.55,-88.0
122613_1767716700,0,26.196,-27.0
122658_1767718800,0,-41.7,107.0
135081_1767718800,0,-95.582,-153.0
135081_1767719100,0,-19.042,-144.0
122658_1767719100,0,99.889,88.0
122658_1767719400,0,25.119,0.0
135081_1767719400,0,-12.755,-123.0
135081_1767719700,0,-87.647,-137.0
122658_1767719700,0,-14.807,0.0
122048_1767720000,0,-57.678,-336.0
122658_1767720000,0,5.189,0.0
135081_1767720000,0,-128.371,-199.0
135081_1767720300,0,-125.635,-231.0
122048_1767720300,0,-43.849,-130.0
122658_1767720300,0,-4.133,0.0
135081_1767720600,0,-12.89,-180.0
135081_1767720900,0,-86.369,-34.0
135081_1767721200,0,24.767,4.0
135081_1767721500,0,-32.511,12.0
135081_1767721800,0,24.235,48.0
122048_1767724200,0,102.864,35.0
122048_1767724500,0,72.072,133.0
122048_1767724800,0,43.952,250.0
122048_1767725100,0,181.242,274.0
122048_1767725400,0,349.647,356.0
122048_1767725700,0,310.908,417.0
135081_1767726000,0,232.878,311.0
135081_1767726300,0,293.113,146.0
135081_1767726600,0,215.803,53.0
135081_1767726900,0,151.243,-68.0
135081_1767727200,0,126.376,-32.0
135081_1767727500,0,42.69,-15.0
131672_1767727800,0,66.381,302.0
131672_1767728100,0,107.098,382.0
131672_1767728400,0,252.129,359.0
131672_1767728700,0,359.922,492.0
133957_1767729000,0,85.159,39.0
131672_1767729000,0,386.84,533.0
131672_1767729300,0,453.338,478.0
133957_1767729300,0,113.807,171.0
130072_1767730200,0,45.386,60.0
130072_1767730500,0,66.206,60.0
130072_1767730800,0,71.122,106.0
130072_1767731100,0,99.52,22.0
133957_1767735000,0,-49.34,21.0
133957_1767735300,0,52.723,50.0
133957_1767735600,0,42.264,77.0
135081_1767736800,0,-125.35,-98.0
135081_1767737100,0,-99.343,37.0
135081_1767737400,0,-61.567,13.0
135081_1767737700,0,46.884,172.0
132430_1767738000,0,68.904,90.0
135081_1767738000,0,29.292,87.0
135081_1767738300,0,85.59,73.0
132430_1767738300,0,85.835,108.0
134040_1767740400,0,3.131,0.0
134040_1767740700,0,6.352,0.0
134494_1767742200,0,-0.774,0.0
134494_1767742500,0,-0.219,0.0
134494_1767742800,0,2.179,0.0
134494_1767743100,0,1.097,0.0
135081_1767681000,0,31.859,20.0
135081_1767681300,0,-53.79,71.0
135081_1767681600,0,34.456,-36.0
135081_1767681900,0,42.911,-25.0
135081_1767682200,0,-28.936,-113.0
135081_1767682500,0,-65.283,-145.0
133957_1767686400,0,-11.413,9.0
134040_1767686400,0,124.388,43.0
134040_1767686700,0,50.607,6.0
133957_1767686700,0,-40.245,-42.0
134040_1767687000,0,14.649,24.0
133957_1767687000,0,36.031,3.0
134040_1767687300,0,14.244,37.0
133957_1767687300,0,62.077,79.0
133957_1767687600,0,-4.332,45.0
134040_1767687600,0,60.632,113.0
134040_1767687900,0,32.11,149.0
133957_1767687900,0,88.672,104.0
132430_1767690000,0,83.974,-66.0
132430_1767690300,0,16.396,-139.0
122613_1767697200,0,-2.294,0.0
122613_1767697500,0,23.582,0.0
122613_1767697800,0,3.322,0.0
122613_1767698100,0,6.15,0.0
122613_1767698400,0,-3.383,0.0
122613_1767698700,0,-5.688,0.0
135081_1767706200,0,53.873,155.0
122613_1767706200,0,11.867,0.0
133957_1767706200,0,92.934,222.0
135081_1767706500,0,72.396,156.0
122613_1767706500,0,29.419,0.0
133957_1767706500,0,107.536,296.0
133957_1767706800,0,99.779,294.0
135081_1767706800,0,136.009,113.0
122613_1767706800,0,-2.439,0.0
133957_1767707100,0,320.639,182.0
122613_1767707100,0,10.656,0.0
135081_1767707100,0,127.81,130.0
122613_1767707400,0,-4.565,0.0
135081_1767707400,0,187.665,247.0
133957_1767707400,0,288.299,292.0
133957_1767707700,0,165.789,252.0
135081_1767707700,0,107.779,113.0
122613_1767707700,0,-6.452,0.0
122048_1767711600,0,-1.302,106.0
122048_1767711900,0,67.091,85.0
122048_1767712200,0,93.204,83.0
122048_1767712500,0,113.556,57.0
122048_1767712800,0,95.912,-8.0
122048_1767713100,0,23.795,92.0
131672_1767715200,0,-54.159,-130.0
131672_1767715500,0,-64.67,-99.0
131672_1767715800,0,-91.863,-59.0
131672_1767716100,0,-68.383,-53.0
131672_1767716400,0,-50.183,-55.0
131672_1767716700,0,14.048,-74.0
132430_1767720600,0,66.085,141.0
133300_1767720600,0,20.441,99.0
132430_1767720900,0,109.809,216.0
133300_1767720900,0,70.078,154.0
133300_1767721200,0,90.318,113.0
132430_1767721200,0,142.975,309.0
132430_1767721500,0,190.333,359.0
134040_1767721500,0,9.89,7.0
133300_1767721500,0,-23.766,-28.0
132430_1767721800,0,284.262,295.0
133300_1767721800,0,-0.684,-28.0
134040_1767721800,0,34.067,78.0
132430_1767722100,0,302.241,393.0
134040_1767722100,0,39.899,106.0
133300_1767722100,0,46.273,193.0
133957_1767722400,0,66.963,0.0
133957_1767722700,0,-29.605,-74.0
133957_1767723000,0,36.055,100.0
133957_1767723300,0,-20.561,89.0
133957_1767723600,0,111.614,114.0
133957_1767723900,0,78.94,163.0
134040_1767730500,0,72.686,121.0
134040_1767730800,0,96.368,191.0
134040_1767731100,0,134.996,150.0
122048_1767665400,0,4.663,-25.0
122048_1767665700,0,32.996,0.0
122048_1767666000,0,27.618,0.0
122048_1767666300,0,-20.138,0.0
129964_1767666600,0,-36.75,44.0
129964_1767666900,0,-39.417,16.0
129964_1767667200,0,-11.438,-27.0
129964_1767667500,0,50.483,2.0
129964_1767667800,0,1.505,-70.0
129964_1767668100,0,-21.822,-76.0
134040_1767670200,0,74.233,110.0
134040_1767670500,0,109.801,129.0
134040_1767670800,0,104.93,132.0
134040_1767671100,0,160.095,60.0
134040_1767671400,0,65.128,43.0
134040_1767671700,0,41.686,-29.0
131672_1767673800,0,-11.756,-73.0
133957_1767673800,0,14.119,32.0
131672_1767674100,0,-5.02,121.0
133957_1767674100,0,64.471,43.0
133957_1767674400,0,72.926,74.0
131672_1767674400,0,-27.767,145.0
131672_1767674700,0,16.41,125.0
133957_1767674700,0,83.244,171.0
131672_1767675000,0,148.897,166.0
133957_1767675000,0,35.96,92.0
131672_1767675300,0,78.497,88.0
133957_1767675300,0,77.812,5.0
133300_1767677400,0,26.034,87.0
133300_1767677700,0,46.988,87.0
133300_1767678000,0,97.598,108.0
133300_1767678300,0,111.53,59.0
133300_1767678600,0,153.008,40.0
133300_1767678900,0,97.945,-2.0
129964_1767680400,0,-13.351,-51.0
129964_1767680700,0,-6.099,-106.0
129964_1767681000,0,48.492,7.0
129964_1767681300,0,-9.518,47.0
129964_1767681600,0,0.595,39.0
131672_1767681900,0,24.654,37.0
129964_1767681900,0,15.39,148.0
131672_1767682200,0,54.097,13.0
129964_1767682200,0,32.438,188.0
129964_1767682500,0,73.154,84.0
131672_1767682500,0,67.923,16.0
133957_1767682800,0,-24.386,-74.0
122658_1767682800,0,-0.665,0.0
133957_1767683100,0,2.579,-8.0
122658_1767683100,0,1.089,0.0
122658_1767683400,0,26.338,-11.0
133957_1767683700,0,-22.017,10.0
122658_1767683700,0,13.834,96.0
122658_1767684000,0,49.367,58.0
133957_1767684000,0,23.522,33.0
122658_1767684300,0,6.611,118.0
133957_1767684300,0,55.518,71.0
135081_1767684600,0,-95.154,-78.0
135081_1767684900,0,-70.765,-28.0
135081_1767685200,0,-16.642,59.0
135081_1767685500,0,-14.071,275.0
135081_1767685800,0,65.832,288.0
135081_1767686100,0,233.889,247.0
133300_1767686400,0,66.275,-26.0
122048_1767686400,0,68.797,-43.0
122048_1767686700,0,20.802,-49.0
122048_1767687000,0,-11.566,104.0
122048_1767687300,0,33.866,99.0
122048_1767687600,0,69.843,49.0
122048_1767687900,0,127.106,80.0
134040_1767688200,0,16.315,154.0
134040_1767688500,0,64.431,141.0
134040_1767688800,0,28.148,128.0
134040_1767689100,0,39.724,26.0
134040_1767689400,0,26.663,94.0
122613_1767689700,0,28.396,49.0
134040_1767689700,0,49.085,46.0
129964_1767690000,0,37.448,65.0
129964_1767690300,0,26.77,66.0
129964_1767690600,0,19.388,79.0
129964_1767690900,0,52.69,58.0
129964_1767691200,0,33.217,64.0
129964_1767691500,0,60.789,94.0
122048_1767691800,0,27.067,233.0
122048_1767692100,0,32.663,200.0
122048_1767692400,0,12.434,91.0
122048_1767692700,0,101.938,-63.0
122048_1767693000,0,30.323,-67.0
122048_1767693300,0,-91.875,-115.0
122048_1767693600,0,-62.316,-142.0
132430_1767693600,0,59.28,132.0
133957_1767693600,0,62.581,-24.0
122048_1767693900,0,-134.975,-110.0
133957_1767693900,0,33.7,13.0
132430_1767693900,0,56.598,33.0
122048_1767694200,0,-61.878,-50.0
132430_1767694200,0,17.98,90.0
133957_1767694200,0,6.431,21.0
132430_1767694500,0,54.204,144.0
133957_1767694500,0,-42.298,-22.0
122048_1767694500,0,-43.632,-184.0
132430_1767694800,0,15.079,233.0
133957_1767694800,0,31.353,24.0
122048_1767694800,0,-136.503,-250.0
122048_1767695100,0,-157.623,-359.0
132430_1767695100,0,78.092,116.0
133957_1767695100,0,-14.345,-17.0
132430_1767695400,0,85.841,26.0
130238_1767695400,0,38.791,-12.0
133957_1767695400,0,31.37,28.0
132430_1767695700,0,122.328,30.0
130238_1767695700,0,42.961,2.0
133957_1767696000,0,-25.276,138.0
132430_1767696000,0,-6.548,-71.0
130238_1767696000,0,-16.951,-34.0
132430_1767696300,0,30.931,221.0
133957_1767696300,0,2.318,156.0
130238_1767696300,0,8.538,10.0
132430_1767696600,0,36.493,264.0
133957_1767696600,0,73.814,185.0
130238_1767696600,0,-0.558,46.0
133957_1767696900,0,142.108,111.0
132430_1767696900,0,152.142,113.0
130238_1767696900,0,-42.062,29.0
135081_1767697800,0,31.115,77.0
135081_1767698100,0,59.083,95.0
135081_1767698400,0,97.932,135.0
135081_1767698700,0,67.016,126.0
133957_1767705600,0,42.401,113.0
133957_1767705900,0,54.581,123.0
122613_1767708000,0,0.665,0.0
135081_1767708000,0,209.991,19.0
122613_1767708300,0,0.705,0.0
135081_1767708300,0,48.939,-36.0
122613_1767708600,0,-28.923,-77.0
135081_1767708600,0,26.828,-19.0
131672_1767708600,0,61.236,60.0
131672_1767708900,0,88.331,90.0
122613_1767708900,0,-11.698,0.0
135081_1767708900,0,-7.118,-17.0
122613_1767709200,0,-10.943,0.0
135081_1767709200,0,-69.455,-17.0
131672_1767709200,0,82.77,91.0
131672_1767709500,0,111.608,115.0
122613_1767709500,0,-17.277,0.0
135081_1767709500,0,-98.503,-102.0
134040_1767709800,0,51.673,79.0
134040_1767710100,0,-1.641,4.0
134040_1767710400,0,64.536,68.0
134040_1767710700,0,70.088,87.0
134040_1767711000,0,60.63,187.0
134040_1767711300,0,8.822,267.0
133957_1767711600,0,178.601,26.0
133957_1767711900,0,128.198,17.0
133957_1767712200,0,53.681,28.0
133957_1767712500,0,11.637,-36.0
133957_1767712800,0,-20.515,-93.0
133957_1767713100,0,-12.775,74.0
129964_1767713400,0,72.036,-129.0
129964_1767713700,0,-27.886,-33.0
129964_1767714000,0,-8.434,25.0
129964_1767714300,0,15.733,8.0
129964_1767714600,0,-4.474,-49.0
129964_1767714900,0,5.205,-82.0
130238_1767717000,0,46.372,-55.0
129964_1767717300,0,-82.474,-111.0
130238_1767717300,0,54.74,-41.0
130238_1767717600,0,-25.578,-57.0
129964_1767717600,0,-27.699,-126.0
129964_1767717900,0,18.712,38.0
130238_1767717900,0,-38.178,-92.0
129964_1767718200,0,-33.876,57.0
130238_1767718200,0,-38.605,-38.0
129964_1767718500,0,62.642,71.0
130238_1767718500,0,-38.082,-3.0
130238_1767718800,0,-63.949,-85.0
133957_1767718800,0,-32.361,-35.0
130238_1767719100,0,-35.781,99.0
133957_1767719100,0,-74.228,-113.0
133957_1767719400,0,-20.096,-174.0
130238_1767719400,0,-53.598,160.0
130238_1767719700,0,-10.416,134.0
133957_1767719700,0,-66.488,-173.0
133957_1767720000,0,-84.024,-218.0
130238_1767720000,0,106.633,35.0
130238_1767720300,0,70.503,41.0
131672_1767724200,0,333.443,368.0
131672_1767724500,0,322.168,365.0
122048_1767726000,0,376.083,481.0
122048_1767726300,0,381.117,523.0
122048_1767727200,0,204.477,-54.0
132430_1767731400,0,243.53,192.0
132430_1767731700,0,233.763,201.0
131672_1767732000,0,215.737,32.0
132430_1767732000,0,246.095,167.0
132430_1767732300,0,177.592,337.0
131672_1767732300,0,230.057,16.0
132430_1767732600,0,222.637,338.0
131672_1767732600,0,322.518,34.0
135081_1767732600,0,6.79,79.0
131672_1767732900,0,66.769,41.0
132430_1767732900,0,345.785,238.0
135081_1767732900,0,30.528,136.0
132430_1767733200,0,294.544,153.0
132430_1767733500,0,307.108,168.0
132430_1767733800,0,207.888,179.0
132430_1767734100,0,195.065,96.0
130072_1767735000,0,-11.353,0.0
130072_1767735300,0,-17.662,0.0
130072_1767735600,0,-2.735,0.0
130072_1767735900,0,5.149,0.0
130072_1767736200,0,9.443,0.0
130072_1767736500,0,5.901,0.0
133957_1767736800,0,28.937,32.0
133957_1767737100,0,54.177,-8.0
133957_1767737400,0,101.072,27.0
133957_1767737700,0,29.148,-22.0
133957_1767738000,0,14.497,-77.0
134040_1767738600,0,-1.001,0.0
134040_1767738900,0,-3.261,0.0
134040_1767739200,0,2.157,0.0
134040_1767739500,0,2.836,0.0
134040_1767739800,0,-2.042,0.0
134040_1767740100,0,4.198,0.0
130072_1767740700,0,0.927,0.0
130072_1767741000,0,23.755,0.0
130072_1767741300,0,32.707,0.0
130072_1767741600,0,34.378,0.0
130072_1767741900,0,-14.003,0.0
131672_1767666900,0,9.13,79.0
131672_1767667200,0,-14.665,79.0
131672_1767667500,0,34.293,212.0
131672_1767667800,0,103.138,312.0
131672_1767668100,0,199.219,273.0
131672_1767668400,0,201.118,220.0
131672_1767668700,0,257.428,407.0
131672_1767669000,0,226.08,408.0
131672_1767669300,0,290.732,322.0
131672_1767669600,0,309.377,294.0
132430_1767673800,0,76.884,137.0
132430_1767674100,0,131.942,35.0
132430_1767674400,0,148.079,161.0
132430_1767674700,0,62.843,145.0
132430_1767675000,0,188.804,118.0
132430_1767675300,0,100.303,0.0
134040_1767675600,0,118.998,83.0
134040_1767675900,0,81.71,117.0
134040_1767676200,0,111.705,188.0
134040_1767676500,0,82.339,165.0
134040_1767676800,0,77.833,116.0
134040_1767677100,0,91.52,112.0
135081_1767679800,0,13.109,6.0
135081_1767680100,0,50.192,42.0
135081_1767680400,0,46.992,-2.0
135081_1767680700,0,23.51,-23.0
135081_1767682800,0,-22.212,-127.0
135081_1767683100,0,-115.242,-186.0
135081_1767683400,0,-139.6,-182.0
135081_1767683700,0,-73.822,-134.0
135081_1767684000,0,-77.459,-142.0
135081_1767684300,0,-41.512,-79.0
129964_1767688200,0,85.532,221.0
129964_1767688800,0,-16.822,-54.0
129964_1767689100,0,-16.087,-78.0
129964_1767689400,0,91.722,36.0
129964_1767689700,0,6.512,81.0
131672_1767691800,0,-41.351,-92.0
130238_1767693600,0,-2.1,0.0
130238_1767695100,0,31.297,-47.0
135081_1767700800,0,-33.276,-128.0
135081_1767701100,0,-6.31,-93.0
135081_1767701400,0,-77.201,-122.0
135081_1767701700,0,-56.516,19.0
135081_1767702000,0,-33.351,9.0
135081_1767702300,0,-56.87,-39.0
129964_1767711600,0,-91.529,-143.0
129964_1767711900,0,-94.112,-3.0
129964_1767712200,0,-84.903,17.0
129964_1767712800,0,-91.807,-108.0
129964_1767713100,0,18.405,-108.0
134040_1767713400,0,72.817,36.0
134040_1767713700,0,113.274,21.0
134040_1767714000,0,71.738,108.0
134040_1767714300,0,-12.433,-44.0
133957_1767717000,0,114.154,134.0
133957_1767717300,0,111.863,71.0
133957_1767717600,0,48.284,37.0
133957_1767717900,0,134.691,-25.0
133957_1767718200,0,72.27,-42.0
133957_1767718500,0,-5.028,-28.0
135081_1767724500,0,83.774,112.0
135081_1767724800,0,110.181,246.0
135081_1767725100,0,101.541,166.0
135081_1767725400,0,204.581,241.0
135081_1767725700,0,230.408,313.0
131672_1767733200,0,0.157,-15.0
131672_1767733500,0,-0.823,-60.0
131672_1767733800,0,36.965,-24.0
131672_1767734100,0,1.661,-1.0
131672_1767734400,0,-24.448,26.0
131672_1767734700,0,-10.079,12.0
122048_1767666600,0,-28.552,0.0
132430_1767666900,0,22.796,46.0
122048_1767666900,0,-28.387,0.0
132430_1767667200,0,43.715,102.0
122048_1767667200,0,-0.166,0.0
132430_1767667500,0,37.263,-23.0
122048_1767667500,0,-1.088,0.0
122048_1767667800,0,-7.861,0.0
132430_1767667800,0,91.282,-2.0
132430_1767668100,0,40.302,27.0
122048_1767668100,0,-4.293,0.0
135081_1767670200,0,42.055,14.0
135081_1767670500,0,44.978,63.0
135081_1767670800,0,36.681,54.0
135081_1767671100,0,32.044,45.0
135081_1767671400,0,82.976,84.0
135081_1767671700,0,53.088,104.0
132430_1767672000,0,189.656,364.0
133957_1767672000,0,-33.826,-29.0
133957_1767672300,0,-75.72,-51.0
132430_1767672300,0,220.643,275.0
133957_1767672600,0,12.319,-8.0
132430_1767672600,0,264.229,322.0
133957_1767672900,0,-15.786,-34.0
132430_1767672900,0,214.765,130.0
132430_1767673200,0,284.292,129.0
132430_1767673500,0,192.719,265.0
133957_1767675600,0,37.296,-10.0
133300_1767675600,0,4.881,180.0
133300_1767675900,0,71.001,135.0
133957_1767675900,0,-1.309,-32.0
133300_1767676200,0,220.246,170.0
133957_1767676200,0,-14.737,95.0
133300_1767676500,0,154.713,169.0
133957_1767676500,0,-32.909,61.0
133300_1767676800,0,128.886,289.0
133957_1767676800,0,-30.151,7.0
133957_1767677100,0,69.037,-94.0
133957_1767677400,0,13.043,-91.0
134040_1767677400,0,85.035,71.0
134040_1767677700,0,68.527,174.0
134040_1767678000,0,27.304,-25.0
133957_1767679500,0,29.572,49.0
133957_1767679800,0,44.791,71.0
133957_1767680100,0,45.876,111.0
133957_1767680400,0,43.316,18.0
133957_1767680700,0,43.36,39.0
133957_1767681000,0,17.527,-30.0
122658_1767681000,0,174.422,181.0
122658_1767681300,0,22.19,0.0
133957_1767681300,0,-1.607,-59.0
133957_1767681600,0,17.379,-30.0
122658_1767681600,0,27.106,0.0
122658_1767681900,0,2.576,0.0
133957_1767681900,0,-24.392,-58.0
133957_1767682200,0,-61.429,-19.0
122658_1767682200,0,4.983,0.0
133957_1767682500,0,-2.462,-45.0
122658_1767682500,0,4.32,0.0
133300_1767682800,0,95.062,135.0
133300_1767683100,0,213.442,169.0
133300_1767683400,0,151.683,166.0
133300_1767683700,0,142.219,240.0
133300_1767684000,0,58.134,116.0
133300_1767684300,0,53.662,116.0
133300_1767684600,0,88.586,214.0
133300_1767684900,0,107.96,244.0
133300_1767685200,0,228.473,255.0
133300_1767685500,0,255.445,286.0
133300_1767685800,0,215.386,404.0
129964_1767686400,0,-12.23,97.0
129964_1767686700,0,72.91,64.0
129964_1767687000,0,104.181,42.0
129964_1767687300,0,83.772,108.0
129964_1767687600,0,-9.455,8.0
129964_1767687900,0,25.756,95.0
132430_1767688200,0,-75.549,194.0
132430_1767688500,0,-39.796,268.0
132430_1767688800,0,181.471,284.0
132430_1767689100,0,107.229,163.0
132430_1767689400,0,217.224,85.0
132430_1767689700,0,156.376,7.0
134040_1767690000,0,36.82,159.0
133300_1767690000,0,28.912,68.0
133957_1767690000,0,-52.753,-116.0
133300_1767690300,0,54.445,69.0
134040_1767690300,0,44.686,-28.0
133957_1767690300,0,-47.881,-68.0
133300_1767690600,0,83.171,59.0
133957_1767690600,0,-90.521,-88.0
133300_1767690900,0,86.946,62.0
133957_1767690900,0,-77.218,-111.0
133957_1767691200,0,-62.1,9.0
133300_1767691200,0,89.387,135.0
132430_1767693300,0,43.805,132.0
129964_1767697200,0,31.417,133.0
129964_1767697500,0,27.04,75.0
129964_1767697800,0,63.288,26.0
129964_1767698100,0,78.301,10.0
129964_1767698400,0,48.154,14.0
129964_1767698700,0,-25.963,0.0
133957_1767699000,0,-56.562,-96.0
133957_1767699300,0,-98.764,-249.0
133957_1767699600,0,-130.158,-254.0
133957_1767699900,0,-144.439,-158.0
133957_1767700200,0,15.579,80.0
133957_1767700500,0,-19.649,42.0
133300_1767700800,0,72.499,260.0
133300_1767701400,0,-33.204,-7.0
133300_1767701700,0,55.554,-7.0
133300_1767702000,0,56.82,132.0
133300_1767702300,0,40.448,114.0
133957_1767702600,0,39.266,172.0
133957_1767702900,0,49.334,97.0
133957_1767703200,0,64.279,101.0
133957_1767703500,0,102.909,161.0
133957_1767703800,0,46.714,40.0
133957_1767704100,0,102.471,139.0
122048_1767704400,0,43.61,0.0
135081_1767704400,0,9.86,11.0
129964_1767704400,0,-52.858,-106.0
122048_1767704700,0,34.046,0.0
129964_1767704700,0,0.316,-150.0
122048_1767705000,0,-5.383,0.0
129964_1767705000,0,-7.616,-165.0
122048_1767705300,0,-5.29,0.0
129964_1767705300,0,-59.795,-95.0
129964_1767705600,0,-58.438,11.0
122048_1767705600,0,-5.76,0.0
122613_1767705900,0,-11.168,0.0
129964_1767705900,0,-127.005,-32.0
122048_1767705900,0,-5.618,0.0
135081_1767705900,0,49.55,79.0
129964_1767706200,0,-60.342,-50.0
134040_1767706200,0,38.352,123.0
134040_1767706500,0,66.523,172.0
129964_1767706500,0,6.176,-51.0
129964_1767706800,0,-13.516,-34.0
134040_1767706800,0,101.115,317.0
134040_1767707100,0,119.669,231.0
129964_1767707100,0,-40.104,25.0
134040_1767707400,0,137.879,234.0
129964_1767707400,0,-64.113,-62.0
134040_1767707700,0,167.175,200.0
129964_1767707700,0,-37.533,5.0
135081_1767709800,0,-18.66,-84.0
135081_1767710100,0,-18.708,-126.0
135081_1767710400,0,-34.954,-128.0
135081_1767710700,0,-120.51,-145.0
135081_1767711000,0,-96.24,-175.0
135081_1767711300,0,-98.054,-168.0
133300_1767712200,0,13.803,-35.0
133300_1767712500,0,30.089,-35.0
130238_1767712500,0,3.781,10.0
130238_1767712800,0,47.531,-40.0
133300_1767712800,0,59.077,36.0
130238_1767713100,0,48.546,-124.0
133300_1767713100,0,12.768,-9.0
133957_1767713400,0,-54.505,75.0
122048_1767713400,0,26.215,0.0
133957_1767713700,0,-18.898,-11.0
122048_1767713700,0,19.995,0.0
122048_1767714000,0,26.827,0.0
122048_1767714300,0,15.083,0.0
122048_1767714600,0,-3.814,0.0
122048_1767714900,0,2.701,0.0
130238_1767715200,0,-58.981,-97.0
133957_1767716400,0,88.378,115.0
130238_1767716400,0,53.994,98.0
133957_1767716700,0,91.945,104.0
130238_1767716700,0,18.455,9.0
122658_1767717000,0,-12.082,0.0
135081_1767717000,0,89.529,92.0
135081_1767717300,0,57.551,-22.0
135081_1767717600,0,66.273,-133.0
122658_1767717600,0,-24.743,-46.0
135081_1767717900,0,1.772,-127.0
122658_1767717900,0,22.562,38.0
122658_1767718200,0,23.925,39.0
135081_1767718200,0,-53.864,-51.0
122658_1767718500,0,39.519,63.0
135081_1767718500,0,-68.858,-77.0
129964_1767718800,0,78.57,39.0
129964_1767719100,0,-10.785,-44.0
129964_1767719400,0,-25.528,-130.0
129964_1767719700,0,-10.054,-135.0
129964_1767720000,0,-47.154,-14.0
129964_1767720300,0,-79.934,-105.0
122048_1767720600,0,0.742,-32.0
122658_1767720600,0,17.134,0.0
122048_1767720900,0,-41.537,-32.0
122658_1767720900,0,10.71,0.0
122048_1767721200,0,40.279,-108.0
122658_1767721200,0,14.732,0.0
122048_1767721500,0,-39.905,-141.0
122048_1767721800,0,-59.408,-174.0
122048_1767722100,0,-61.865,-157.0
133300_1767722400,0,50.147,310.0
122048_1767722400,0,-84.223,-146.0
133300_1767722700,0,251.508,406.0
122048_1767722700,0,-87.755,-104.0
133300_1767723000,0,370.679,580.0
122048_1767723000,0,-74.199,-70.0
122048_1767723300,0,-20.895,48.0
122048_1767723600,0,23.863,66.0
133300_1767723600,0,21.698,-5.0
122048_1767723900,0,118.605,50.0
132430_1767724200,0,303.89,309.0
134040_1767724200,0,353.867,465.0
134040_1767724500,0,371.228,409.0
132430_1767724500,0,340.776,299.0
132430_1767724800,0,245.583,45.0
132430_1767725100,0,167.275,45.0
132430_1767725400,0,138.989,-1.0
132430_1767725700,0,77.354,27.0
122048_1767728700,0,-71.665,-348.0
122048_1767729000,0,-45.839,-142.0
122048_1767729300,0,-9.326,36.0
135081_1767733200,0,67.913,40.0
122048_1767733200,0,22.257,0.0
122048_1767733500,0,13.743,0.0
135081_1767733500,0,130.775,44.0
135081_1767733800,0,114.798,51.0
122048_1767733800,0,12.897,0.0
135081_1767734100,0,9.752,-16.0
122048_1767734100,0,0.683,0.0
135081_1767734400,0,53.43,-59.0
122048_1767734400,0,-8.996,0.0
135081_1767734700,0,3.605,-170.0
122048_1767734700,0,9.781,0.0
134040_1767668400,0,50.923,71.0
134040_1767668700,0,63.553,136.0
134040_1767669000,0,60.298,119.0
134040_1767669300,0,100.364,151.0
134040_1767669600,0,113.068,128.0
134040_1767669900,0,81.02,158.0
131672_1767677400,0,55.459,86.0
133300_1767679200,0,61.32,65.0
133300_1767679800,0,14.117,-49.0
133300_1767680100,0,61.827,-49.0
133300_1767680400,0,67.365,-42.0
133300_1767680700,0,8.194,26.0
134040_1767682800,0,-34.78,72.0
134040_1767683100,0,67.065,131.0
134040_1767683400,0,-12.141,29.0
134040_1767683700,0,43.182,-62.0
134040_1767684000,0,54.081,48.0
134040_1767684300,0,13.384,86.0
133957_1767684600,0,63.551,22.0
133957_1767684900,0,25.253,-55.0
133957_1767685200,0,-2.938,-36.0
133957_1767685500,0,-33.774,-95.0
133957_1767685800,0,-43.151,7.0
133957_1767686100,0,-69.131,-55.0
122613_1767691800,0,18.504,69.0
122613_1767692100,0,43.614,-16.0
122613_1767692400,0,10.548,-87.0
122613_1767692700,0,-26.182,-160.0
122613_1767693000,0,-19.023,-147.0
122613_1767693300,0,-144.943,-146.0
133300_1767695400,0,31.752,33.0
133300_1767695700,0,80.152,50.0
133300_1767696000,0,71.774,197.0
133300_1767696600,0,-12.169,-52.0
133300_1767696900,0,-2.062,-52.0
122658_1767697200,0,174.727,352.0
122658_1767697500,0,85.686,0.0
122658_1767697800,0,7.17,0.0
122658_1767698100,0,22.054,0.0
122658_1767698400,0,-40.975,0.0
122658_1767698700,0,-6.286,0.0
131672_1767704400,0,79.838,94.0
131672_1767704700,0,-9.89,13.0
131672_1767705000,0,23.155,7.0
131672_1767705300,0,-18.113,-23.0
131672_1767705600,0,-12.117,24.0
131672_1767705900,0,18.566,9.0
133957_1767710100,0,-11.205,102.0
133957_1767710400,0,11.634,98.0
133957_1767710700,0,68.533,157.0
133957_1767711000,0,106.955,144.0
133957_1767711300,0,76.666,104.0
122613_1767711600,0,29.154,0.0
122613_1767711900,0,17.578,0.0
122613_1767712500,0,-41.089,0.0
122613_1767712800,0,-29.729,0.0
122613_1767713100,0,-19.368,0.0
135081_1767729600,0,15.272,24.0
135081_1767729900,0,-2.588,206.0
135081_1767730200,0,70.391,197.0
135081_1767730500,0,202.523,234.0
133957_1767666600,0,27.029,-32.0
133957_1767666900,0,30.581,-32.0
133957_1767667200,0,53.34,17.0
133957_1767667500,0,-3.081,-66.0
133957_1767667800,0,14.906,-74.0
133957_1767668100,0,29.545,-61.0
132430_1767668400,0,66.513,22.0
132430_1767668700,0,22.123,74.0
132430_1767669000,0,8.541,1.0
132430_1767669300,0,146.594,4.0
132430_1767669600,0,47.856,84.0
132430_1767669900,0,17.504,58.0
129964_1767670200,0,52.122,74.0
122048_1767670200,0,1.052,0.0
122048_1767670500,0,-8.7,0.0
129964_1767670500,0,0.074,61.0
132430_1767670500,0,25.301,215.0
129964_1767670800,0,102.185,-16.0
122048_1767670800,0,8.098,0.0
132430_1767670800,0,0.265,162.0
129964_1767671100,0,49.113,-55.0
132430_1767671100,0,67.149,137.0
122048_1767671100,0,6.668,0.0
122048_1767671400,0,13.724,0.0
129964_1767671400,0,37.136,22.0
132430_1767671400,0,175.66,244.0
132430_1767671700,0,141.336,324.0
122048_1767671700,0,20.215,0.0
129964_1767671700,0,14.142,-50.0
122048_1767672300,0,-9.392,66.0
122048_1767672600,0,-17.63,66.0
122048_1767672900,0,29.688,170.0
122048_1767673200,0,75.582,41.0
122048_1767673500,0,108.916,25.0
122048_1767675600,0,13.092,-68.0
122048_1767675900,0,-12.189,-86.0
122048_1767676200,0,-12.693,25.0
122048_1767676500,0,8.402,-41.0
122048_1767676800,0,15.959,-163.0
122048_1767677100,0,1.292,-177.0
132430_1767679800,0,35.804,73.0
132430_1767680100,0,46.573,73.0
132430_1767680400,0,44.155,-15.0
132430_1767680700,0,53.555,-42.0
134040_1767681000,0,-24.217,-111.0
134040_1767681300,0,-35.582,-75.0
134040_1767681600,0,-24.909,1.0
134040_1767681900,0,-54.203,-38.0
134040_1767682200,0,-67.447,-71.0
134040_1767682500,0,-17.537,46.0
130238_1767684300,0,31.113,16.0
129964_1767684600,0,-20.701,-29.0
132430_1767684600,0,171.574,215.0
129964_1767684900,0,-12.237,-70.0
132430_1767684900,0,176.494,183.0
129964_1767685200,0,80.598,-34.0
129964_1767685500,0,44.103,-4.0
132430_1767685500,0,-7.734,167.0
132430_1767685800,0,-11.496,64.0
129964_1767685800,0,34.673,17.0
132430_1767686100,0,4.938,53.0
129964_1767686100,0,27.042,162.0
132430_1767686400,0,74.951,30.0
132430_1767686700,0,57.81,53.0
132430_1767687000,0,-15.592,42.0
132430_1767687300,0,25.96,-108.0
132430_1767687600,0,-6.744,-132.0
132430_1767687900,0,-22.362,-101.0
122658_1767688200,0,30.172,137.0
122048_1767688200,0,39.617,68.0
122048_1767688500,0,70.301,49.0
122658_1767688500,0,17.595,-33.0
122048_1767688800,0,78.45,76.0
122658_1767688800,0,99.722,-34.0
122658_1767689100,0,-42.679,-34.0
122048_1767689100,0,12.861,94.0
122658_1767689400,0,-22.554,-34.0
122048_1767689400,0,25.056,121.0
122658_1767689700,0,-42.646,-34.0
122048_1767689700,0,12.893,116.0
122658_1767690000,0,-41.25,-34.0
130238_1767690000,0,12.409,40.0
130238_1767690300,0,85.73,49.0
122658_1767690300,0,-30.836,-34.0
130238_1767690600,0,59.362,57.0
122658_1767690600,0,-28.319,-34.0
122658_1767690900,0,-35.602,-34.0
130238_1767691200,0,-33.912,0.0
130238_1767691500,0,-43.26,0.0
133957_1767691800,0,-11.749,48.0
129964_1767691800,0,46.086,42.0
130238_1767691800,0,-26.307,0.0
130238_1767692100,0,-6.958,0.0
133957_1767692100,0,15.784,50.0
129964_1767692100,0,30.926,16.0
129964_1767692400,0,40.042,106.0
130238_1767692400,0,-4.306,0.0
133957_1767692400,0,39.872,223.0
130238_1767692700,0,-16.395,0.0
133957_1767692700,0,50.816,191.0
130238_1767693000,0,-7.99,0.0
133957_1767693000,0,111.297,80.0
130238_1767693300,0,-19.629,0.0
133957_1767693300,0,64.797,23.0
129964_1767695400,0,69.565,-51.0
129964_1767695700,0,97.188,-51.0
129964_1767696000,0,87.348,-11.0
129964_1767696300,0,3.787,73.0
129964_1767696600,0,55.767,111.0
129964_1767696900,0,112.958,140.0
132430_1767697200,0,101.345,17.0
132430_1767697500,0,62.558,86.0
132430_1767697800,0,78.86,70.0
132430_1767698100,0,56.483,49.0
132430_1767698400,0,72.571,49.0
129964_1767699000,0,-37.378,80.0
122613_1767699000,0,11.769,0.0
131672_1767699000,0,40.998,4.0
122613_1767699300,0,-21.395,0.0
129964_1767699300,0,-35.158,49.0
131672_1767699300,0,26.009,40.0
131672_1767699600,0,-6.904,-28.0
122613_1767699600,0,-32.867,-145.0
129964_1767699900,0,-61.687,-53.0
131672_1767699900,0,-69.497,-29.0
122613_1767699900,0,-24.273,-230.0
131672_1767700200,0,15.913,-23.0
129964_1767700200,0,-11.024,-73.0
122613_1767700200,0,-11.273,-116.0
129964_1767700500,0,61.261,90.0
131672_1767700500,0,-19.23,-47.0
122613_1767700500,0,-37.728,-79.0
122613_1767700800,0,-109.348,-50.0
122613_1767701100,0,-107.699,-155.0
122613_1767701400,0,-89.145,-175.0
122613_1767701700,0,-62.465,-47.0
122613_1767702000,0,-73.658,-61.0
122613_1767702300,0,-27.836,66.0
132430_1767702600,0,114.632,-64.0
135081_1767702600,0,-54.902,-131.0
135081_1767702900,0,-52.582,-144.0
132430_1767702900,0,13.757,-181.0
132430_1767703200,0,-12.032,-100.0
135081_1767703200,0,-48.086,-171.0
132430_1767703500,0,-60.449,-75.0
135081_1767703500,0,-39.018,-72.0
132430_1767703800,0,-85.071,-58.0
135081_1767703800,0,-79.428,-16.0
132430_1767704100,0,-66.092,-74.0
135081_1767704100,0,-31.307,-27.0
134040_1767704400,0,55.101,91.0
134040_1767704700,0,48.419,-7.0
134040_1767705000,0,54.995,47.0
134040_1767705300,0,13.896,84.0
134040_1767705600,0,5.12,113.0
134040_1767705900,0,64.568,37.0
132430_1767706200,0,46.833,196.0
132430_1767706500,0,92.08,103.0
132430_1767706800,0,61.518,53.0
132430_1767707100,0,115.95,78.0
132430_1767707400,0,42.559,39.0
132430_1767707700,0,91.944,58.0
129964_1767708000,0,7.58,-6.0
129964_1767708600,0,-89.099,-114.0
129964_1767708900,0,5.977,-106.0
129964_1767709200,0,45.056,-77.0
129964_1767709500,0,-43.2,-93.0
122613_1767709800,0,-18.747,0.0
129964_1767709800,0,24.061,-69.0
122613_1767710100,0,-6.383,0.0
129964_1767710100,0,-33.364,-42.0
122613_1767710400,0,-21.461,0.0
129964_1767710400,0,-114.94,-145.0
122613_1767710700,0,1.807,0.0
129964_1767710700,0,-86.168,-127.0
129964_1767711000,0,-75.297,-207.0
122613_1767711000,0,-5.477,0.0
129964_1767711300,0,-47.262,-66.0
122613_1767711300,0,10.71,0.0
132430_1767711600,0,61.873,171.0
132430_1767711900,0,56.482,384.0
132430_1767712200,0,125.061,291.0
132430_1767712500,0,156.26,226.0
132430_1767712800,0,254.526,258.0
132430_1767713100,0,232.648,199.0
133300_1767715200,0,29.189,22.0
129964_1767715200,0,-31.304,-134.0
129964_1767715500,0,-47.465,-115.0
133300_1767715500,0,41.384,-24.0
133300_1767715800,0,25.929,-87.0
129964_1767715800,0,-63.772,-2.0
133300_1767716100,0,-9.023,-38.0
129964_1767716100,0,-115.123,-46.0
133300_1767716400,0,-9.214,207.0
129964_1767716400,0,-70.529,-13.0
129964_1767716700,0,-26.856,303.0
122613_1767717000,0,-66.778,-62.0
122613_1767717300,0,-38.968,-54.0
122613_1767717600,0,-56.151,-11.0
122613_1767717900,0,-73.228,55.0
122613_1767718200,0,-10.538,72.0
122613_1767718500,0,47.529,72.0
129964_1767720600,0,-70.358,-10.0
133957_1767720900,0,-20.078,67.0
129964_1767720900,0,-67.252,49.0
133957_1767721200,0,34.304,28.0
133957_1767721500,0,45.442,83.0
133957_1767721800,0,50.092,-28.0
133957_1767722100,0,26.424,-73.0
134040_1767722400,0,48.319,107.0
134040_1767722700,0,98.106,295.0
134040_1767723000,0,159.908,407.0
134040_1767723300,0,157.998,342.0
134040_1767723600,0,368.344,401.0
134040_1767723900,0,308.928,487.0
133957_1767729600,0,186.088,141.0
122048_1767729600,0,20.279,41.0
132430_1767729600,0,50.027,21.0
122048_1767729900,0,97.229,93.0
133957_1767729900,0,274.634,126.0
132430_1767729900,0,51.284,177.0
122048_1767730200,0,109.037,99.0
133957_1767730200,0,209.549,83.0
132430_1767730200,0,1.359,173.0
133957_1767730500,0,150.042,53.0
122048_1767730500,0,114.779,-3.0
132430_1767730500,0,61.708,146.0
122048_1767730800,0,136.235,25.0
133957_1767730800,0,92.783,38.0
132430_1767730800,0,178.672,234.0
133957_1767731100,0,74.301,59.0
122048_1767731100,0,68.345,4.0
132430_1767731100,0,200.61,277.0
133957_1767731400,0,16.692,46.0
130072_1767731400,0,80.035,49.0
133957_1767731700,0,104.825,116.0
130072_1767731700,0,-15.536,78.0
130072_1767732000,0,24.158,158.0
133957_1767732000,0,58.375,129.0
130072_1767732300,0,29.063,161.0
133957_1767732600,0,-38.778,39.0
130072_1767732600,0,172.688,226.0
133957_1767732900,0,-20.636,-49.0
130072_1767732900,0,175.174,187.0
130072_1767733200,0,108.97,125.0
133957_1767733200,0,50.328,59.0
130072_1767733500,0,76.805,125.0
133957_1767733500,0,19.32,28.0
130072_1767733800,0,73.297,168.0
133957_1767733800,0,-18.619,15.0
133957_1767734100,0,30.94,45.0
130072_1767734100,0,65.907,195.0
133957_1767734400,0,38.811,7.0
130072_1767734400,0,31.361,163.0
130072_1767734700,0,-24.622,0.0
133957_1767734700,0,18.589,65.0
134040_1767736800,0,-2.515,0.0
134040_1767737100,0,-1.825,0.0
134040_1767737400,0,3.067,0.0
134040_1767737700,0,-0.14,0.0
134040_1767738000,0,3.141,0.0
134040_1767738300,0,2.159,0.0
132430_1767740400,0,53.332,151.0
132430_1767740700,0,-2.404,124.0
132430_1767741000,0,117.683,60.0
132430_1767741300,0,53.161,85.0
132430_1767741600,0,100.167,189.0
132430_1767741900,0,38.894,160.0
129964_1767665100,0,19.811,-45.0
129964_1767665400,0,53.261,-37.0
129964_1767665700,0,38.284,-63.0
129964_1767666000,0,5.386,-113.0
129964_1767666300,0,6.523,-3.0
134040_1767673800,0,132.205,332.0
134040_1767674100,0,144.384,369.0
134040_1767674400,0,278.952,362.0
134040_1767674700,0,311.703,317.0
134040_1767675000,0,266.547,253.0
134040_1767675300,0,152.092,100.0
122048_1767679200,0,83.35,154.0
122048_1767679500,0,146.48,55.0
122048_1767679800,0,92.362,59.0
133957_1767688200,0,95.92,173.0
133957_1767688500,0,26.699,190.0
133957_1767688800,0,128.878,103.0
133957_1767689100,0,108.642,-9.0
133957_1767689400,0,68.033,-23.0
133957_1767689700,0,45.674,-32.0
122658_1767695700,0,25.415,9.0
122658_1767696000,0,48.846,100.0
122658_1767696300,0,43.51,271.0
122658_1767696600,0,50.824,376.0
122658_1767696900,0,98.197,318.0
122658_1767699000,0,-3.451,0.0
122658_1767699300,0,-8.246,0.0
122658_1767699600,0,9.675,0.0
122658_1767699900,0,18.217,72.0
122658_1767700200,0,8.082,183.0
122658_1767700500,0,35.434,192.0
122048_1767708000,0,-6.601,0.0
122048_1767708300,0,-10.698,0.0
122048_1767709500,0,-15.913,-276.0
135081_1767715200,0,59.978,100.0
135081_1767715500,0,73.663,74.0
135081_1767715800,0,61.827,82.0
135081_1767716100,0,103.029,47.0
135081_1767716400,0,30.975,118.0
135081_1767716700,0,70.297,137.0
133300_1767717000,0,-55.088,-12.0
133300_1767717300,0,-4.357,-28.0
133300_1767717600,0,2.855,-46.0
133300_1767717900,0,50.624,25.0
133300_1767718200,0,39.033,26.0
133300_1767718500,0,64.752,129.0
134040_1767731400,0,126.161,214.0
134040_1767731700,0,182.441,152.0
134040_1767732000,0,259.041,152.0
134040_1767732300,0,209.426,181.0
134040_1767732600,0,141.793,230.0
134040_1767732900,0,189.391,315.0
134494_1767740400,0,-1.169,0.0
134494_1767740700,0,-0.179,0.0
134494_1767741000,0,-4.16,0.0
134494_1767741300,0,-5.244,0.0
134494_1767741600,0,-8.186,0.0
134494_1767741900,0,6.405,0.0
133957_1767670200,1,64.899,133.0
134040_1767670200,1,78.641,110.0
133957_1767670500,1,24.8,55.0
134040_1767670500,1,102.15,129.0
133957_1767670800,1,97.849,-10.0
134040_1767670800,1,112.527,132.0
134040_1767671100,1,164.582,60.0
133957_1767671100,1,47.818,-86.0
134040_1767671400,1,67.763,43.0
133957_1767671400,1,-22.76,-86.0
133957_1767671700,1,-41.598,-40.0
134040_1767671700,1,47.414,-29.0
130238_1767673800,1,88.172,10.0
130238_1767674100,1,43.965,131.0
130238_1767674400,1,3.232,168.0
130238_1767674700,1,133.421,240.0
130238_1767675000,1,163.1,233.0
133300_1767675600,1,7.14,180.0
133300_1767675900,1,70.749,135.0
133300_1767676200,1,228.117,170.0
133300_1767676500,1,181.329,169.0
133300_1767676800,1,140.674,289.0
130238_1767679500,1,-24.689,0.0
130238_1767679800,1,-11.95,0.0
132430_1767679800,1,29.621,73.0
132430_1767680100,1,48.358,73.0
130238_1767680100,1,-35.074,0.0
130238_1767680400,1,-5.982,0.0
132430_1767680400,1,46.861,-15.0
132430_1767680700,1,70.934,-42.0
130238_1767680700,1,7.282,0.0
129964_1767681000,1,32.654,7.0
129964_1767681300,1,16.552,47.0
129964_1767681600,1,11.439,39.0
131672_1767681900,1,33.721,37.0
129964_1767681900,1,20.218,148.0
131672_1767682200,1,51.275,13.0
129964_1767682200,1,27.007,188.0
129964_1767682500,1,75.622,84.0
131672_1767682500,1,65.485,16.0
132430_1767682800,1,28.858,267.0
122658_1767682800,1,-0.95,0.0
129964_1767682800,1,134.299,70.0
132430_1767683100,1,-7.418,408.0
129964_1767683100,1,116.451,154.0
122658_1767683100,1,-1.623,0.0
129964_1767683400,1,81.629,81.0
122658_1767683400,1,16.428,-11.0
132430_1767683400,1,231.905,270.0
129964_1767683700,1,122.977,145.0
122658_1767683700,1,14.676,96.0
132430_1767683700,1,229.253,163.0
122658_1767684000,1,44.748,58.0
129964_1767684000,1,79.573,134.0
132430_1767684000,1,203.399,246.0
122658_1767684300,1,2.818,118.0
132430_1767684300,1,186.628,230.0
130238_1767684300,1,31.231,16.0
122658_1767684600,1,75.465,97.0
132430_1767684600,1,166.664,215.0
132430_1767684900,1,158.018,183.0
122658_1767684900,1,102.745,97.0
122658_1767685200,1,12.364,0.0
132430_1767685500,1,13.243,167.0
122658_1767685500,1,17.178,0.0
132430_1767685800,1,4.213,64.0
122658_1767685800,1,19.98,0.0
132430_1767686100,1,25.358,53.0
122658_1767686100,1,-3.716,0.0
132430_1767686400,1,72.87,30.0
132430_1767686700,1,72.921,53.0
132430_1767687000,1,-12.508,42.0
132430_1767687300,1,7.055,-108.0
132430_1767687600,1,-10.575,-132.0
132430_1767687900,1,-26.851,-101.0
130238_1767688200,1,72.523,27.0
130238_1767688500,1,76.697,-8.0
130238_1767688800,1,53.681,-92.0
130238_1767689100,1,-3.544,-120.0
130238_1767689400,1,-60.244,37.0
130238_1767689700,1,-48.787,57.0
134040_1767690000,1,40.697,159.0
131672_1767690000,1,-5.97,-208.0
134040_1767690300,1,51.166,-28.0
131672_1767690300,1,-102.096,-157.0
131672_1767690600,1,-45.182,-39.0
131672_1767690900,1,17.074,-68.0
131672_1767691200,1,-98.714,-65.0
131672_1767691500,1,18.299,-10.0
133957_1767691800,1,4.491,48.0
130238_1767691800,1,-7.393,0.0
130238_1767692100,1,-6.527,0.0
133957_1767692100,1,10.916,50.0
130238_1767692400,1,-4.112,0.0
133957_1767692400,1,52.58,223.0
130238_1767692700,1,-15.501,0.0
133957_1767692700,1,43.674,191.0
130238_1767693000,1,-7.679,0.0
133957_1767693000,1,116.754,80.0
130238_1767693300,1,-9.737,0.0
133957_1767693300,1,53.222,23.0
132430_1767693600,1,30.192,132.0
132430_1767693900,1,28.724,33.0
132430_1767694200,1,18.857,90.0
132430_1767694500,1,41.483,144.0
132430_1767694800,1,20.878,233.0
132430_1767695100,1,67.656,116.0
132430_1767697200,1,111.616,17.0
133300_1767697200,1,18.523,49.0
132430_1767697500,1,56.583,86.0
133300_1767697500,1,2.506,77.0
132430_1767697800,1,56.162,70.0
133300_1767697800,1,18.422,65.0
133300_1767698100,1,40.465,151.0
132430_1767698100,1,67.205,49.0
132430_1767698400,1,66.884,49.0
133300_1767698400,1,84.923,225.0
132430_1767702600,1,93.719,-64.0
135081_1767702600,1,-67.877,-131.0
135081_1767702900,1,-52.149,-144.0
132430_1767702900,1,26.348,-181.0
131672_1767703200,1,44.146,17.0
132430_1767703200,1,-15.804,-100.0
135081_1767703200,1,-57.263,-171.0
132430_1767703500,1,-52.067,-75.0
131672_1767703500,1,56.897,76.0
135081_1767703500,1,-44.969,-72.0
132430_1767703800,1,-74.02,-58.0
135081_1767703800,1,-70.581,-16.0
131672_1767703800,1,51.155,53.0
131672_1767704100,1,89.828,192.0
132430_1767704100,1,-84.23,-74.0
135081_1767704100,1,-22.177,-27.0
122048_1767704400,1,34.802,0.0
122048_1767704700,1,33.554,0.0
122048_1767705000,1,-11.79,0.0
122048_1767705300,1,-1.782,0.0
122048_1767705600,1,-7.059,0.0
122048_1767705900,1,-6.852,0.0
134040_1767706200,1,35.925,123.0
134040_1767706500,1,59.989,172.0
134040_1767706800,1,109.717,317.0
134040_1767707100,1,91.669,231.0
134040_1767707400,1,120.075,234.0
134040_1767707700,1,178.27,200.0
133957_1767708000,1,191.601,253.0
132430_1767708000,1,113.321,192.0
135081_1767708000,1,205.37,19.0
133957_1767708300,1,148.484,180.0
132430_1767708300,1,32.13,68.0
135081_1767708300,1,53.264,-36.0
135081_1767708600,1,22.968,-19.0
132430_1767708600,1,44.067,-7.0
133957_1767708600,1,170.298,238.0
132430_1767708900,1,63.055,115.0
135081_1767708900,1,-1.754,-17.0
133957_1767708900,1,185.372,170.0
132430_1767709200,1,64.949,98.0
135081_1767709200,1,-80.781,-17.0
133957_1767709200,1,84.458,81.0
132430_1767709500,1,126.905,158.0
135081_1767709500,1,-92.543,-102.0
134040_1767711600,1,71.23,199.0
134040_1767711900,1,188.703,181.0
134040_1767712200,1,182.673,202.0
134040_1767712500,1,158.401,199.0
134040_1767712800,1,68.242,183.0
134040_1767713100,1,110.849,91.0
133957_1767713400,1,-62.624,75.0
129964_1767713400,1,43.834,-129.0
129964_1767713700,1,-27.406,-33.0
133957_1767713700,1,-24.491,-11.0
129964_1767714000,1,-7.56,25.0
129964_1767714300,1,4.083,8.0
129964_1767714600,1,-21.8,-49.0
129964_1767714900,1,7.628,-82.0
122048_1767715200,1,13.359,0.0
122048_1767715500,1,16.681,0.0
122048_1767715800,1,6.212,0.0
122048_1767716100,1,8.087,0.0
122048_1767716400,1,11.151,0.0
122048_1767716700,1,-9.781,0.0
135081_1767717000,1,82.239,92.0
135081_1767717300,1,59.204,-22.0
135081_1767717600,1,67.191,-133.0
135081_1767717900,1,-4.194,-127.0
135081_1767718200,1,-64.62,-51.0
135081_1767718500,1,-77.156,-77.0
130238_1767718800,1,-73.4,-85.0
122658_1767718800,1,-40.306,107.0
130238_1767719100,1,-42.557,99.0
122658_1767719100,1,103.557,88.0
122658_1767719400,1,34.605,0.0
130238_1767719400,1,-82.619,160.0
122658_1767719700,1,-7.636,0.0
130238_1767719700,1,-17.769,134.0
122048_1767720000,1,-62.061,-336.0
130238_1767720000,1,100.003,35.0
122658_1767720000,1,18.974,0.0
122048_1767720300,1,-41.823,-130.0
130238_1767720300,1,53.561,41.0
122658_1767720300,1,-4.822,0.0
122048_1767722400,1,-96.146,-146.0
122048_1767722700,1,-95.58,-104.0
122048_1767723000,1,-84.911,-70.0
122048_1767723300,1,-19.2,48.0
122048_1767723600,1,30.083,66.0
122048_1767723900,1,121.332,50.0
131672_1767724200,1,333.237,368.0
131672_1767724500,1,324.788,365.0
132430_1767733200,1,290.22,153.0
132430_1767733500,1,299.56,168.0
132430_1767733800,1,193.488,179.0
132430_1767734100,1,196.532,96.0
134494_1767738600,1,-3.093,0.0
134494_1767738900,1,0.909,0.0
134494_1767739200,1,-1.496,0.0
134494_1767739500,1,-1.041,0.0
134494_1767739800,1,-3.021,0.0
134494_1767740100,1,-2.204,0.0
132430_1767742200,1,130.157,74.0
132430_1767743400,1,88.292,91.0
132430_1767743700,1,83.691,154.0
129964_1767665100,1,3.21,-45.0
129964_1767665400,1,44.839,-37.0
129964_1767665700,1,40.837,-63.0
129964_1767666000,1,7.991,-113.0
129964_1767666300,1,8.568,-3.0
129964_1767668400,1,-23.509,-26.0
131672_1767668400,1,222.837,220.0
131672_1767668700,1,284.887,407.0
129964_1767669000,1,-70.091,-51.0
131672_1767669000,1,224.804,408.0
129964_1767669300,1,5.51,-40.0
131672_1767669300,1,310.525,322.0
131672_1767669600,1,315.359,294.0
129964_1767669600,1,56.154,-21.0
129964_1767669900,1,50.258,10.0
122048_1767679200,1,82.685,154.0
122048_1767679500,1,124.938,55.0
122048_1767679800,1,84.46,59.0
135081_1767679800,1,12.799,6.0
135081_1767680100,1,42.455,42.0
135081_1767680400,1,46.286,-2.0
135081_1767680700,1,29.488,-23.0
135081_1767682800,1,-19.984,-127.0
135081_1767683100,1,-134.45,-186.0
135081_1767683400,1,-136.585,-182.0
135081_1767683700,1,-61.657,-134.0
135081_1767684000,1,-55.083,-142.0
135081_1767684300,1,-4.234,-79.0
134040_1767686400,1,136.411,43.0
134040_1767686700,1,59.636,6.0
134040_1767687000,1,-1.195,24.0
134040_1767687300,1,7.952,37.0
134040_1767687600,1,54.242,113.0
134040_1767687900,1,31.65,149.0
133300_1767691800,1,2.789,-58.0
133300_1767692100,1,-44.272,-58.0
133300_1767692400,1,-13.776,-31.0
133300_1767692700,1,-1.521,-41.0
133300_1767693000,1,-27.111,-24.0
133300_1767693300,1,-14.054,47.0
122658_1767699000,1,-2.299,0.0
122658_1767699300,1,-10.845,0.0
122658_1767699600,1,1.033,0.0
122658_1767699900,1,12.251,72.0
122658_1767700200,1,3.36,183.0
122658_1767700500,1,45.169,192.0
129964_1767700800,1,22.957,77.0
132430_1767700800,1,-107.628,-169.0
132430_1767701100,1,-82.849,-262.0
129964_1767701100,1,109.041,80.0
129964_1767701400,1,85.992,61.0
132430_1767701400,1,-78.209,-258.0
129964_1767701700,1,26.935,-43.0
132430_1767701700,1,-67.167,84.0
129964_1767702000,1,-2.53,-38.0
132430_1767702000,1,-21.712,87.0
132430_1767702300,1,40.543,90.0
129964_1767702300,1,-15.06,-108.0
134040_1767708000,1,102.516,60.0
134040_1767708300,1,92.512,25.0
134040_1767708600,1,54.861,61.0
134040_1767708900,1,46.658,61.0
134040_1767709200,1,68.729,81.0
134040_1767709500,1,49.226,56.0
122613_1767711600,1,36.977,0.0
122613_1767711900,1,11.626,0.0
122613_1767712500,1,-37.245,0.0
122613_1767712800,1,-29.025,0.0
122613_1767713100,1,-18.789,0.0
133300_1767720600,1,44.881,99.0
133300_1767720900,1,94.183,154.0
133300_1767721200,1,86.398,113.0
133300_1767721500,1,-27.147,-28.0
133300_1767721800,1,-2.442,-28.0
133300_1767722100,1,37.481,193.0
135081_1767724500,1,91.347,112.0
135081_1767724800,1,112.7,246.0
135081_1767725100,1,119.344,166.0
135081_1767725400,1,195.96,241.0
135081_1767725700,1,230.572,313.0
135081_1767727800,1,-7.136,-58.0
135081_1767728100,1,52.666,58.0
135081_1767728400,1,81.546,40.0
135081_1767728700,1,62.532,-16.0
135081_1767729000,1,23.187,-62.0
135081_1767729300,1,13.402,-45.0
135081_1767735000,1,-40.022,-184.0
135081_1767735300,1,-70.068,-69.0
135081_1767735600,1,-74.128,-88.0
135081_1767735900,1,-62.377,-130.0
135081_1767736200,1,21.6,-161.0
135081_1767736500,1,-41.731,-191.0
122048_1767665400,1,8.607,-25.0
122048_1767665700,1,26.156,0.0
122048_1767666000,1,20.794,0.0
122048_1767666300,1,-24.881,0.0
122048_1767666600,1,-28.06,0.0
122048_1767666900,1,-23.775,0.0
122048_1767667200,1,2.511,0.0
122048_1767667500,1,-4.669,0.0
122048_1767667800,1,-13.764,0.0
134040_1767667800,1,20.63,20.0
122048_1767668100,1,-13.953,0.0
134040_1767668100,1,54.207,93.0
135081_1767670200,1,41.769,14.0
135081_1767670500,1,52.902,63.0
135081_1767670800,1,47.497,54.0
135081_1767671100,1,36.618,45.0
135081_1767671400,1,106.535,84.0
135081_1767671700,1,50.241,104.0
129964_1767672000,1,23.049,-7.0
122048_1767672300,1,-2.163,66.0
129964_1767672300,1,5.723,-9.0
122048_1767672600,1,-10.117,66.0
122048_1767672900,1,32.659,170.0
130238_1767672900,1,-6.55,-23.0
129964_1767672900,1,-26.238,-29.0
129964_1767673200,1,31.122,-57.0
130238_1767673200,1,58.761,39.0
122048_1767673200,1,79.945,41.0
129964_1767673500,1,61.925,19.0
122048_1767673500,1,100.965,25.0
130238_1767673500,1,17.05,26.0
122048_1767675600,1,2.031,-68.0
129964_1767675600,1,31.981,46.0
122048_1767675900,1,-14.548,-86.0
129964_1767675900,1,67.248,20.0
129964_1767676200,1,39.396,91.0
122048_1767676200,1,-13.994,25.0
122048_1767676500,1,10.443,-41.0
122048_1767676800,1,8.258,-163.0
122048_1767677100,1,9.389,-177.0
133957_1767677400,1,21.13,-91.0
133957_1767679500,1,21.636,49.0
133957_1767679800,1,41.197,71.0
133957_1767680100,1,37.569,111.0
133957_1767680400,1,56.865,18.0
129964_1767680400,1,6.639,-51.0
133957_1767680700,1,47.024,39.0
129964_1767680700,1,4.595,-106.0
129964_1767684600,1,-1.164,-29.0
122048_1767684600,1,334.956,350.0
122048_1767684900,1,346.151,304.0
129964_1767684900,1,1.419,-70.0
122048_1767685200,1,298.258,183.0
129964_1767685200,1,93.336,-34.0
122048_1767685500,1,328.642,141.0
129964_1767685500,1,33.092,-4.0
129964_1767685800,1,37.074,17.0
122048_1767685800,1,166.515,45.0
122048_1767686100,1,81.373,-35.0
129964_1767686100,1,26.154,162.0
129964_1767686400,1,-0.495,97.0
129964_1767686700,1,85.414,64.0
129964_1767687000,1,110.257,42.0
129964_1767687300,1,64.65,108.0
129964_1767687600,1,0.326,8.0
129964_1767687900,1,27.975,95.0
131672_1767688200,1,11.083,16.0
122048_1767688200,1,41.202,68.0
122048_1767688500,1,88.78,49.0
131672_1767688500,1,40.5,20.0
122048_1767688800,1,82.272,76.0
131672_1767688800,1,16.288,-17.0
131672_1767689100,1,34.9,17.0
122048_1767689100,1,19.325,94.0
131672_1767689400,1,-11.304,-72.0
122048_1767689400,1,39.81,121.0
122613_1767689700,1,33.727,49.0
122048_1767689700,1,37.155,116.0
131672_1767689700,1,-20.878,-222.0
122613_1767693600,1,-128.776,-180.0
122048_1767693600,1,-60.317,-142.0
133957_1767693600,1,74.73,-24.0
122613_1767693900,1,-141.486,-108.0
122048_1767693900,1,-123.677,-110.0
133957_1767693900,1,42.006,13.0
122613_1767694200,1,-131.628,-140.0
122048_1767694200,1,-66.991,-50.0
133957_1767694200,1,15.711,21.0
122613_1767694500,1,-95.808,-70.0
133957_1767694500,1,-38.975,-22.0
122048_1767694500,1,-53.416,-184.0
133957_1767694800,1,30.975,24.0
122048_1767694800,1,-135.147,-250.0
122613_1767694800,1,-65.261,-38.0
122613_1767695100,1,-17.171,30.0
122048_1767695100,1,-158.191,-359.0
133957_1767695100,1,-12.621,-17.0
131672_1767698100,1,33.896,27.0
131672_1767698400,1,60.428,60.0
131672_1767698700,1,85.082,82.0
122658_1767702600,1,2.824,0.0
122048_1767702600,1,176.561,144.0
122658_1767702900,1,2.458,0.0
122048_1767702900,1,204.501,138.0
122658_1767703200,1,0.005,0.0
122048_1767703200,1,107.942,87.0
122658_1767703500,1,3.82,0.0
122048_1767703500,1,82.621,84.0
122658_1767703800,1,9.351,103.0
122048_1767703800,1,36.712,84.0
122658_1767704100,1,18.145,252.0
122048_1767704100,1,48.8,0.0
135081_1767704400,1,10.898,11.0
135081_1767705900,1,45.03,79.0
129964_1767708000,1,-3.844,-6.0
129964_1767708600,1,-87.511,-114.0
131672_1767708600,1,62.237,60.0
131672_1767708900,1,88.236,90.0
129964_1767708900,1,9.377,-106.0
131672_1767709200,1,80.785,91.0
129964_1767709200,1,44.105,-77.0
131672_1767709500,1,113.679,115.0
129964_1767709500,1,-46.244,-93.0
122613_1767709800,1,-17.332,0.0
135081_1767709800,1,-8.782,-84.0
134040_1767709800,1,58.557,79.0
122613_1767710100,1,-11.405,0.0
135081_1767710100,1,-12.03,-126.0
134040_1767710100,1,-0.057,4.0
122613_1767710400,1,-12.498,0.0
134040_1767710400,1,64.909,68.0
135081_1767710400,1,-41.814,-128.0
135081_1767710700,1,-120.885,-145.0
122613_1767710700,1,7.081,0.0
134040_1767710700,1,76.997,87.0
134040_1767711000,1,60.789,187.0
122613_1767711000,1,-6.624,0.0
135081_1767711000,1,-99.213,-175.0
134040_1767711300,1,22.252,267.0
122613_1767711300,1,14.434,0.0
135081_1767711300,1,-101.022,-168.0
131672_1767711600,1,-50.642,-47.0
133957_1767711600,1,165.942,26.0
133957_1767711900,1,123.099,17.0
131672_1767711900,1,-35.313,-52.0
133300_1767712200,1,12.102,-35.0
133957_1767712200,1,66.489,28.0
133957_1767712500,1,11.469,-36.0
133300_1767712500,1,27.033,-35.0
133300_1767712800,1,45.012,36.0
133957_1767712800,1,-26.62,-93.0
133300_1767713100,1,20.587,-9.0
133957_1767713100,1,-28.59,74.0
122658_1767713400,1,66.301,86.0
130238_1767713400,1,16.725,-99.0
122048_1767713400,1,26.557,0.0
122658_1767713700,1,53.67,159.0
122048_1767713700,1,20.136,0.0
130238_1767713700,1,-99.099,-47.0
122048_1767714000,1,14.195,0.0
130238_1767714000,1,-63.336,-41.0
122658_1767714000,1,89.017,225.0
130238_1767714300,1,-36.689,-45.0
122048_1767714300,1,13.819,0.0
122658_1767714300,1,51.302,348.0
122048_1767714600,1,3.117,0.0
130238_1767714600,1,-64.779,-30.0
122658_1767714600,1,135.753,362.0
130238_1767714900,1,-18.478,-78.0
122658_1767714900,1,12.277,2.0
122048_1767714900,1,-0.526,0.0
122613_1767715200,1,-3.904,0.0
133300_1767715200,1,56.571,22.0
122613_1767715500,1,-33.364,0.0
133300_1767715500,1,45.201,-24.0
122613_1767715800,1,-6.417,-18.0
133300_1767715800,1,37.905,-87.0
133300_1767716100,1,-10.433,-38.0
122613_1767716100,1,4.872,11.0
133300_1767716400,1,5.408,207.0
122613_1767716400,1,-50.974,-88.0
122613_1767716700,1,19.969,-27.0
122613_1767717000,1,-55.022,-62.0
129964_1767717300,1,-81.686,-111.0
122613_1767717300,1,-17.582,-54.0
122613_1767717600,1,-41.059,-11.0
129964_1767717600,1,-19.245,-126.0
122613_1767717900,1,-75.967,55.0
129964_1767717900,1,35.724,38.0
129964_1767718200,1,-6.519,57.0
122613_1767718200,1,3.952,72.0
122613_1767718500,1,51.133,72.0
129964_1767718500,1,67.625,71.0
135081_1767718800,1,-89.837,-153.0
133300_1767718800,1,63.011,231.0
135081_1767719100,1,-5.483,-144.0
135081_1767719400,1,-14.378,-123.0
133300_1767719400,1,-18.459,-24.0
135081_1767719700,1,-82.766,-137.0
133300_1767719700,1,9.477,22.0
133300_1767720000,1,86.408,-46.0
135081_1767720000,1,-123.92,-199.0
133300_1767720300,1,59.086,-26.0
135081_1767720300,1,-121.34,-231.0
122048_1767720600,1,-17.155,-32.0
135081_1767720600,1,-17.938,-180.0
130238_1767720600,1,38.508,-64.0
122048_1767720900,1,-75.072,-32.0
135081_1767720900,1,-75.99,-34.0
130238_1767720900,1,58.413,-125.0
130238_1767721200,1,62.458,-103.0
122048_1767721200,1,18.259,-108.0
135081_1767721200,1,-12.216,4.0
135081_1767721500,1,-7.998,12.0
122048_1767721500,1,-31.45,-141.0
130238_1767721500,1,-9.591,-170.0
122048_1767721800,1,-50.061,-174.0
135081_1767721800,1,35.184,48.0
122048_1767722100,1,-65.114,-157.0
133300_1767722400,1,60.704,310.0
134040_1767722400,1,47.699,107.0
134040_1767722700,1,89.292,295.0
133300_1767722700,1,243.937,406.0
133300_1767723000,1,371.852,580.0
134040_1767723000,1,163.678,407.0
134040_1767723300,1,162.844,342.0
134040_1767723600,1,365.745,401.0
133300_1767723600,1,61.722,-5.0
134040_1767723900,1,311.021,487.0
132430_1767724200,1,287.048,309.0
134040_1767724200,1,351.231,465.0
134040_1767724500,1,376.225,409.0
132430_1767724500,1,342.006,299.0
132430_1767724800,1,254.301,45.0
132430_1767725100,1,161.276,45.0
132430_1767725400,1,128.209,-1.0
132430_1767725700,1,78.902,27.0
122048_1767728700,1,-64.26,-348.0
133957_1767729000,1,86.596,39.0
122048_1767729000,1,-46.046,-142.0
122048_1767729300,1,-8.469,36.0
133957_1767729300,1,112.054,171.0
133957_1767729600,1,172.153,141.0
133957_1767729900,1,241.848,126.0
133957_1767730200,1,208.019,83.0
133957_1767730500,1,148.967,53.0
133957_1767730800,1,86.912,38.0
133957_1767731100,1,66.442,59.0
132430_1767731400,1,246.446,192.0
132430_1767731700,1,236.866,201.0
131672_1767732000,1,231.588,32.0
132430_1767732000,1,231.734,167.0
132430_1767732300,1,176.75,337.0
131672_1767732300,1,240.182,16.0
132430_1767732600,1,222.601,338.0
131672_1767732600,1,314.881,34.0
131672_1767732900,1,64.92,41.0
132430_1767732900,1,351.335,238.0
135081_1767733200,1,81.92,40.0
135081_1767733500,1,133.064,44.0
135081_1767733800,1,116.794,51.0
135081_1767734100,1,7.565,-16.0
135081_1767734400,1,53.375,-59.0
135081_1767734700,1,10.608,-170.0
131672_1767666900,1,20.564,79.0
131672_1767667200,1,-13.885,79.0
131672_1767667500,1,34.096,212.0
131672_1767667800,1,96.94,312.0
131672_1767668100,1,196.084,273.0
134040_1767673800,1,118.091,332.0
134040_1767674100,1,142.812,369.0
134040_1767674400,1,275.276,362.0
134040_1767674700,1,315.731,317.0
134040_1767675000,1,261.682,253.0
134040_1767675300,1,166.768,100.0
133300_1767679200,1,81.171,65.0
133300_1767679800,1,5.461,-49.0
133300_1767680100,1,45.639,-49.0
133300_1767680400,1,65.357,-42.0
133300_1767680700,1,16.937,26.0
133957_1767684600,1,67.539,22.0
133957_1767684900,1,22.461,-55.0
133957_1767685200,1,1.311,-36.0
133957_1767685500,1,-28.886,-95.0
133957_1767685800,1,-46.939,7.0
133957_1767686100,1,-78.808,-55.0
133957_1767706200,1,124.198,222.0
133957_1767706500,1,118.57,296.0
133957_1767706800,1,105.717,294.0
133957_1767707100,1,327.767,182.0
133957_1767707400,1,300.12,292.0
133957_1767707700,1,189.274,252.0
133300_1767717000,1,-40.49,-12.0
133300_1767717300,1,-3.756,-28.0
133300_1767717600,1,24.685,-46.0
133300_1767717900,1,48.831,25.0
133300_1767718200,1,43.882,26.0
133300_1767718500,1,67.208,129.0
132430_1767666900,1,32.47,46.0
132430_1767667200,1,56.961,102.0
132430_1767667500,1,56.857,-23.0
132430_1767667800,1,101.837,-2.0
132430_1767668100,1,57.066,27.0
122048_1767668400,1,6.493,0.0
133957_1767668400,1,10.75,-34.0
122048_1767668700,1,11.887,0.0
122048_1767669000,1,5.695,0.0
133957_1767669300,1,28.648,46.0
122048_1767669300,1,8.071,0.0
122048_1767669600,1,-4.246,0.0
133957_1767669600,1,33.566,58.0
133957_1767669900,1,46.878,40.0
122048_1767669900,1,-4.063,0.0
129964_1767670200,1,46.143,74.0
122048_1767670200,1,-0.078,0.0
122048_1767670500,1,-5.399,0.0
129964_1767670500,1,14.146,61.0
132430_1767670500,1,42.73,215.0
129964_1767670800,1,96.766,-16.0
122048_1767670800,1,9.039,0.0
132430_1767670800,1,12.592,162.0
129964_1767671100,1,44.978,-55.0
132430_1767671100,1,77.738,137.0
122048_1767671100,1,6.294,0.0
122048_1767671400,1,4.846,0.0
129964_1767671400,1,49.142,22.0
132430_1767671400,1,168.215,244.0
132430_1767671700,1,138.846,324.0
122048_1767671700,1,13.861,0.0
129964_1767671700,1,9.269,-50.0
135081_1767672000,1,17.387,-33.0
132430_1767672000,1,183.239,364.0
135081_1767672300,1,-10.036,-40.0
132430_1767672300,1,217.776,275.0
135081_1767672600,1,-13.091,-145.0
132430_1767672600,1,252.932,322.0
132430_1767672900,1,220.407,130.0
135081_1767672900,1,-19.927,-98.0
132430_1767673200,1,279.87,129.0
135081_1767673200,1,-35.873,71.0
132430_1767673500,1,184.704,265.0
135081_1767673500,1,-104.756,64.0
135081_1767673800,1,22.426,111.0
135081_1767674100,1,120.896,80.0
135081_1767674400,1,114.16,122.0
135081_1767674700,1,41.869,94.0
135081_1767675000,1,95.541,53.0
135081_1767675300,1,128.345,208.0
133957_1767675600,1,40.322,-10.0
135081_1767675600,1,88.489,299.0
133957_1767675900,1,6.871,-32.0
135081_1767675900,1,217.921,224.0
135081_1767676200,1,259.714,126.0
133957_1767676200,1,-7.632,95.0
135081_1767676500,1,135.691,-30.0
133957_1767676500,1,-27.287,61.0
133957_1767676800,1,-21.348,7.0
133957_1767677100,1,78.587,-94.0
133300_1767677400,1,4.56,87.0
134040_1767677400,1,84.022,71.0
134040_1767677700,1,76.39,174.0
133300_1767677700,1,64.781,87.0
133300_1767678000,1,103.848,108.0
134040_1767678000,1,34.647,-25.0
133300_1767678300,1,122.492,59.0
133300_1767678600,1,172.135,40.0
133300_1767678900,1,109.856,-2.0
134040_1767679800,1,16.442,23.0
134040_1767680100,1,44.74,26.0
134040_1767680400,1,28.539,-52.0
134040_1767680700,1,7.571,-87.0
133957_1767682800,1,-32.892,-74.0
133300_1767682800,1,107.402,135.0
133957_1767683100,1,-1.469,-8.0
133300_1767683100,1,235.737,169.0
133300_1767683400,1,175.565,166.0
133300_1767683700,1,170.578,240.0
133957_1767683700,1,-26.48,10.0
133957_1767684000,1,21.343,33.0
133300_1767684000,1,52.772,116.0
133300_1767684300,1,44.283,116.0
133957_1767684300,1,56.33,71.0
131672_1767684600,1,-15.615,-63.0
131672_1767684900,1,-11.915,-96.0
131672_1767685200,1,0.161,-126.0
132430_1767688200,1,-81.662,194.0
132430_1767688500,1,-39.143,268.0
132430_1767688800,1,197.033,284.0
132430_1767689100,1,116.881,163.0
132430_1767689400,1,222.093,85.0
132430_1767689700,1,157.935,7.0
122658_1767690000,1,-35.556,-34.0
130238_1767690000,1,2.811,40.0
130238_1767690300,1,90.532,49.0
122658_1767690300,1,-27.874,-34.0
130238_1767690600,1,48.706,57.0
122658_1767690600,1,-30.535,-34.0
122658_1767690900,1,-27.612,-34.0
130238_1767691200,1,-19.189,0.0
130238_1767691500,1,-34.286,0.0
133300_1767693600,1,60.098,168.0
133300_1767694200,1,17.212,-63.0
133300_1767694500,1,-22.364,-63.0
133300_1767694800,1,2.702,54.0
133300_1767695100,1,-20.522,90.0
132430_1767695400,1,87.971,26.0
122613_1767695400,1,8.113,123.0
132430_1767695700,1,114.939,30.0
122613_1767695700,1,52.19,61.0
132430_1767696000,1,-11.128,-71.0
132430_1767696300,1,31.138,221.0
132430_1767696600,1,37.228,264.0
122613_1767696900,1,1.385,0.0
132430_1767696900,1,149.725,113.0
129964_1767697200,1,32.761,133.0
129964_1767697500,1,19.515,75.0
129964_1767697800,1,58.396,26.0
129964_1767698100,1,78.591,10.0
129964_1767698400,1,49.268,14.0
129964_1767698700,1,-19.935,0.0
133957_1767699000,1,-49.971,-96.0
132430_1767699000,1,12.408,14.0
131672_1767699000,1,53.524,4.0
132430_1767699300,1,44.002,14.0
133957_1767699300,1,-91.393,-249.0
131672_1767699300,1,26.106,40.0
131672_1767699600,1,-11.038,-28.0
133957_1767699600,1,-142.754,-254.0
132430_1767699600,1,66.479,-87.0
132430_1767699900,1,40.723,-110.0
131672_1767699900,1,-73.847,-29.0
133957_1767699900,1,-163.673,-158.0
131672_1767700200,1,8.107,-23.0
133957_1767700200,1,5.346,80.0
132430_1767700200,1,-1.885,-136.0
132430_1767700500,1,-143.24,-6.0
133957_1767700500,1,-15.595,42.0
131672_1767700500,1,-11.294,-47.0
133300_1767700800,1,73.014,260.0
133300_1767701400,1,-46.294,-7.0
133300_1767701700,1,14.354,-7.0
133300_1767702000,1,49.986,132.0
133300_1767702300,1,26.063,114.0
134040_1767704400,1,45.418,91.0
122658_1767704400,1,77.725,289.0
132430_1767704700,1,-75.816,16.0
134040_1767704700,1,32.234,-7.0
122658_1767704700,1,41.371,321.0
134040_1767705000,1,52.629,47.0
122658_1767705000,1,322.14,406.0
132430_1767705000,1,7.633,16.0
132430_1767705300,1,5.233,17.0
134040_1767705300,1,12.823,84.0
132430_1767705600,1,64.626,77.0
133957_1767705600,1,43.994,113.0
122658_1767705600,1,35.961,0.0
134040_1767705600,1,1.109,113.0
133957_1767705900,1,56.92,123.0
132430_1767705900,1,21.553,57.0
122658_1767705900,1,11.456,0.0
134040_1767705900,1,50.464,37.0
122048_1767706200,1,6.616,0.0
131672_1767706200,1,10.113,37.0
131672_1767706500,1,65.081,131.0
122048_1767706500,1,7.298,0.0
122048_1767706800,1,12.089,0.0
122048_1767707100,1,-3.915,0.0
122048_1767707400,1,13.754,0.0
122048_1767707700,1,6.105,0.0
122658_1767713100,1,62.677,27.0
122658_1767715200,1,19.374,0.0
129964_1767715200,1,-33.252,-134.0
122658_1767715500,1,2.437,0.0
129964_1767715500,1,-41.253,-115.0
122658_1767715800,1,0.254,0.0
129964_1767715800,1,-63.024,-2.0
129964_1767716100,1,-112.546,-46.0
122658_1767716100,1,2.028,0.0
129964_1767716400,1,-72.668,-13.0
133957_1767716400,1,82.402,115.0
122658_1767716400,1,1.703,0.0
133957_1767716700,1,88.296,104.0
129964_1767716700,1,-24.49,303.0
122658_1767716700,1,-1.444,0.0
122658_1767717000,1,-7.51,0.0
122658_1767717600,1,-23.76,-46.0
122658_1767717900,1,31.678,38.0
122658_1767718200,1,28.192,39.0
122658_1767718500,1,41.064,63.0
122048_1767724200,1,104.638,35.0
122048_1767724500,1,81.888,133.0
122048_1767724800,1,45.692,250.0
122048_1767725100,1,199.41,274.0
122048_1767725400,1,361.857,356.0
122048_1767725700,1,297.168,417.0
131672_1767727800,1,57.093,302.0
131672_1767728100,1,92.547,382.0
131672_1767728400,1,241.048,359.0
131672_1767728700,1,346.2,492.0
131672_1767729000,1,367.281,533.0
131672_1767729300,1,438.77,478.0
122048_1767729600,1,22.198,41.0
122048_1767729900,1,101.095,93.0
122048_1767730200,1,114.789,99.0
122048_1767730500,1,118.627,-3.0
122048_1767730800,1,140.013,25.0
122048_1767731100,1,77.679,4.0
122048_1767733200,1,15.05,0.0
122048_1767733500,1,11.882,0.0
122048_1767733800,1,11.717,0.0
122048_1767734100,1,3.159,0.0
122048_1767734400,1,-11.664,0.0
122048_1767734700,1,12.443,0.0
133957_1767735000,1,-38.525,21.0
130072_1767735000,1,0.903,0.0
130072_1767735300,1,-16.425,0.0
133957_1767735300,1,61.085,50.0
133957_1767735600,1,47.353,77.0
130072_1767735600,1,-1.486,0.0
130072_1767735900,1,4.87,0.0
130072_1767736200,1,6.699,0.0
130072_1767736500,1,3.293,0.0
132430_1767738000,1,71.116,90.0
132430_1767738300,1,88.953,108.0
134040_1767738600,1,-0.113,0.0
134040_1767738900,1,-2.339,0.0
134040_1767739200,1,2.535,0.0
134040_1767739500,1,4.958,0.0
134040_1767739800,1,-6.066,0.0
134040_1767740100,1,4.72,0.0
134040_1767740400,1,4.736,0.0
134040_1767740700,1,3.189,0.0
134040_1767668400,1,54.959,71.0
134040_1767668700,1,68.86,136.0
134040_1767669000,1,64.332,119.0
134040_1767669300,1,104.426,151.0
134040_1767669600,1,108.46,128.0
134040_1767669900,1,88.362,158.0
130238_1767675900,1,55.406,37.0
130238_1767676200,1,51.758,56.0
130238_1767676500,1,75.533,76.0
130238_1767676800,1,27.861,-9.0
130238_1767677100,1,63.893,38.0
134040_1767682800,1,-26.75,72.0
134040_1767683100,1,79.841,131.0
134040_1767683400,1,-6.825,29.0
134040_1767683700,1,47.825,-62.0
134040_1767684000,1,48.171,48.0
134040_1767684300,1,10.145,86.0
129964_1767688200,1,88.396,221.0
129964_1767688800,1,-6.92,-54.0
129964_1767689100,1,-10.931,-78.0
129964_1767689400,1,93.514,36.0
129964_1767689700,1,17.539,81.0
132430_1767690000,1,94.361,-66.0
132430_1767690300,1,19.1,-139.0
131672_1767691800,1,-33.965,-92.0
122658_1767695700,1,29.356,9.0
122658_1767696000,1,35.504,100.0
122658_1767696300,1,34.639,271.0
122658_1767696600,1,41.048,376.0
122658_1767696900,1,94.695,318.0
129964_1767711600,1,-104.188,-143.0
129964_1767711900,1,-94.166,-3.0
129964_1767712200,1,-111.147,17.0
129964_1767712800,1,-93.195,-108.0
129964_1767713100,1,10.547,-108.0
134040_1767713400,1,78.377,36.0
134040_1767713700,1,127.631,21.0
134040_1767714000,1,64.678,108.0
134040_1767714300,1,-26.683,-44.0
133957_1767717000,1,105.016,134.0
133957_1767717300,1,120.874,71.0
133957_1767717600,1,38.747,37.0
133957_1767717900,1,135.129,-25.0
133957_1767718200,1,67.968,-42.0
133957_1767718500,1,-7.412,-28.0
134040_1767721500,1,19.47,7.0
134040_1767721800,1,40.779,78.0
134040_1767722100,1,42.69,106.0
132430_1767726000,1,100.433,156.0
132430_1767726300,1,67.772,141.0
132430_1767726600,1,57.789,46.0
132430_1767726900,1,100.477,10.0
132430_1767727200,1,89.823,217.0
132430_1767727500,1,57.277,260.0
130072_1767738600,1,-3.391,0.0
130072_1767738900,1,5.953,0.0
133957_1767666600,1,8.334,-32.0
129964_1767666600,1,-38.511,44.0
133957_1767666900,1,29.815,-32.0
129964_1767666900,1,-43.29,16.0
133957_1767667200,1,41.185,17.0
129964_1767667200,1,8.653,-27.0
129964_1767667500,1,62.817,2.0
133957_1767667500,1,-7.46,-66.0
133957_1767667800,1,18.216,-74.0
129964_1767667800,1,5.175,-70.0
129964_1767668100,1,-20.617,-76.0
133957_1767668100,1,34.101,-61.0
132430_1767668400,1,87.843,22.0
132430_1767668700,1,14.895,74.0
132430_1767669000,1,8.565,1.0
132430_1767669300,1,154.994,4.0
132430_1767669600,1,45.391,84.0
132430_1767669900,1,18.821,58.0
131672_1767673800,1,-16.712,-73.0
131672_1767674100,1,-3.738,121.0
131672_1767674400,1,-16.367,145.0
131672_1767674700,1,18.32,125.0
131672_1767675000,1,117.359,166.0
133300_1767675000,1,33.584,99.0
133300_1767675300,1,-24.892,99.0
131672_1767675300,1,89.029,88.0
132430_1767681000,1,61.609,32.0
133300_1767681000,1,38.048,12.0
132430_1767681300,1,16.966,126.0
133300_1767681300,1,86.597,-61.0
133300_1767681600,1,63.915,159.0
132430_1767681600,1,-30.656,65.0
133300_1767681900,1,-19.465,79.0
132430_1767681900,1,-10.561,-62.0
133300_1767682200,1,-3.783,79.0
132430_1767682200,1,81.604,-16.0
132430_1767682500,1,4.876,248.0
133300_1767682500,1,6.249,173.0
131672_1767682800,1,30.256,-48.0
131672_1767683100,1,1.122,-52.0
131672_1767683400,1,-21.144,-178.0
131672_1767683700,1,-54.897,-200.0
131672_1767684000,1,-68.127,-74.0
131672_1767684300,1,-24.524,24.0
133300_1767684600,1,87.475,214.0
133300_1767684900,1,123.459,244.0
133300_1767685200,1,238.05,255.0
133300_1767685500,1,273.565,286.0
133300_1767685800,1,222.389,404.0
130238_1767686400,1,151.235,107.0
122048_1767686400,1,68.641,-43.0
130238_1767686700,1,182.817,1.0
122048_1767686700,1,34.672,-49.0
122048_1767687000,1,0.182,104.0
122048_1767687300,1,39.015,99.0
122048_1767687600,1,64.562,49.0
122048_1767687900,1,131.964,80.0
122658_1767688200,1,25.465,137.0
122658_1767688500,1,27.625,-33.0
122658_1767688800,1,105.756,-34.0
122658_1767689100,1,-42.472,-34.0
122658_1767689400,1,-41.674,-34.0
122658_1767689700,1,-44.607,-34.0
133957_1767695400,1,14.438,28.0
133957_1767696000,1,-32.371,138.0
133957_1767696300,1,3.13,156.0
133957_1767696600,1,67.117,185.0
133957_1767696900,1,157.674,111.0
130238_1767697200,1,43.259,40.0
130238_1767697500,1,40.61,32.0
129964_1767699000,1,-30.739,80.0
135081_1767699000,1,166.702,28.0
129964_1767699300,1,-27.223,49.0
135081_1767699300,1,122.609,45.0
135081_1767699600,1,53.87,55.0
135081_1767699900,1,15.063,36.0
129964_1767699900,1,-63.2,-53.0
129964_1767700200,1,1.939,-73.0
135081_1767700200,1,-30.362,-24.0
129964_1767700500,1,76.278,90.0
135081_1767700500,1,-68.436,-98.0
122048_1767700800,1,17.13,374.0
131672_1767700800,1,-67.083,-105.0
122613_1767700800,1,-118.273,-50.0
122658_1767700800,1,-1.192,143.0
122048_1767701100,1,234.179,312.0
122658_1767701100,1,198.202,121.0
122613_1767701100,1,-89.606,-155.0
131672_1767701100,1,-62.564,-83.0
122613_1767701400,1,-73.285,-175.0
122048_1767701400,1,299.005,354.0
131672_1767701400,1,-34.063,-207.0
122658_1767701700,1,-18.988,0.0
122048_1767701700,1,311.517,273.0
122613_1767701700,1,-51.182,-47.0
122658_1767702000,1,-5.742,0.0
122613_1767702000,1,-88.447,-61.0
122048_1767702000,1,250.185,252.0
122658_1767702300,1,2.811,0.0
122048_1767702300,1,229.634,158.0
122613_1767702300,1,-38.709,66.0
133957_1767702600,1,25.009,172.0
133300_1767702600,1,85.848,47.0
133300_1767702900,1,58.338,95.0
133957_1767702900,1,47.474,97.0
134040_1767703200,1,-34.546,-35.0
133957_1767703200,1,65.786,101.0
133300_1767703200,1,91.728,322.0
133957_1767703500,1,112.274,161.0
134040_1767703500,1,40.306,-35.0
134040_1767703800,1,55.243,52.0
133957_1767703800,1,43.882,40.0
133300_1767703800,1,-36.392,-25.0
133957_1767704100,1,111.551,139.0
134040_1767704100,1,57.53,87.0
129964_1767704400,1,-54.678,-106.0
129964_1767704700,1,9.213,-150.0
129964_1767705000,1,12.349,-165.0
129964_1767705300,1,-51.91,-95.0
129964_1767705600,1,-70.656,11.0
122613_1767705900,1,-7.18,0.0
129964_1767705900,1,-128.045,-32.0
132430_1767706200,1,40.979,196.0
132430_1767706500,1,87.584,103.0
132430_1767706800,1,65.783,53.0
132430_1767707100,1,103.718,78.0
132430_1767707400,1,34.683,39.0
132430_1767707700,1,96.964,58.0
135081_1767711600,1,-77.133,11.0
132430_1767711600,1,70.052,171.0
132430_1767711900,1,59.802,384.0
135081_1767711900,1,-37.098,-12.0
132430_1767712200,1,122.972,291.0
135081_1767712200,1,27.425,-28.0
135081_1767712500,1,-13.188,59.0
132430_1767712500,1,160.5,226.0
130238_1767712500,1,-13.047,10.0
130238_1767712800,1,38.942,-40.0
132430_1767712800,1,267.371,258.0
130238_1767713100,1,32.386,-124.0
132430_1767713100,1,237.355,199.0
131672_1767713400,1,15.504,12.0
131672_1767713700,1,42.404,86.0
131672_1767714000,1,23.17,67.0
131672_1767714300,1,64.741,70.0
131672_1767714600,1,34.64,13.0
131672_1767714900,1,-20.947,-150.0
130238_1767717000,1,43.333,-55.0
130238_1767717300,1,48.084,-41.0
130238_1767717600,1,-31.71,-57.0
130238_1767717900,1,-26.9,-92.0
130238_1767718200,1,-37.514,-38.0
130238_1767718500,1,-40.546,-3.0
129964_1767718800,1,66.264,39.0
129964_1767719100,1,-15.295,-44.0
129964_1767719400,1,-25.94,-130.0
129964_1767719700,1,-15.544,-135.0
129964_1767720000,1,-54.984,-14.0
129964_1767720300,1,-80.047,-105.0
122048_1767726000,1,364.752,481.0
122048_1767726300,1,367.194,523.0
122048_1767727200,1,159.36,-54.0
132430_1767729600,1,44.312,21.0
132430_1767729900,1,43.785,177.0
130072_1767730200,1,28.974,60.0
132430_1767730200,1,18.464,173.0
132430_1767730500,1,49.557,146.0
130072_1767730500,1,50.864,60.0
130072_1767730800,1,54.944,106.0
132430_1767730800,1,158.183,234.0
130072_1767731100,1,81.094,22.0
132430_1767731100,1,165.636,277.0
130072_1767731400,1,64.808,49.0
130072_1767731700,1,-22.75,78.0
130072_1767732000,1,39.56,158.0
130072_1767732300,1,35.994,161.0
135081_1767732600,1,-12.84,79.0
130072_1767732600,1,178.137,226.0
130072_1767732900,1,186.036,187.0
135081_1767732900,1,4.48,136.0
133957_1767733200,1,15.651,59.0
133957_1767733500,1,11.428,28.0
133957_1767733800,1,-3.681,15.0
133957_1767734100,1,30.204,45.0
133957_1767734400,1,49.713,7.0
133957_1767734700,1,24.032,65.0
134040_1767736800,1,-0.963,0.0
133957_1767736800,1,9.359,32.0
133957_1767737100,1,40.946,-8.0
134040_1767737100,1,0.609,0.0
133957_1767737400,1,72.734,27.0
134040_1767737400,1,11.169,0.0
133957_1767737700,1,16.756,-22.0
134040_1767737700,1,2.095,0.0
134040_1767738000,1,11.56,0.0
134494_1767738000,1,11.396,0.0
133957_1767738000,1,3.705,-77.0
134040_1767738300,1,2.416,0.0
134494_1767738300,1,-5.504,0.0
130072_1767740700,1,-0.535,0.0
130072_1767741000,1,17.253,0.0
130072_1767741300,1,16.979,0.0
130072_1767741600,1,13.154,0.0
130072_1767741900,1,-16.965,0.0
132430_1767673800,1,78.761,137.0
132430_1767674100,1,133.483,35.0
132430_1767674400,1,136.641,161.0
132430_1767674700,1,61.773,145.0
132430_1767675000,1,173.95,118.0
132430_1767675300,1,91.379,0.0
122613_1767691800,1,19.358,69.0
122613_1767692100,1,41.815,-16.0
122613_1767692400,1,21.841,-87.0
122613_1767692700,1,-17.723,-160.0
122613_1767693000,1,-22.773,-147.0
122613_1767693300,1,-140.037,-146.0
122613_1767697200,1,-4.423,0.0
122658_1767697200,1,209.458,352.0
122048_1767697200,1,-48.204,-68.0
122613_1767697500,1,21.209,0.0
122048_1767697500,1,-96.171,-129.0
122658_1767697500,1,77.355,0.0
122613_1767697800,1,2.892,0.0
122658_1767697800,1,22.881,0.0
122048_1767697800,1,-69.56,-129.0
122658_1767698100,1,18.214,0.0
122048_1767698100,1,-142.294,-181.0
122613_1767698100,1,9.886,0.0
122613_1767698400,1,-2.055,0.0
122048_1767698400,1,-180.677,-194.0
122658_1767698400,1,-40.744,0.0
122658_1767698700,1,-5.41,0.0
122048_1767698700,1,-116.614,-216.0
122613_1767698700,1,-7.417,0.0
122613_1767702600,1,-6.216,64.0
122613_1767702900,1,76.209,64.0
135081_1767706200,1,62.781,155.0
135081_1767706500,1,81.701,156.0
135081_1767706800,1,142.325,113.0
135081_1767707100,1,134.133,130.0
135081_1767707400,1,199.181,247.0
135081_1767707700,1,120.28,113.0
122048_1767711600,1,-1.079,106.0
122048_1767711900,1,65.524,85.0
122048_1767712200,1,86.955,83.0
122048_1767712500,1,112.428,57.0
122048_1767712800,1,97.7,-8.0
122048_1767713100,1,30.821,92.0
131672_1767715200,1,-57.125,-130.0
135081_1767715200,1,61.086,100.0
131672_1767715500,1,-65.935,-99.0
135081_1767715500,1,65.868,74.0
135081_1767715800,1,64.035,82.0
131672_1767715800,1,-93.498,-59.0
135081_1767716100,1,115.1,47.0
131672_1767716100,1,-63.165,-53.0
135081_1767716400,1,32.038,118.0
131672_1767716400,1,-39.27,-55.0
131672_1767716700,1,24.105,-74.0
135081_1767716700,1,67.488,137.0
132430_1767720600,1,83.853,141.0
132430_1767720900,1,110.536,216.0
132430_1767721200,1,162.228,309.0
132430_1767721500,1,185.903,359.0
132430_1767721800,1,277.07,295.0
131672_1767721800,1,24.164,21.0
131672_1767722100,1,75.261,47.0
132430_1767722100,1,301.134,393.0
133957_1767722400,1,63.936,0.0
133957_1767722700,1,-12.821,-74.0
133957_1767723000,1,38.816,100.0
133957_1767723300,1,-26.485,89.0
133957_1767723600,1,121.883,114.0
133957_1767723900,1,76.929,163.0
135081_1767729600,1,12.541,24.0
135081_1767729900,1,-5.324,206.0
135081_1767730200,1,64.198,197.0
135081_1767730500,1,199.392,234.0
134040_1767730500,1,55.853,121.0
134040_1767730800,1,72.701,191.0
134040_1767731100,1,105.533,150.0
134040_1767731400,1,121.764,214.0
134040_1767731700,1,176.535,152.0
134040_1767732000,1,257.881,152.0
134040_1767732300,1,212.051,181.0
134040_1767732600,1,138.888,230.0
134040_1767732900,1,183.298,315.0
131672_1767733200,1,-3.743,-15.0
131672_1767733500,1,-15.862,-60.0
131672_1767733800,1,34.281,-24.0
131672_1767734100,1,-8.941,-1.0
131672_1767734400,1,-27.664,26.0
131672_1767734700,1,-14.733,12.0
132430_1767738600,1,75.648,110.0
132430_1767738900,1,111.689,112.0
132430_1767739200,1,80.869,81.0
132430_1767739500,1,98.494,-2.0
132430_1767739800,1,51.456,8.0
132430_1767740100,1,24.984,175.0
134494_1767740400,1,1.186,0.0
134494_1767740700,1,-0.132,0.0
134494_1767741000,1,1.19,0.0
134494_1767741300,1,0.427,0.0
134494_1767741600,1,-0.798,0.0
134494_1767741900,1,4.304,0.0
133957_1767672000,1,-35.655,-29.0
133957_1767672300,1,-77.303,-51.0
133957_1767672600,1,6.485,-8.0
133957_1767672900,1,-6.451,-34.0
133957_1767673800,1,16.616,32.0
129964_1767673800,1,39.828,-15.0
129964_1767674100,1,66.42,72.0
133957_1767674100,1,64.328,43.0
133957_1767674400,1,76.096,74.0
129964_1767674400,1,37.845,95.0
133957_1767674700,1,87.224,171.0
129964_1767674700,1,-4.822,46.0
129964_1767675000,1,28.143,38.0
133957_1767675000,1,38.904,92.0
129964_1767675300,1,68.479,105.0
133957_1767675300,1,73.175,5.0
122048_1767677400,1,-66.696,-65.0
130238_1767677400,1,27.237,-50.0
122048_1767677700,1,-94.889,12.0
130238_1767677700,1,7.761,-47.0
130238_1767678000,1,56.802,-45.0
122048_1767678000,1,-26.058,47.0
130238_1767678300,1,-62.065,-142.0
122048_1767678300,1,-32.018,124.0
122048_1767678600,1,-1.212,172.0
122048_1767678900,1,44.483,140.0
133957_1767681000,1,10.292,-30.0
130238_1767681000,1,35.635,0.0
122658_1767681000,1,185.631,181.0
134040_1767681000,1,-32.771,-111.0
134040_1767681300,1,-33.143,-75.0
122658_1767681300,1,3.597,0.0
130238_1767681300,1,16.275,0.0
133957_1767681300,1,-6.538,-59.0
130238_1767681600,1,24.579,0.0
134040_1767681600,1,-30.646,1.0
133957_1767681600,1,14.7,-30.0
122658_1767681600,1,39.026,0.0
130238_1767681900,1,-10.649,0.0
134040_1767681900,1,-54.775,-38.0
122658_1767681900,1,16.901,0.0
133957_1767681900,1,-9.714,-58.0
133957_1767682200,1,-61.58,-19.0
134040_1767682200,1,-81.07,-71.0
122658_1767682200,1,5.072,0.0
133957_1767682500,1,-4.38,-45.0
122658_1767682500,1,3.039,0.0
134040_1767682500,1,-20.262,46.0
135081_1767684600,1,-102.884,-78.0
135081_1767684900,1,-66.504,-28.0
135081_1767685200,1,-17.026,59.0
135081_1767685500,1,-21.373,275.0
135081_1767685800,1,66.439,288.0
135081_1767686100,1,227.879,247.0
133300_1767686400,1,61.772,-26.0
134040_1767688200,1,14.79,154.0
134040_1767688500,1,59.86,141.0
134040_1767688800,1,33.836,128.0
134040_1767689100,1,34.945,26.0
133300_1767689400,1,12.007,9.0
134040_1767689400,1,27.913,94.0
134040_1767689700,1,42.387,46.0
133300_1767689700,1,16.492,9.0
122048_1767690000,1,48.337,73.0
129964_1767690000,1,32.463,65.0
133300_1767690000,1,26.651,68.0
133957_1767690000,1,-45.265,-116.0
122048_1767690300,1,27.335,-33.0
129964_1767690300,1,29.497,66.0
133300_1767690300,1,49.801,69.0
133957_1767690300,1,-51.495,-68.0
133300_1767690600,1,69.351,59.0
129964_1767690600,1,28.925,79.0
133957_1767690600,1,-83.736,-88.0
133300_1767690900,1,81.838,62.0
133957_1767690900,1,-100.825,-111.0
129964_1767690900,1,66.003,58.0
129964_1767691200,1,26.379,64.0
133957_1767691200,1,-89.522,9.0
133300_1767691200,1,82.172,135.0
129964_1767691500,1,61.752,94.0
129964_1767691800,1,43.461,42.0
122048_1767691800,1,20.752,233.0
129964_1767692100,1,31.72,16.0
122048_1767692100,1,26.825,200.0
129964_1767692400,1,50.073,106.0
122048_1767692400,1,19.406,91.0
122048_1767692700,1,120.832,-63.0
122048_1767693000,1,35.877,-67.0
132430_1767693300,1,48.27,132.0
122048_1767693300,1,-82.419,-115.0
129964_1767695400,1,61.457,-51.0
130238_1767695400,1,42.643,-12.0
129964_1767695700,1,92.157,-51.0
130238_1767695700,1,42.68,2.0
129964_1767696000,1,76.071,-11.0
130238_1767696000,1,-13.252,-34.0
129964_1767696300,1,2.881,73.0
130238_1767696300,1,9.363,10.0
129964_1767696600,1,65.93,111.0
130238_1767696600,1,-2.061,46.0
129964_1767696900,1,112.95,140.0
130238_1767696900,1,-46.795,29.0
133957_1767697200,1,102.675,64.0
133957_1767697500,1,62.735,3.0
133957_1767697800,1,35.648,18.0
135081_1767697800,1,57.03,77.0
135081_1767698100,1,78.544,95.0
133957_1767698100,1,27.94,-47.0
135081_1767698400,1,100.977,135.0
133957_1767698400,1,-3.855,-69.0
135081_1767698700,1,76.172,126.0
133957_1767698700,1,-59.577,-145.0
122613_1767699000,1,9.94,0.0
122613_1767699300,1,-18.962,0.0
122613_1767699600,1,-18.217,-145.0
122613_1767699900,1,-24.816,-230.0
122613_1767700200,1,4.667,-116.0
122613_1767700500,1,-46.553,-79.0
129964_1767706200,1,-47.213,-50.0
129964_1767706500,1,6.707,-51.0
129964_1767706800,1,-23.296,-34.0
129964_1767707100,1,-49.671,25.0
129964_1767707400,1,-62.372,-62.0
129964_1767707700,1,-21.507,5.0
122613_1767708000,1,5.259,0.0
122613_1767708300,1,9.123,0.0
122613_1767708600,1,-9.23,-77.0
122613_1767708900,1,-15.039,0.0
122613_1767709200,1,-11.599,0.0
122613_1767709500,1,-17.959,0.0
132430_1767709800,1,120.481,137.0
129964_1767709800,1,1.262,-69.0
129964_1767710100,1,-53.157,-42.0
132430_1767710400,1,-11.625,23.0
129964_1767710400,1,-102.933,-145.0
132430_1767710700,1,-2.904,23.0
129964_1767710700,1,-72.621,-127.0
129964_1767711000,1,-80.024,-207.0
132430_1767711000,1,10.888,47.0
129964_1767711300,1,-50.056,-66.0
132430_1767711300,1,53.741,33.0
122613_1767713400,1,13.385,0.0
122613_1767713700,1,9.17,0.0
122613_1767714000,1,8.969,0.0
122613_1767714300,1,-1.838,0.0
122613_1767714600,1,-2.81,0.0
122613_1767714900,1,15.954,0.0
132430_1767715200,1,322.257,485.0
130238_1767715200,1,-64.109,-97.0
132430_1767715500,1,337.026,483.0
130238_1767716400,1,54.699,98.0
130238_1767716700,1,23.195,9.0
133957_1767718800,1,-38.726,-35.0
133957_1767719100,1,-78.324,-113.0
133957_1767719400,1,-13.158,-174.0
133957_1767719700,1,-66.486,-173.0
133957_1767720000,1,-70.681,-218.0
129964_1767720600,1,-63.26,-10.0
122658_1767720600,1,9.48,0.0
133957_1767720900,1,-11.26,67.0
122658_1767720900,1,8.322,0.0
129964_1767720900,1,-56.583,49.0
133957_1767721200,1,29.727,28.0
122658_1767721200,1,8.401,0.0
133957_1767721500,1,32.981,83.0
133957_1767721800,1,39.527,-28.0
133957_1767722100,1,32.522,-73.0
132430_1767722400,1,343.841,380.0
132430_1767722700,1,419.919,324.0
132430_1767723000,1,465.975,452.0
132430_1767723300,1,350.882,333.0
132430_1767723600,1,406.163,310.0
132430_1767723900,1,425.503,285.0
135081_1767726000,1,236.11,311.0
135081_1767726300,1,308.384,146.0
135081_1767726600,1,230.147,53.0
131672_1767726900,1,15.637,-3.0
135081_1767726900,1,160.878,-68.0
131672_1767727200,1,48.289,-9.0
135081_1767727200,1,148.215,-32.0
135081_1767727500,1,43.466,-15.0
131672_1767727500,1,155.513,163.0
131672_1767729600,1,526.844,557.0
133957_1767731400,1,19.449,46.0
133957_1767731700,1,96.69,116.0
133957_1767732000,1,53.322,129.0
133957_1767732600,1,-39.105,39.0
133957_1767732900,1,-4.186,-49.0
130072_1767733200,1,102.956,125.0
130072_1767733500,1,82.479,125.0
130072_1767733800,1,81.058,168.0
130072_1767734100,1,96.375,195.0
130072_1767734400,1,54.128,163.0
130072_1767734700,1,-3.685,0.0
134040_1767735000,1,394.857,434.0
134040_1767735300,1,395.13,434.0
134040_1767735900,1,22.766,0.0
134040_1767736200,1,33.986,0.0
134040_1767736500,1,95.567,0.0
135081_1767736800,1,-134.314,-98.0
135081_1767737100,1,-70.944,37.0
135081_1767737400,1,-48.903,13.0
135081_1767737700,1,32.219,172.0
135081_1767738000,1,17.11,87.0
135081_1767738300,1,76.459,73.0
132430_1767740400,1,34.244,151.0
132430_1767740700,1,-6.164,124.0
132430_1767741000,1,118.101,60.0
132430_1767741300,1,61.253,85.0
132430_1767741600,1,87.595,189.0
132430_1767741900,1,32.368,160.0
134494_1767742200,1,-1.744,0.0
134494_1767742500,1,-1.465,0.0
134494_1767742800,1,1.251,0.0
134494_1767743100,1,1.829,0.0
131672_1767672000,1,29.92,72.0
131672_1767672300,1,39.513,-66.0
131672_1767672600,1,121.018,10.0
131672_1767672900,1,23.443,27.0
131672_1767673200,1,0.726,-43.0
131672_1767673500,1,4.434,-31.0
134040_1767675600,1,117.953,83.0
134040_1767675900,1,88.848,117.0
134040_1767676200,1,116.375,188.0
134040_1767676500,1,83.247,165.0
134040_1767676800,1,69.86,116.0
134040_1767677100,1,94.235,112.0
131672_1767677400,1,49.989,86.0
135081_1767681000,1,28.841,20.0
135081_1767681300,1,-45.301,71.0
135081_1767681600,1,38.601,-36.0
135081_1767681900,1,37.844,-25.0
135081_1767682200,1,-21.271,-113.0
135081_1767682500,1,-95.06,-145.0
122048_1767682800,1,60.728,542.0
122048_1767683100,1,53.814,542.0
122048_1767683400,1,61.547,578.0
122048_1767683700,1,438.036,446.0
122048_1767684000,1,467.267,415.0
122048_1767684300,1,419.75,408.0
133957_1767686400,1,-9.485,9.0
133957_1767686700,1,-40.81,-42.0
133957_1767687000,1,25.607,3.0
133957_1767687300,1,50.634,79.0
133957_1767687600,1,-21.009,45.0
133957_1767687900,1,86.527,104.0
133957_1767688200,1,85.332,173.0
133957_1767688500,1,27.906,190.0
133957_1767688800,1,136.437,103.0
133957_1767689100,1,95.304,-9.0
133957_1767689400,1,64.438,-23.0
133957_1767689700,1,43.504,-32.0
130238_1767693600,1,3.859,0.0
130238_1767695100,1,29.043,-47.0
133300_1767695400,1,49.405,33.0
133300_1767695700,1,83.934,50.0
133300_1767696000,1,70.029,197.0
133300_1767696600,1,-22.735,-52.0
133300_1767696900,1,1.756,-52.0
135081_1767700800,1,-27.556,-128.0
135081_1767701100,1,-8.842,-93.0
135081_1767701400,1,-81.822,-122.0
135081_1767701700,1,-64.062,19.0
135081_1767702000,1,-28.657,9.0
135081_1767702300,1,-64.671,-39.0
131672_1767704400,1,73.126,94.0
131672_1767704700,1,-9.282,13.0
131672_1767705000,1,17.192,7.0
131672_1767705300,1,-16.773,-23.0
131672_1767705600,1,-1.96,24.0
131672_1767705900,1,3.687,9.0
122613_1767706200,1,8.514,0.0
122613_1767706500,1,29.177,0.0
122613_1767706800,1,-0.653,0.0
122613_1767707100,1,11.909,0.0
122613_1767707400,1,-2.364,0.0
122613_1767707700,1,-4.815,0.0
122048_1767708000,1,-2.367,0.0
122048_1767708300,1,-6.051,0.0
122048_1767709500,1,-21.859,-276.0
133957_1767710100,1,-27.754,102.0
133957_1767710400,1,8.684,98.0
133957_1767710700,1,88.982,157.0
133957_1767711000,1,91.675,144.0
133957_1767711300,1,83.685,104.0
122048_1767665400,2,19.427,-25.0
122048_1767665700,2,39.165,0.0
122048_1767666000,2,30.091,0.0
122048_1767666300,2,-25.284,0.0
122048_1767668400,2,9.887,0.0
122048_1767668700,2,9.209,0.0
122048_1767669000,2,12.006,0.0
122048_1767669300,2,6.515,0.0
122048_1767669600,2,-1.221,0.0
122048_1767669900,2,-3.275,0.0
133957_1767670200,2,77.603,133.0
129964_1767670200,2,48.747,74.0
129964_1767670500,2,2.885,61.0
133957_1767670500,2,14.52,55.0
132430_1767670500,2,29.171,215.0
129964_1767670800,2,98.999,-16.0
133957_1767670800,2,88.281,-10.0
132430_1767670800,2,7.447,162.0
133957_1767671100,2,26.257,-86.0
129964_1767671100,2,36.83,-55.0
132430_1767671100,2,68.307,137.0
129964_1767671400,2,44.812,22.0
132430_1767671400,2,192.932,244.0
133957_1767671400,2,-43.528,-86.0
132430_1767671700,2,151.475,324.0
133957_1767671700,2,-45.419,-40.0
129964_1767671700,2,14.385,-50.0
130238_1767672900,2,-2.149,-23.0
130238_1767673200,2,63.813,39.0
130238_1767673500,2,6.092,26.0
133957_1767673800,2,18.126,32.0
135081_1767673800,2,23.131,111.0
135081_1767674100,2,109.651,80.0
133957_1767674100,2,65.333,43.0
133957_1767674400,2,78.46,74.0
135081_1767674400,2,112.048,122.0
133957_1767674700,2,94.505,171.0
135081_1767674700,2,31.558,94.0
135081_1767675000,2,99.175,53.0
133957_1767675000,2,31.9,92.0
135081_1767675300,2,127.302,208.0
133957_1767675300,2,69.759,5.0
135081_1767675600,2,82.556,299.0
135081_1767675900,2,225.06,224.0
135081_1767676200,2,265.619,126.0
135081_1767676500,2,133.266,-30.0
122048_1767677400,2,-61.454,-65.0
133300_1767677400,2,12.218,87.0
134040_1767677400,2,95.844,71.0
122048_1767677700,2,-87.814,12.0
134040_1767677700,2,78.514,174.0
133300_1767677700,2,44.195,87.0
133300_1767678000,2,80.894,108.0
134040_1767678000,2,24.348,-25.0
122048_1767678000,2,-21.824,47.0
133300_1767678300,2,122.734,59.0
122048_1767678300,2,-29.383,124.0
133300_1767678600,2,158.612,40.0
122048_1767678600,2,-3.67,172.0
133300_1767678900,2,99.739,-2.0
122048_1767678900,2,48.002,140.0
129964_1767680400,2,-0.243,-51.0
129964_1767680700,2,-0.284,-106.0
122658_1767681000,2,186.59,181.0
133300_1767681000,2,36.568,12.0
133300_1767681300,2,92.25,-61.0
122658_1767681300,2,11.097,0.0
133300_1767681600,2,76.601,159.0
122658_1767681600,2,27.708,0.0
131672_1767681900,2,34.195,37.0
133300_1767681900,2,-16.626,79.0
122658_1767681900,2,10.044,0.0
133300_1767682200,2,18.193,79.0
131672_1767682200,2,51.753,13.0
122658_1767682200,2,6.565,0.0
133300_1767682500,2,30.275,173.0
131672_1767682500,2,56.318,16.0
122658_1767682500,2,2.367,0.0
132430_1767686400,2,74.078,30.0
132430_1767686700,2,66.192,53.0
132430_1767687000,2,-2.672,42.0
132430_1767687300,2,27.299,-108.0
132430_1767687600,2,-15.454,-132.0
132430_1767687900,2,-28.497,-101.0
130238_1767688200,2,94.555,27.0
132430_1767688200,2,-82.035,194.0
130238_1767688500,2,85.489,-8.0
132430_1767688500,2,-46.402,268.0
132430_1767688800,2,203.509,284.0
130238_1767688800,2,58.937,-92.0
132430_1767689100,2,130.325,163.0
130238_1767689100,2,2.218,-120.0
130238_1767689400,2,-54.561,37.0
132430_1767689400,2,226.254,85.0
130238_1767689700,2,-56.717,57.0
132430_1767689700,2,172.751,7.0
129964_1767690000,2,38.484,65.0
133300_1767690000,2,27.301,68.0
129964_1767690300,2,27.777,66.0
133300_1767690300,2,54.451,69.0
133300_1767690600,2,80.571,59.0
129964_1767690600,2,25.704,79.0
133300_1767690900,2,84.098,62.0
129964_1767690900,2,73.414,58.0
129964_1767691200,2,44.789,64.0
133300_1767691200,2,88.919,135.0
129964_1767691500,2,72.148,94.0
132430_1767695400,2,91.987,26.0
130238_1767695400,2,45.482,-12.0
122613_1767695400,2,11.819,123.0
132430_1767695700,2,131.814,30.0
130238_1767695700,2,45.134,2.0
122613_1767695700,2,56.54,61.0
132430_1767696000,2,-7.116,-71.0
130238_1767696000,2,-13.18,-34.0
132430_1767696300,2,32.899,221.0
130238_1767696300,2,4.305,10.0
132430_1767696600,2,29.071,264.0
130238_1767696600,2,-3.07,46.0
122613_1767696900,2,6.501,0.0
132430_1767696900,2,159.547,113.0
130238_1767696900,2,-56.609,29.0
129964_1767697200,2,44.51,133.0
129964_1767697500,2,34.061,75.0
129964_1767697800,2,69.645,26.0
129964_1767698100,2,72.082,10.0
129964_1767698400,2,49.485,14.0
129964_1767698700,2,-18.722,0.0
122658_1767700800,2,1.681,143.0
122658_1767701100,2,182.928,121.0
122658_1767701700,2,-46.493,0.0
122658_1767702000,2,-31.832,0.0
122658_1767702300,2,-7.176,0.0
133957_1767702600,2,23.649,172.0
133957_1767702900,2,36.092,97.0
133957_1767703200,2,62.576,101.0
133957_1767703500,2,118.898,161.0
133957_1767703800,2,45.29,40.0
133957_1767704100,2,121.999,139.0
129964_1767706200,2,-41.509,-50.0
129964_1767706500,2,14.506,-51.0
129964_1767706800,2,-16.377,-34.0
129964_1767707100,2,-44.849,25.0
129964_1767707400,2,-60.347,-62.0
129964_1767707700,2,-24.535,5.0
134040_1767709800,2,37.329,79.0
132430_1767709800,2,109.615,137.0
129964_1767709800,2,4.346,-69.0
129964_1767710100,2,-48.349,-42.0
134040_1767710100,2,-8.47,4.0
132430_1767710400,2,-13.559,23.0
134040_1767710400,2,63.142,68.0
129964_1767710400,2,-88.37,-145.0
134040_1767710700,2,64.347,87.0
132430_1767710700,2,-8.736,23.0
129964_1767710700,2,-69.261,-127.0
134040_1767711000,2,53.544,187.0
129964_1767711000,2,-76.285,-207.0
132430_1767711000,2,13.396,47.0
134040_1767711300,2,13.796,267.0
129964_1767711300,2,-47.799,-66.0
132430_1767711300,2,52.026,33.0
133300_1767712200,2,-1.419,-35.0
133300_1767712500,2,13.819,-35.0
133300_1767712800,2,23.478,36.0
133300_1767713100,2,10.354,-9.0
122613_1767713400,2,9.03,0.0
122658_1767713400,2,65.643,86.0
129964_1767713400,2,45.601,-129.0
122613_1767713700,2,3.245,0.0
129964_1767713700,2,-33.346,-33.0
122658_1767713700,2,55.948,159.0
122613_1767714000,2,5.971,0.0
122658_1767714000,2,86.444,225.0
129964_1767714000,2,-16.513,25.0
122613_1767714300,2,-0.581,0.0
129964_1767714300,2,3.504,8.0
122658_1767714300,2,66.062,348.0
129964_1767714600,2,-17.225,-49.0
122613_1767714600,2,-1.276,0.0
122658_1767714600,2,137.593,362.0
122613_1767714900,2,6.796,0.0
122658_1767714900,2,2.347,2.0
129964_1767714900,2,-4.989,-82.0
122613_1767715200,2,-2.37,0.0
122613_1767715500,2,-30.415,0.0
122613_1767715800,2,-13.981,-18.0
122613_1767716100,2,4.986,11.0
122613_1767716400,2,-49.962,-88.0
122613_1767716700,2,13.456,-27.0
129964_1767717300,2,-74.271,-111.0
129964_1767717600,2,-23.71,-126.0
129964_1767717900,2,10.487,38.0
129964_1767718200,2,-36.211,57.0
129964_1767718500,2,61.589,71.0
135081_1767718800,2,-92.578,-153.0
135081_1767719100,2,-25.002,-144.0
135081_1767719400,2,-20.229,-123.0
135081_1767719700,2,-99.355,-137.0
135081_1767720000,2,-123.972,-199.0
135081_1767720300,2,-116.765,-231.0
132430_1767722400,2,340.735,380.0
133300_1767722400,2,51.272,310.0
133300_1767722700,2,262.534,406.0
132430_1767722700,2,414.269,324.0
133300_1767723000,2,372.827,580.0
132430_1767723000,2,460.226,452.0
132430_1767723300,2,331.574,333.0
132430_1767723600,2,389.479,310.0
133300_1767723600,2,28.562,-5.0
132430_1767723900,2,415.005,285.0
134040_1767724200,2,371.391,465.0
134040_1767724500,2,370.644,409.0
131672_1767726900,2,12.909,-3.0
131672_1767727200,2,40.85,-9.0
131672_1767727500,2,150.958,163.0
132430_1767729600,2,48.007,21.0
132430_1767729900,2,43.677,177.0
132430_1767730200,2,10.375,173.0
132430_1767730500,2,66.451,146.0
132430_1767730800,2,187.639,234.0
132430_1767731100,2,179.71,277.0
133957_1767733200,2,31.599,59.0
133957_1767733500,2,13.645,28.0
133957_1767733800,2,-11.292,15.0
133957_1767734100,2,37.083,45.0
133957_1767734400,2,47.312,7.0
133957_1767734700,2,20.496,65.0
134040_1767736800,2,-2.335,0.0
134040_1767737100,2,-0.259,0.0
134040_1767737400,2,7.169,0.0
134040_1767737700,2,-0.92,0.0
134040_1767738000,2,0.571,0.0
134040_1767738300,2,-0.435,0.0
134494_1767738600,2,-1.9,0.0
134494_1767738900,2,0.69,0.0
134494_1767739200,2,-0.777,0.0
134494_1767739500,2,0.199,0.0
134494_1767739800,2,-1.895,0.0
134494_1767740100,2,-0.869,0.0
134494_1767742200,2,-2.526,0.0
134494_1767742500,2,-0.503,0.0
134494_1767742800,2,1.751,0.0
134494_1767743100,2,-1.232,0.0
122048_1767679200,2,90.499,154.0
122048_1767679500,2,143.477,55.0
122048_1767679800,2,93.528,59.0
135081_1767681000,2,36.873,20.0
135081_1767681300,2,-59.155,71.0
135081_1767681600,2,33.436,-36.0
135081_1767681900,2,32.572,-25.0
135081_1767682200,2,-32.111,-113.0
135081_1767682500,2,-79.9,-145.0
129964_1767688200,2,86.893,221.0
133957_1767688200,2,85.577,173.0
133957_1767688500,2,27.418,190.0
133957_1767688800,2,134.471,103.0
129964_1767688800,2,-5.189,-54.0
133957_1767689100,2,96.545,-9.0
129964_1767689100,2,-11.213,-78.0
129964_1767689400,2,93.284,36.0
133957_1767689400,2,54.081,-23.0
133957_1767689700,2,42.522,-32.0
129964_1767689700,2,5.344,81.0
130238_1767693600,2,-2.564,0.0
130238_1767695100,2,48.038,-47.0
135081_1767700800,2,-33.525,-128.0
135081_1767701100,2,-9.481,-93.0
135081_1767701400,2,-80.803,-122.0
135081_1767701700,2,-48.2,19.0
135081_1767702000,2,-36.197,9.0
135081_1767702300,2,-56.967,-39.0
133957_1767710100,2,-9.632,102.0
133957_1767710400,2,4.277,98.0
133957_1767710700,2,80.649,157.0
133957_1767711000,2,97.782,144.0
133957_1767711300,2,68.527,104.0
131672_1767715200,2,-58.666,-130.0
135081_1767715200,2,61.44,100.0
131672_1767715500,2,-60.526,-99.0
135081_1767715500,2,66.419,74.0
135081_1767715800,2,57.004,82.0
131672_1767715800,2,-82.692,-59.0
135081_1767716100,2,102.875,47.0
131672_1767716100,2,-72.71,-53.0
135081_1767716400,2,25.329,118.0
131672_1767716400,2,-50.205,-55.0
131672_1767716700,2,19.087,-74.0
135081_1767716700,2,52.539,137.0
133300_1767720600,2,32.463,99.0
133300_1767720900,2,76.953,154.0
133300_1767721200,2,92.507,113.0
134040_1767721500,2,18.753,7.0
133300_1767721500,2,-31.652,-28.0
133300_1767721800,2,5.945,-28.0
134040_1767721800,2,48.413,78.0
134040_1767722100,2,43.452,106.0
133300_1767722100,2,50.027,193.0
133957_1767722400,2,54.779,0.0
133957_1767722700,2,-13.163,-74.0
133957_1767723000,2,40.08,100.0
133957_1767723300,2,-21.276,89.0
133957_1767723600,2,121.317,114.0
133957_1767723900,2,73.267,163.0
135081_1767729600,2,11.714,24.0
135081_1767729900,2,5.447,206.0
135081_1767730200,2,69.866,197.0
135081_1767730500,2,188.587,234.0
131672_1767733200,2,-5.093,-15.0
131672_1767733500,2,-14.806,-60.0
131672_1767733800,2,30.48,-24.0
131672_1767734100,2,-8.483,-1.0
131672_1767734400,2,-34.407,26.0
131672_1767734700,2,-20.151,12.0
133957_1767666600,2,17.408,-32.0
133957_1767666900,2,12.513,-32.0
133957_1767667200,2,38.79,17.0
133957_1767667500,2,-7.596,-66.0
133957_1767667800,2,23.336,-74.0
133957_1767668100,2,38.421,-61.0
133957_1767668400,2,2.31,-34.0
133957_1767669300,2,36.584,46.0
133957_1767669600,2,41.272,58.0
133957_1767669900,2,48.811,40.0
134040_1767670200,2,66.333,110.0
134040_1767670500,2,101.025,129.0
134040_1767670800,2,107.328,132.0
134040_1767671100,2,151.751,60.0
134040_1767671400,2,60.025,43.0
134040_1767671700,2,37.429,-29.0
135081_1767672000,2,17.436,-33.0
132430_1767672000,2,203.706,364.0
135081_1767672300,2,5.667,-40.0
132430_1767672300,2,248.867,275.0
135081_1767672600,2,4.876,-145.0
132430_1767672600,2,252.535,322.0
132430_1767672900,2,211.917,130.0
135081_1767672900,2,-12.007,-98.0
132430_1767673200,2,270.474,129.0
135081_1767673200,2,-33.494,71.0
132430_1767673500,2,187.093,265.0
135081_1767673500,2,-93.272,64.0
131672_1767673800,2,-12.521,-73.0
131672_1767674100,2,-0.639,121.0
131672_1767674400,2,-16.309,145.0
131672_1767674700,2,22.625,125.0
131672_1767675000,2,117.297,166.0
131672_1767675300,2,81.697,88.0
130238_1767677400,2,35.012,-50.0
130238_1767677700,2,12.27,-47.0
130238_1767678000,2,71.524,-45.0
130238_1767678300,2,-35.647,-142.0
132430_1767682800,2,33.158,267.0
122658_1767682800,2,-1.13,0.0
132430_1767683100,2,-21.659,408.0
122658_1767683100,2,0.227,0.0
122658_1767683400,2,34.843,-11.0
132430_1767683400,2,234.067,270.0
122658_1767683700,2,22.487,96.0
132430_1767683700,2,227.2,163.0
122658_1767684000,2,52.92,58.0
132430_1767684000,2,198.835,246.0
122658_1767684300,2,26.348,118.0
132430_1767684300,2,197.554,230.0
130238_1767684300,2,33.114,16.0
131672_1767684600,2,-18.699,-63.0
135081_1767684600,2,-95.081,-78.0
122048_1767684600,2,322.625,350.0
131672_1767684900,2,-12.565,-96.0
135081_1767684900,2,-62.95,-28.0
122048_1767684900,2,326.12,304.0
135081_1767685200,2,-15.82,59.0
122048_1767685200,2,306.55,183.0
131672_1767685200,2,-6.632,-126.0
122048_1767685500,2,323.557,141.0
135081_1767685500,2,-12.424,275.0
135081_1767685800,2,71.951,288.0
122048_1767685800,2,158.141,45.0
135081_1767686100,2,230.533,247.0
122048_1767686100,2,72.6,-35.0
134040_1767690000,2,32.261,159.0
130238_1767690000,2,3.665,40.0
130238_1767690300,2,80.96,49.0
134040_1767690300,2,53.502,-28.0
130238_1767690600,2,60.197,57.0
130238_1767691200,2,-17.376,0.0
130238_1767691500,2,-28.453,0.0
133957_1767691800,2,-13.432,48.0
133957_1767692100,2,17.362,50.0
133957_1767692400,2,38.726,223.0
133957_1767692700,2,59.267,191.0
133957_1767693000,2,112.896,80.0
133957_1767693300,2,61.216,23.0
132430_1767693600,2,53.439,132.0
132430_1767693900,2,51.685,33.0
132430_1767694200,2,9.366,90.0
132430_1767694500,2,35.488,144.0
132430_1767694800,2,16.324,233.0
132430_1767695100,2,73.471,116.0
132430_1767697200,2,99.976,17.0
133957_1767697200,2,102.489,64.0
133957_1767697500,2,56.417,3.0
132430_1767697500,2,55.12,86.0
133957_1767697800,2,42.547,18.0
132430_1767697800,2,68.291,70.0
132430_1767698100,2,81.485,49.0
133957_1767698100,2,28.879,-47.0
132430_1767698400,2,73.0,49.0
133957_1767698400,2,2.551,-69.0
133957_1767698700,2,-64.985,-145.0
133957_1767699000,2,-51.615,-96.0
135081_1767699000,2,166.134,28.0
122613_1767699000,2,6.253,0.0
122613_1767699300,2,-5.697,0.0
133957_1767699300,2,-97.211,-249.0
135081_1767699300,2,133.015,45.0
133957_1767699600,2,-145.135,-254.0
135081_1767699600,2,62.885,55.0
122613_1767699600,2,-19.205,-145.0
135081_1767699900,2,19.4,36.0
133957_1767699900,2,-150.061,-158.0
122613_1767699900,2,-10.367,-230.0
133957_1767700200,2,-6.749,80.0
135081_1767700200,2,-19.116,-24.0
122613_1767700200,2,5.557,-116.0
133957_1767700500,2,-27.222,42.0
122613_1767700500,2,-42.32,-79.0
135081_1767700500,2,-54.903,-98.0
122048_1767700800,2,11.759,374.0
122048_1767701100,2,237.602,312.0
122048_1767701400,2,289.874,354.0
122048_1767701700,2,311.28,273.0
122048_1767702000,2,250.21,252.0
122048_1767702300,2,245.805,158.0
122048_1767702600,2,195.663,144.0
122048_1767702900,2,223.905,138.0
122048_1767703200,2,104.908,87.0
122048_1767703500,2,84.74,84.0
122048_1767703800,2,47.362,84.0
122048_1767704100,2,55.191,0.0
132430_1767704700,2,-83.214,16.0
132430_1767705000,2,-6.996,16.0
132430_1767705300,2,-7.698,17.0
132430_1767705600,2,42.453,77.0
132430_1767705900,2,18.256,57.0
122048_1767706200,2,5.484,0.0
122048_1767706500,2,7.689,0.0
122048_1767706800,2,9.284,0.0
122048_1767707100,2,-7.517,0.0
122048_1767707400,2,4.513,0.0
122048_1767707700,2,3.499,0.0
135081_1767709800,2,-16.313,-84.0
135081_1767710100,2,-11.888,-126.0
135081_1767710400,2,-38.428,-128.0
135081_1767710700,2,-114.575,-145.0
135081_1767711000,2,-75.935,-175.0
135081_1767711300,2,-89.09,-168.0
132430_1767711600,2,51.95,171.0
134040_1767711600,2,75.424,199.0
134040_1767711900,2,212.802,181.0
132430_1767711900,2,70.502,384.0
132430_1767712200,2,119.244,291.0
134040_1767712200,2,190.873,202.0
132430_1767712500,2,158.349,226.0
134040_1767712500,2,152.085,199.0
134040_1767712800,2,59.914,183.0
132430_1767712800,2,250.037,258.0
134040_1767713100,2,96.149,91.0
132430_1767713100,2,225.676,199.0
130238_1767713400,2,8.332,-99.0
130238_1767713700,2,-96.21,-47.0
130238_1767714000,2,-68.936,-41.0
130238_1767714300,2,-24.792,-45.0
130238_1767714600,2,-66.366,-30.0
130238_1767714900,2,-17.377,-78.0
122048_1767715200,2,10.754,0.0
130238_1767715200,2,-42.498,-97.0
122048_1767715500,2,7.29,0.0
122048_1767715800,2,6.665,0.0
122048_1767716100,2,6.42,0.0
122048_1767716400,2,3.389,0.0
133957_1767716400,2,89.596,115.0
130238_1767716400,2,59.32,98.0
133957_1767716700,2,99.378,104.0
130238_1767716700,2,29.605,9.0
122048_1767716700,2,-8.768,0.0
130238_1767717000,2,44.334,-55.0
135081_1767717000,2,97.123,92.0
135081_1767717300,2,55.675,-22.0
130238_1767717300,2,51.802,-41.0
130238_1767717600,2,-9.82,-57.0
135081_1767717600,2,56.08,-133.0
135081_1767717900,2,7.695,-127.0
130238_1767717900,2,-33.807,-92.0
130238_1767718200,2,-31.142,-38.0
135081_1767718200,2,-65.136,-51.0
135081_1767718500,2,-66.383,-77.0
130238_1767718500,2,-29.531,-3.0
129964_1767718800,2,84.604,39.0
129964_1767719100,2,-1.34,-44.0
129964_1767719400,2,-19.006,-130.0
129964_1767719700,2,-7.483,-135.0
129964_1767720000,2,-52.094,-14.0
129964_1767720300,2,-75.481,-105.0
122658_1767720600,2,14.813,0.0
130238_1767720600,2,52.996,-64.0
133957_1767720900,2,-10.857,67.0
130238_1767720900,2,64.894,-125.0
122658_1767720900,2,11.475,0.0
130238_1767721200,2,65.332,-103.0
133957_1767721200,2,43.701,28.0
122658_1767721200,2,9.993,0.0
130238_1767721500,2,-14.642,-170.0
133957_1767721500,2,46.932,83.0
133957_1767721800,2,58.499,-28.0
133957_1767722100,2,38.878,-73.0
131672_1767727800,2,71.75,302.0
131672_1767728100,2,97.966,382.0
131672_1767728400,2,228.709,359.0
131672_1767728700,2,340.101,492.0
133957_1767729000,2,71.392,39.0
131672_1767729000,2,369.239,533.0
131672_1767729300,2,436.882,478.0
133957_1767729300,2,110.929,171.0
131672_1767729600,2,478.88,557.0
133957_1767731400,2,14.93,46.0
130072_1767731400,2,74.154,49.0
133957_1767731700,2,107.06,116.0
130072_1767731700,2,-19.547,78.0
130072_1767732000,2,40.484,158.0
133957_1767732000,2,60.845,129.0
130072_1767732300,2,26.717,161.0
133957_1767732600,2,-47.636,39.0
135081_1767732600,2,-9.197,79.0
130072_1767732600,2,180.677,226.0
133957_1767732900,2,-9.029,-49.0
130072_1767732900,2,178.967,187.0
135081_1767732900,2,9.044,136.0
130072_1767733200,2,109.681,125.0
130072_1767733500,2,74.11,125.0
130072_1767733800,2,85.123,168.0
130072_1767734100,2,82.237,195.0
130072_1767734400,2,37.315,163.0
130072_1767734700,2,-6.854,0.0
133957_1767736800,2,8.811,32.0
133957_1767737100,2,37.898,-8.0
133957_1767737400,2,75.536,27.0
133957_1767737700,2,28.462,-22.0
134494_1767738000,2,17.375,0.0
133957_1767738000,2,6.644,-77.0
134494_1767738300,2,0.188,0.0
134040_1767738600,2,-0.427,0.0
134040_1767738900,2,-4.013,0.0
134040_1767739200,2,-9.989,0.0
134040_1767739500,2,2.295,0.0
134040_1767739800,2,-14.906,0.0
134040_1767740100,2,7.016,0.0
134040_1767673800,2,106.369,332.0
134040_1767674100,2,128.172,369.0
134040_1767674400,2,259.04,362.0
134040_1767674700,2,300.718,317.0
134040_1767675000,2,262.103,253.0
134040_1767675300,2,99.753,100.0
134040_1767675600,2,117.058,83.0
134040_1767675900,2,72.337,117.0
134040_1767676200,2,102.926,188.0
134040_1767676500,2,85.061,165.0
134040_1767676800,2,79.92,116.0
134040_1767677100,2,96.778,112.0
131672_1767677400,2,49.094,86.0
133300_1767679200,2,69.871,65.0
133300_1767679800,2,17.849,-49.0
133300_1767680100,2,41.389,-49.0
133300_1767680400,2,53.361,-42.0
133300_1767680700,2,2.25,26.0
132430_1767690000,2,101.009,-66.0
132430_1767690300,2,16.117,-139.0
133300_1767691800,2,17.335,-58.0
133300_1767692100,2,-47.242,-58.0
133300_1767692400,2,-3.033,-31.0
133300_1767692700,2,-14.577,-41.0
133300_1767693000,2,-22.653,-24.0
133300_1767693300,2,10.759,47.0
122658_1767695700,2,26.618,9.0
122658_1767696000,2,37.713,100.0
122658_1767696300,2,42.346,271.0
122658_1767696600,2,36.868,376.0
122658_1767696900,2,93.541,318.0
131672_1767704400,2,74.336,94.0
131672_1767704700,2,-26.802,13.0
131672_1767705000,2,13.65,7.0
131672_1767705300,2,-16.062,-23.0
131672_1767705600,2,-14.512,24.0
131672_1767705900,2,14.13,9.0
135081_1767706200,2,56.467,155.0
135081_1767706500,2,70.861,156.0
135081_1767706800,2,126.705,113.0
135081_1767707100,2,122.472,130.0
135081_1767707400,2,190.982,247.0
135081_1767707700,2,117.651,113.0
122048_1767708000,2,2.376,0.0
122048_1767708300,2,1.446,0.0
122048_1767709500,2,-25.266,-276.0
134040_1767730500,2,81.66,121.0
134040_1767730800,2,95.893,191.0
134040_1767731100,2,152.191,150.0
134494_1767740400,2,-1.042,0.0
134494_1767740700,2,-2.86,0.0
134494_1767741000,2,-1.001,0.0
134494_1767741300,2,-1.574,0.0
134494_1767741600,2,-3.062,0.0
134494_1767741900,2,-1.346,0.0
122048_1767666600,2,-24.895,0.0
132430_1767666900,2,32.375,46.0
122048_1767666900,2,-28.142,0.0
132430_1767667200,2,38.931,102.0
122048_1767667200,2,4.271,0.0
132430_1767667500,2,37.613,-23.0
122048_1767667500,2,-0.785,0.0
122048_1767667800,2,-4.298,0.0
132430_1767667800,2,94.975,-2.0
132430_1767668100,2,46.62,27.0
122048_1767668100,2,-5.719,0.0
133957_1767675600,2,39.498,-10.0
122048_1767675600,2,4.103,-68.0
122048_1767675900,2,-14.254,-86.0
133957_1767675900,2,5.934,-32.0
133957_1767676200,2,-7.72,95.0
122048_1767676200,2,-18.993,25.0
122048_1767676500,2,12.892,-41.0
133957_1767676500,2,-26.957,61.0
122048_1767676800,2,8.188,-163.0
133957_1767676800,2,-21.087,7.0
122048_1767677100,2,11.644,-177.0
133957_1767677100,2,73.249,-94.0
133957_1767677400,2,2.175,-91.0
132430_1767679800,2,18.098,73.0
132430_1767680100,2,48.874,73.0
132430_1767680400,2,48.943,-15.0
132430_1767680700,2,67.346,-42.0
132430_1767681000,2,68.893,32.0
130238_1767681000,2,22.948,0.0
132430_1767681300,2,10.61,126.0
130238_1767681300,2,7.891,0.0
130238_1767681600,2,14.376,0.0
132430_1767681600,2,-29.626,65.0
130238_1767681900,2,-11.722,0.0
132430_1767681900,2,1.022,-62.0
132430_1767682200,2,97.931,-16.0
132430_1767682500,2,16.201,248.0
133957_1767682800,2,-30.578,-74.0
133300_1767682800,2,95.404,135.0
129964_1767682800,2,130.053,70.0
133957_1767683100,2,12.193,-8.0
133300_1767683100,2,215.822,169.0
129964_1767683100,2,130.121,154.0
129964_1767683400,2,82.187,81.0
133300_1767683400,2,157.525,166.0
129964_1767683700,2,107.201,145.0
133300_1767683700,2,145.903,240.0
133957_1767683700,2,-18.32,10.0
133957_1767684000,2,20.617,33.0
133300_1767684000,2,39.341,116.0
129964_1767684000,2,75.301,134.0
133300_1767684300,2,33.481,116.0
133957_1767684300,2,55.599,71.0
122658_1767684600,2,95.455,97.0
133300_1767684600,2,92.973,214.0
133300_1767684900,2,103.232,244.0
122658_1767684900,2,111.523,97.0
133300_1767685200,2,230.885,255.0
122658_1767685200,2,13.065,0.0
122658_1767685500,2,27.495,0.0
133300_1767685500,2,260.636,286.0
133300_1767685800,2,211.526,404.0
122658_1767685800,2,12.536,0.0
122658_1767686100,2,-4.46,0.0
133300_1767686400,2,52.714,-26.0
122658_1767688200,2,32.424,137.0
122658_1767688500,2,21.337,-33.0
122658_1767688800,2,84.383,-34.0
122658_1767689100,2,-38.909,-34.0
122658_1767689400,2,-33.357,-34.0
133300_1767689400,2,6.332,9.0
122658_1767689700,2,-43.801,-34.0
133300_1767689700,2,19.997,9.0
122048_1767690000,2,77.243,73.0
122048_1767690300,2,37.596,-33.0
129964_1767691800,2,54.999,42.0
122048_1767691800,2,11.047,233.0
129964_1767692100,2,27.328,16.0
122048_1767692100,2,20.68,200.0
129964_1767692400,2,49.129,106.0
122048_1767692400,2,-7.266,91.0
122048_1767692700,2,111.639,-63.0
122048_1767693000,2,38.429,-67.0
132430_1767693300,2,16.782,132.0
122048_1767693300,2,-90.901,-115.0
135081_1767697800,2,32.232,77.0
135081_1767698100,2,54.249,95.0
135081_1767698400,2,93.009,135.0
135081_1767698700,2,74.366,126.0
133300_1767702600,2,78.185,47.0
133300_1767702900,2,51.248,95.0
131672_1767703200,2,38.405,17.0
133300_1767703200,2,96.001,322.0
131672_1767703500,2,48.826,76.0
131672_1767703800,2,41.883,53.0
133300_1767703800,2,-21.628,-25.0
131672_1767704100,2,82.466,192.0
122048_1767704400,2,47.815,0.0
122048_1767704700,2,47.775,0.0
122048_1767705000,2,-9.228,0.0
122048_1767705300,2,-5.234,0.0
133957_1767705600,2,34.477,113.0
122048_1767705600,2,-5.373,0.0
122613_1767705900,2,-13.154,0.0
133957_1767705900,2,55.836,123.0
122048_1767705900,2,-3.182,0.0
132430_1767706200,2,40.262,196.0
134040_1767706200,2,53.527,123.0
134040_1767706500,2,60.409,172.0
132430_1767706500,2,85.865,103.0
134040_1767706800,2,99.844,317.0
132430_1767706800,2,63.656,53.0
134040_1767707100,2,109.621,231.0
132430_1767707100,2,114.476,78.0
134040_1767707400,2,125.074,234.0
132430_1767707400,2,36.25,39.0
134040_1767707700,2,181.186,200.0
132430_1767707700,2,95.844,58.0
133957_1767708000,2,178.934,253.0
129964_1767708000,2,20.152,-6.0
122613_1767708000,2,1.302,0.0
133957_1767708300,2,139.283,180.0
122613_1767708300,2,2.512,0.0
129964_1767708600,2,-97.7,-114.0
122613_1767708600,2,-26.269,-77.0
131672_1767708600,2,64.24,60.0
133957_1767708600,2,183.906,238.0
131672_1767708900,2,85.959,90.0
122613_1767708900,2,-28.488,0.0
129964_1767708900,2,-9.662,-106.0
133957_1767708900,2,194.028,170.0
122613_1767709200,2,-7.641,0.0
133957_1767709200,2,89.234,81.0
131672_1767709200,2,83.831,91.0
129964_1767709200,2,47.594,-77.0
131672_1767709500,2,108.702,115.0
122613_1767709500,2,-17.408,0.0
129964_1767709500,2,-43.441,-93.0
122613_1767709800,2,-25.959,0.0
122613_1767710100,2,-11.694,0.0
122613_1767710400,2,-17.899,0.0
122613_1767710700,2,10.249,0.0
122613_1767711000,2,-7.367,0.0
122613_1767711300,2,17.424,0.0
122658_1767713100,2,59.422,27.0
122658_1767715200,2,52.685,0.0
122658_1767715500,2,27.272,0.0
122658_1767715800,2,-2.208,0.0
122658_1767716100,2,-0.372,0.0
122658_1767716400,2,-0.095,0.0
122658_1767716700,2,-1.427,0.0
122048_1767720600,2,-15.807,-32.0
129964_1767720600,2,-59.399,-10.0
135081_1767720600,2,-0.599,-180.0
122048_1767720900,2,-53.801,-32.0
135081_1767720900,2,-83.725,-34.0
129964_1767720900,2,-67.942,49.0
122048_1767721200,2,31.247,-108.0
135081_1767721200,2,-14.859,4.0
135081_1767721500,2,-28.009,12.0
122048_1767721500,2,-52.914,-141.0
122048_1767721800,2,-63.447,-174.0
135081_1767721800,2,17.418,48.0
122048_1767722100,2,-67.377,-157.0
122048_1767722400,2,-89.95,-146.0
122048_1767722700,2,-93.003,-104.0
122048_1767723000,2,-69.601,-70.0
122048_1767723300,2,-13.52,48.0
122048_1767723600,2,49.908,66.0
122048_1767723900,2,129.398,50.0
132430_1767724200,2,301.967,309.0
122048_1767724200,2,104.138,35.0
122048_1767724500,2,78.008,133.0
132430_1767724500,2,304.331,299.0
132430_1767724800,2,247.948,45.0
122048_1767724800,2,36.111,250.0
132430_1767725100,2,181.565,45.0
122048_1767725100,2,182.026,274.0
132430_1767725400,2,156.237,-1.0
122048_1767725400,2,352.167,356.0
122048_1767725700,2,306.808,417.0
132430_1767725700,2,66.597,27.0
135081_1767726000,2,241.832,311.0
135081_1767726300,2,287.752,146.0
135081_1767726600,2,220.569,53.0
135081_1767726900,2,143.448,-68.0
135081_1767727200,2,132.924,-32.0
135081_1767727500,2,38.631,-15.0
122048_1767728700,2,-62.473,-348.0
122048_1767729000,2,-35.821,-142.0
122048_1767729300,2,0.589,36.0
131672_1767732000,2,221.803,32.0
131672_1767732300,2,228.615,16.0
131672_1767732600,2,291.417,34.0
131672_1767732900,2,50.972,41.0
122048_1767733200,2,6.083,0.0
132430_1767733200,2,285.95,153.0
122048_1767733500,2,11.477,0.0
132430_1767733500,2,284.25,168.0
122048_1767733800,2,8.954,0.0
132430_1767733800,2,186.379,179.0
122048_1767734100,2,1.273,0.0
132430_1767734100,2,179.205,96.0
122048_1767734400,2,-10.383,0.0
122048_1767734700,2,8.615,0.0
135081_1767736800,2,-130.693,-98.0
135081_1767737100,2,-90.44,37.0
135081_1767737400,2,-56.112,13.0
135081_1767737700,2,42.383,172.0
135081_1767738000,2,34.537,87.0
135081_1767738300,2,90.42,73.0
134040_1767740400,2,-3.126,0.0
134040_1767740700,2,-2.183,0.0
131672_1767666900,2,3.6,79.0
131672_1767667200,2,-13.933,79.0
131672_1767667500,2,22.97,212.0
131672_1767667800,2,111.638,312.0
131672_1767668100,2,198.905,273.0
134040_1767668400,2,53.427,71.0
134040_1767668700,2,58.772,136.0
134040_1767669000,2,55.61,119.0
134040_1767669300,2,110.39,151.0
134040_1767669600,2,114.054,128.0
134040_1767669900,2,88.369,158.0
130238_1767675900,2,53.924,37.0
130238_1767676200,2,43.665,56.0
130238_1767676500,2,68.792,76.0
130238_1767676800,2,35.74,-9.0
130238_1767677100,2,66.833,38.0
122048_1767682800,2,36.503,542.0
122048_1767683100,2,39.87,542.0
122048_1767683400,2,55.963,578.0
122048_1767683700,2,440.43,446.0
122048_1767684000,2,487.247,415.0
122048_1767684300,2,441.247,408.0
131672_1767691800,2,-36.835,-92.0
122613_1767702600,2,24.79,64.0
122613_1767702900,2,70.308,64.0
134040_1767708000,2,92.346,60.0
134040_1767708300,2,86.061,25.0
134040_1767708600,2,74.027,61.0
134040_1767708900,2,63.82,61.0
134040_1767709200,2,78.064,81.0
134040_1767709500,2,57.461,56.0
122613_1767711600,2,35.505,0.0
122613_1767711900,2,9.782,0.0
122613_1767712500,2,-52.768,0.0
122613_1767712800,2,-33.096,0.0
122613_1767713100,2,-25.407,0.0
133300_1767717000,2,-46.984,-12.0
133957_1767717000,2,116.521,134.0
133957_1767717300,2,115.401,71.0
133300_1767717300,2,-16.931,-28.0
133957_1767717600,2,40.07,37.0
133300_1767717600,2,-8.114,-46.0
133957_1767717900,2,123.963,-25.0
133300_1767717900,2,57.487,25.0
133957_1767718200,2,70.487,-42.0
133300_1767718200,2,44.388,26.0
133300_1767718500,2,73.146,129.0
133957_1767718500,2,-2.089,-28.0
132430_1767720600,2,89.655,141.0
132430_1767720900,2,113.532,216.0
132430_1767721200,2,170.606,309.0
132430_1767721500,2,198.012,359.0
132430_1767721800,2,299.791,295.0
132430_1767722100,2,308.888,393.0
135081_1767724500,2,94.142,112.0
135081_1767724800,2,115.453,246.0
135081_1767725100,2,97.552,166.0
135081_1767725400,2,200.468,241.0
135081_1767725700,2,243.832,313.0
130072_1767738600,2,-9.536,0.0
130072_1767738900,2,-0.921,0.0
129964_1767666600,2,-45.372,44.0
129964_1767666900,2,-50.869,16.0
129964_1767667200,2,-3.993,-27.0
129964_1767667500,2,54.675,2.0
129964_1767667800,2,4.991,-70.0
134040_1767667800,2,36.012,20.0
129964_1767668100,2,-22.817,-76.0
134040_1767668100,2,59.549,93.0
132430_1767668400,2,78.159,22.0
132430_1767668700,2,18.155,74.0
132430_1767669000,2,9.074,1.0
132430_1767669300,2,163.232,4.0
132430_1767669600,2,42.23,84.0
132430_1767669900,2,13.32,58.0
129964_1767672000,2,24.793,-7.0
129964_1767672300,2,12.904,-9.0
129964_1767672900,2,-22.591,-29.0
129964_1767673200,2,34.917,-57.0
129964_1767673500,2,64.682,19.0
129964_1767673800,2,45.693,-15.0
129964_1767674100,2,88.424,72.0
129964_1767674400,2,17.432,95.0
129964_1767674700,2,3.914,46.0
129964_1767675000,2,30.378,38.0
129964_1767675300,2,54.599,105.0
129964_1767675600,2,29.315,46.0
129964_1767675900,2,56.829,20.0
129964_1767676200,2,43.086,91.0
134040_1767679800,2,7.621,23.0
134040_1767680100,2,47.86,26.0
134040_1767680400,2,27.724,-52.0
134040_1767680700,2,7.107,-87.0
129964_1767681000,2,30.904,7.0
129964_1767681300,2,7.236,47.0
129964_1767681600,2,1.937,39.0
129964_1767681900,2,17.205,148.0
129964_1767682200,2,34.655,188.0
129964_1767682500,2,78.535,84.0
131672_1767682800,2,26.67,-48.0
131672_1767683100,2,-12.815,-52.0
131672_1767683400,2,-40.071,-178.0
131672_1767683700,2,-52.755,-200.0
131672_1767684000,2,-65.311,-74.0
131672_1767684300,2,-23.94,24.0
129964_1767684600,2,-4.886,-29.0
129964_1767684900,2,0.47,-70.0
129964_1767685200,2,87.126,-34.0
129964_1767685500,2,61.321,-4.0
129964_1767685800,2,36.974,17.0
129964_1767686100,2,22.705,162.0
130238_1767686400,2,153.531,107.0
122048_1767686400,2,77.65,-43.0
130238_1767686700,2,167.467,1.0
122048_1767686700,2,8.433,-49.0
122048_1767687000,2,-16.441,104.0
122048_1767687300,2,38.034,99.0
122048_1767687600,2,69.41,49.0
122048_1767687900,2,121.914,80.0
122048_1767688200,2,38.373,68.0
134040_1767688200,2,20.844,154.0
122048_1767688500,2,72.558,49.0
134040_1767688500,2,74.468,141.0
122048_1767688800,2,74.577,76.0
134040_1767688800,2,30.727,128.0
134040_1767689100,2,21.612,26.0
122048_1767689100,2,3.554,94.0
134040_1767689400,2,26.642,94.0
122048_1767689400,2,32.814,121.0
122048_1767689700,2,17.513,116.0
134040_1767689700,2,41.504,46.0
122658_1767690000,2,-36.879,-34.0
122658_1767690300,2,-31.352,-34.0
122658_1767690600,2,-31.789,-34.0
122658_1767690900,2,-26.964,-34.0
130238_1767691800,2,-9.512,0.0
130238_1767692100,2,-3.959,0.0
130238_1767692400,2,-2.657,0.0
130238_1767692700,2,-17.073,0.0
130238_1767693000,2,-3.825,0.0
130238_1767693300,2,-13.796,0.0
122613_1767693600,2,-152.333,-180.0
122048_1767693600,2,-69.709,-142.0
133957_1767693600,2,73.902,-24.0
122613_1767693900,2,-115.67,-108.0
122048_1767693900,2,-128.552,-110.0
133957_1767693900,2,43.297,13.0
122613_1767694200,2,-127.58,-140.0
122048_1767694200,2,-60.386,-50.0
133957_1767694200,2,10.232,21.0
122613_1767694500,2,-100.663,-70.0
133957_1767694500,2,-48.274,-22.0
122048_1767694500,2,-50.092,-184.0
133957_1767694800,2,26.891,24.0
122048_1767694800,2,-131.511,-250.0
122613_1767694800,2,-62.633,-38.0
122613_1767695100,2,-29.798,30.0
122048_1767695100,2,-154.208,-359.0
133957_1767695100,2,-17.804,-17.0
133300_1767697200,2,30.12,49.0
130238_1767697200,2,42.3,40.0
130238_1767697500,2,35.542,32.0
133300_1767697500,2,-12.723,77.0
133300_1767697800,2,31.807,65.0
133300_1767698100,2,48.388,151.0
133300_1767698400,2,88.441,225.0
132430_1767699000,2,8.171,14.0
131672_1767699000,2,44.436,4.0
132430_1767699300,2,28.208,14.0
131672_1767699300,2,24.713,40.0
131672_1767699600,2,-3.642,-28.0
132430_1767699600,2,47.779,-87.0
132430_1767699900,2,35.508,-110.0
131672_1767699900,2,-68.93,-29.0
131672_1767700200,2,11.018,-23.0
132430_1767700200,2,-5.381,-136.0
132430_1767700500,2,-119.471,-6.0
131672_1767700500,2,-11.746,-47.0
131672_1767700800,2,-64.727,-105.0
131672_1767701100,2,-59.183,-83.0
131672_1767701400,2,-26.476,-207.0
122658_1767702600,2,0.003,0.0
122658_1767702900,2,-2.381,0.0
134040_1767703200,2,-52.104,-35.0
122658_1767703200,2,-2.235,0.0
134040_1767703500,2,41.833,-35.0
122658_1767703500,2,1.396,0.0
122658_1767703800,2,4.918,103.0
134040_1767703800,2,55.526,52.0
122658_1767704100,2,6.677,252.0
134040_1767704100,2,56.527,87.0
135081_1767704400,2,-3.452,11.0
122658_1767704400,2,57.75,289.0
129964_1767704400,2,-38.361,-106.0
122658_1767704700,2,48.46,321.0
129964_1767704700,2,0.082,-150.0
122658_1767705000,2,317.267,406.0
129964_1767705000,2,0.179,-165.0
129964_1767705300,2,-37.406,-95.0
129964_1767705600,2,-54.915,11.0
122658_1767705600,2,47.953,0.0
129964_1767705900,2,-127.653,-32.0
122658_1767705900,2,3.604,0.0
135081_1767705900,2,46.276,79.0
132430_1767708000,2,123.266,192.0
135081_1767708000,2,197.346,19.0
132430_1767708300,2,32.655,68.0
135081_1767708300,2,32.986,-36.0
135081_1767708600,2,30.48,-19.0
132430_1767708600,2,29.619,-7.0
132430_1767708900,2,60.523,115.0
135081_1767708900,2,-5.028,-17.0
132430_1767709200,2,58.348,98.0
135081_1767709200,2,-74.688,-17.0
132430_1767709500,2,115.506,158.0
135081_1767709500,2,-94.899,-102.0
131672_1767711600,2,-46.455,-47.0
133957_1767711600,2,151.288,26.0
133957_1767711900,2,122.7,17.0
131672_1767711900,2,-30.674,-52.0
133957_1767712200,2,57.657,28.0
133957_1767712500,2,16.618,-36.0
133957_1767712800,2,-28.766,-93.0
133957_1767713100,2,-25.946,74.0
133957_1767713400,2,-54.554,75.0
133957_1767713700,2,-18.534,-11.0
132430_1767715200,2,320.434,485.0
133300_1767715200,2,38.515,22.0
132430_1767715500,2,325.899,483.0
133300_1767715500,2,41.261,-24.0
133300_1767715800,2,26.217,-87.0
133300_1767716100,2,-20.199,-38.0
133300_1767716400,2,-4.436,207.0
122658_1767717000,2,-12.567,0.0
122658_1767717600,2,-28.331,-46.0
122658_1767717900,2,29.488,38.0
122658_1767718200,2,25.519,39.0
122658_1767718500,2,46.461,63.0
130238_1767718800,2,-68.457,-85.0
133300_1767718800,2,52.584,231.0
130238_1767719100,2,-44.178,99.0
130238_1767719400,2,-63.031,160.0
133300_1767719400,2,-20.365,-24.0
130238_1767719700,2,-4.824,134.0
133300_1767719700,2,-5.657,22.0
133300_1767720000,2,61.148,-46.0
130238_1767720000,2,99.564,35.0
133300_1767720300,2,52.788,-26.0
130238_1767720300,2,55.696,41.0
134040_1767722400,2,56.576,107.0
134040_1767722700,2,95.684,295.0
134040_1767723000,2,148.005,407.0
134040_1767723300,2,161.692,342.0
134040_1767723600,2,370.031,401.0
134040_1767723900,2,317.299,487.0
122048_1767726000,2,363.499,481.0
122048_1767726300,2,378.262,523.0
122048_1767727200,2,167.17,-54.0
133957_1767735000,2,-43.043,21.0
130072_1767735000,2,-18.239,0.0
130072_1767735300,2,-19.219,0.0
133957_1767735300,2,50.889,50.0
133957_1767735600,2,44.52,77.0
130072_1767735600,2,-3.598,0.0
130072_1767735900,2,0.867,0.0
130072_1767736200,2,3.435,0.0
130072_1767736500,2,-0.105,0.0
132430_1767742200,2,126.091,74.0
132430_1767743400,2,92.764,91.0
132430_1767743700,2,91.309,154.0
129964_1767665100,2,17.92,-45.0
129964_1767665400,2,44.839,-37.0
129964_1767665700,2,45.53,-63.0
129964_1767666000,2,1.975,-113.0
129964_1767666300,2,16.521,-3.0
129964_1767668400,2,-14.462,-26.0
131672_1767668400,2,213.364,220.0
131672_1767668700,2,280.073,407.0
129964_1767669000,2,-56.044,-51.0
131672_1767669000,2,225.307,408.0
129964_1767669300,2,8.409,-40.0
131672_1767669300,2,297.959,322.0
131672_1767669600,2,312.683,294.0
129964_1767669600,2,53.19,-21.0
129964_1767669900,2,49.929,10.0
132430_1767673800,2,86.673,137.0
132430_1767674100,2,135.626,35.0
132430_1767674400,2,142.947,161.0
132430_1767674700,2,60.45,145.0
132430_1767675000,2,167.906,118.0
132430_1767675300,2,99.673,0.0
134040_1767682800,2,-42.045,72.0
134040_1767683100,2,67.089,131.0
134040_1767683400,2,-10.897,29.0
134040_1767683700,2,27.284,-62.0
134040_1767684000,2,43.427,48.0
134040_1767684300,2,10.347,86.0
133957_1767686400,2,-12.527,9.0
133957_1767686700,2,-35.936,-42.0
133957_1767687000,2,33.369,3.0
133957_1767687300,2,61.263,79.0
133957_1767687600,2,-10.54,45.0
133957_1767687900,2,90.012,104.0
122613_1767691800,2,14.833,69.0
122613_1767692100,2,42.571,-16.0
122613_1767692400,2,24.46,-87.0
122613_1767692700,2,-20.569,-160.0
122613_1767693000,2,-27.159,-147.0
122613_1767693300,2,-138.948,-146.0
122658_1767697200,2,186.589,352.0
122658_1767697500,2,85.856,0.0
122658_1767697800,2,-3.71,0.0
122658_1767698100,2,7.083,0.0
122658_1767698400,2,-34.658,0.0
122658_1767698700,2,-10.283,0.0
122658_1767699000,2,-4.023,0.0
122658_1767699300,2,-13.216,0.0
122658_1767699600,2,-5.363,0.0
122658_1767699900,2,13.974,72.0
122658_1767700200,2,-4.514,183.0
122658_1767700500,2,32.977,192.0
129964_1767700800,2,28.184,77.0
132430_1767700800,2,-95.463,-169.0
132430_1767701100,2,-72.458,-262.0
129964_1767701100,2,105.544,80.0
129964_1767701400,2,69.593,61.0
132430_1767701400,2,-75.391,-258.0
129964_1767701700,2,16.659,-43.0
132430_1767701700,2,-40.807,84.0
129964_1767702000,2,0.832,-38.0
132430_1767702000,2,-0.692,87.0
132430_1767702300,2,40.202,90.0
129964_1767702300,2,-21.703,-108.0
122613_1767706200,2,8.199,0.0
133957_1767706200,2,122.495,222.0
122613_1767706500,2,28.113,0.0
133957_1767706500,2,109.673,296.0
133957_1767706800,2,103.71,294.0
122613_1767706800,2,-6.353,0.0
133957_1767707100,2,322.258,182.0
122613_1767707100,2,5.192,0.0
122613_1767707400,2,-3.443,0.0
133957_1767707400,2,292.855,292.0
133957_1767707700,2,191.529,252.0
122613_1767707700,2,-5.663,0.0
129964_1767711600,2,-88.427,-143.0
129964_1767711900,2,-95.985,-3.0
129964_1767712200,2,-96.526,17.0
129964_1767712800,2,-85.634,-108.0
129964_1767713100,2,10.215,-108.0
131672_1767721800,2,23.876,21.0
131672_1767722100,2,69.907,47.0
132430_1767726000,2,108.022,156.0
132430_1767726300,2,62.95,141.0
132430_1767726600,2,31.389,46.0
132430_1767726900,2,104.874,10.0
132430_1767727200,2,81.767,217.0
132430_1767727500,2,47.831,260.0
132430_1767738600,2,68.018,110.0
132430_1767738900,2,118.992,112.0
132430_1767739200,2,84.361,81.0
132430_1767739500,2,111.806,-2.0
132430_1767739800,2,53.898,8.0
132430_1767740100,2,24.221,175.0
135081_1767670200,2,32.901,14.0
122048_1767670200,2,1.505,0.0
122048_1767670500,2,-7.179,0.0
135081_1767670500,2,50.246,63.0
135081_1767670800,2,51.732,54.0
122048_1767670800,2,12.502,0.0
122048_1767671100,2,1.194,0.0
135081_1767671100,2,46.858,45.0
122048_1767671400,2,8.292,0.0
135081_1767671400,2,99.583,84.0
135081_1767671700,2,50.261,104.0
122048_1767671700,2,10.671,0.0
133957_1767672000,2,-28.005,-29.0
133957_1767672300,2,-80.66,-51.0
122048_1767672300,2,-11.84,66.0
133957_1767672600,2,7.519,-8.0
122048_1767672600,2,-11.393,66.0
133957_1767672900,2,-5.061,-34.0
122048_1767672900,2,38.123,170.0
122048_1767673200,2,89.28,41.0
122048_1767673500,2,124.746,25.0
130238_1767673800,2,84.459,10.0
130238_1767674100,2,50.813,131.0
130238_1767674400,2,2.892,168.0
130238_1767674700,2,130.303,240.0
130238_1767675000,2,168.19,233.0
133300_1767675000,2,33.463,99.0
133300_1767675300,2,-17.488,99.0
133300_1767675600,2,1.094,180.0
133300_1767675900,2,67.364,135.0
133300_1767676200,2,220.685,170.0
133300_1767676500,2,174.013,169.0
133300_1767676800,2,143.596,289.0
133957_1767679500,2,20.53,49.0
130238_1767679500,2,-21.835,0.0
130238_1767679800,2,-15.335,0.0
133957_1767679800,2,43.467,71.0
133957_1767680100,2,38.996,111.0
130238_1767680100,2,-33.671,0.0
133957_1767680400,2,60.456,18.0
130238_1767680400,2,-1.554,0.0
133957_1767680700,2,45.972,39.0
130238_1767680700,2,8.117,0.0
133957_1767681000,2,20.886,-30.0
134040_1767681000,2,-24.061,-111.0
134040_1767681300,2,-29.675,-75.0
133957_1767681300,2,-2.913,-59.0
134040_1767681600,2,-28.119,1.0
133957_1767681600,2,10.297,-30.0
134040_1767681900,2,-44.875,-38.0
133957_1767681900,2,-19.416,-58.0
133957_1767682200,2,-62.097,-19.0
134040_1767682200,2,-71.864,-71.0
133957_1767682500,2,6.086,-45.0
134040_1767682500,2,-24.526,46.0
132430_1767684600,2,164.041,215.0
132430_1767684900,2,176.26,183.0
132430_1767685500,2,9.016,167.0
132430_1767685800,2,3.386,64.0
132430_1767686100,2,21.631,53.0
129964_1767686400,2,-7.192,97.0
129964_1767686700,2,81.994,64.0
129964_1767687000,2,109.012,42.0
129964_1767687300,2,69.296,108.0
129964_1767687600,2,-1.107,8.0
129964_1767687900,2,28.908,95.0
131672_1767688200,2,21.964,16.0
131672_1767688500,2,41.636,20.0
131672_1767688800,2,20.887,-17.0
131672_1767689100,2,36.989,17.0
131672_1767689400,2,-3.738,-72.0
122613_1767689700,2,25.752,49.0
131672_1767689700,2,0.237,-222.0
131672_1767690000,2,-9.976,-208.0
133957_1767690000,2,-50.36,-116.0
131672_1767690300,2,-111.797,-157.0
133957_1767690300,2,-52.783,-68.0
131672_1767690600,2,-48.33,-39.0
133957_1767690600,2,-85.769,-88.0
133957_1767690900,2,-83.57,-111.0
131672_1767690900,2,8.348,-68.0
131672_1767691200,2,-86.19,-65.0
133957_1767691200,2,-62.479,9.0
131672_1767691500,2,9.213,-10.0
133300_1767693600,2,66.557,168.0
133300_1767694200,2,-3.196,-63.0
133300_1767694500,2,-29.963,-63.0
133300_1767694800,2,-7.237,54.0
133300_1767695100,2,-16.076,90.0
129964_1767695400,2,59.251,-51.0
133957_1767695400,2,26.887,28.0
129964_1767695700,2,81.613,-51.0
129964_1767696000,2,65.626,-11.0
133957_1767696000,2,-13.037,138.0
129964_1767696300,2,13.309,73.0
133957_1767696300,2,18.103,156.0
129964_1767696600,2,56.505,111.0
133957_1767696600,2,92.038,185.0
129964_1767696900,2,110.867,140.0
133957_1767696900,2,156.157,111.0
131672_1767698100,2,24.298,27.0
131672_1767698400,2,62.65,60.0
131672_1767698700,2,85.637,82.0
129964_1767699000,2,-36.636,80.0
129964_1767699300,2,-35.25,49.0
129964_1767699900,2,-44.855,-53.0
129964_1767700200,2,-1.195,-73.0
129964_1767700500,2,65.482,90.0
133300_1767700800,2,81.34,260.0
122613_1767700800,2,-110.183,-50.0
122613_1767701100,2,-77.745,-155.0
122613_1767701400,2,-77.529,-175.0
133300_1767701400,2,-45.863,-7.0
133300_1767701700,2,25.299,-7.0
122613_1767701700,2,-66.367,-47.0
133300_1767702000,2,44.681,132.0
122613_1767702000,2,-76.909,-61.0
122613_1767702300,2,-29.493,66.0
133300_1767702300,2,34.075,114.0
132430_1767702600,2,102.411,-64.0
135081_1767702600,2,-64.387,-131.0
135081_1767702900,2,-70.723,-144.0
132430_1767702900,2,9.319,-181.0
132430_1767703200,2,-15.689,-100.0
135081_1767703200,2,-62.578,-171.0
132430_1767703500,2,-63.082,-75.0
135081_1767703500,2,-52.348,-72.0
132430_1767703800,2,-62.493,-58.0
135081_1767703800,2,-87.124,-16.0
132430_1767704100,2,-62.312,-74.0
135081_1767704100,2,-24.777,-27.0
134040_1767704400,2,57.993,91.0
134040_1767704700,2,54.724,-7.0
134040_1767705000,2,60.354,47.0
134040_1767705300,2,15.04,84.0
134040_1767705600,2,-0.305,113.0
134040_1767705900,2,53.573,37.0
131672_1767706200,2,14.379,37.0
131672_1767706500,2,66.319,131.0
135081_1767711600,2,-70.77,11.0
135081_1767711900,2,-29.712,-12.0
135081_1767712200,2,24.877,-28.0
135081_1767712500,2,-12.311,59.0
130238_1767712500,2,-8.869,10.0
130238_1767712800,2,40.877,-40.0
130238_1767713100,2,37.523,-124.0
131672_1767713400,2,11.617,12.0
122048_1767713400,2,16.916,0.0
131672_1767713700,2,33.006,86.0
122048_1767713700,2,20.733,0.0
131672_1767714000,2,19.167,67.0
122048_1767714000,2,3.538,0.0
122048_1767714300,2,22.486,0.0
131672_1767714300,2,77.574,70.0
122048_1767714600,2,-2.286,0.0
131672_1767714600,2,35.551,13.0
122048_1767714900,2,0.843,0.0
131672_1767714900,2,-1.274,-150.0
129964_1767715200,2,-27.29,-134.0
129964_1767715500,2,-41.967,-115.0
129964_1767715800,2,-66.396,-2.0
129964_1767716100,2,-103.298,-46.0
129964_1767716400,2,-60.427,-13.0
129964_1767716700,2,-24.382,303.0
122613_1767717000,2,-62.345,-62.0
122613_1767717300,2,-26.899,-54.0
122613_1767717600,2,-54.843,-11.0
122613_1767717900,2,-70.317,55.0
122613_1767718200,2,7.812,72.0
122613_1767718500,2,32.503,72.0
133957_1767718800,2,-38.148,-35.0
122658_1767718800,2,-39.983,107.0
133957_1767719100,2,-86.429,-113.0
122658_1767719100,2,102.134,88.0
122658_1767719400,2,22.684,0.0
133957_1767719400,2,-21.865,-174.0
122658_1767719700,2,-26.398,0.0
133957_1767719700,2,-60.467,-173.0
122048_1767720000,2,-53.445,-336.0
133957_1767720000,2,-77.367,-218.0
122658_1767720000,2,4.017,0.0
122048_1767720300,2,-36.265,-130.0
122658_1767720300,2,-5.313,0.0
131672_1767724200,2,354.91,368.0
131672_1767724500,2,325.624,365.0
133957_1767729600,2,194.026,141.0
122048_1767729600,2,7.052,41.0
122048_1767729900,2,97.44,93.0
133957_1767729900,2,277.54,126.0
122048_1767730200,2,131.175,99.0
130072_1767730200,2,59.184,60.0
133957_1767730200,2,228.944,83.0
133957_1767730500,2,171.637,53.0
122048_1767730500,2,117.934,-3.0
130072_1767730500,2,83.28,60.0
130072_1767730800,2,90.991,106.0
122048_1767730800,2,134.358,25.0
133957_1767730800,2,106.996,38.0
133957_1767731100,2,86.358,59.0
130072_1767731100,2,144.294,22.0
122048_1767731100,2,73.843,4.0
132430_1767731400,2,249.504,192.0
132430_1767731700,2,241.352,201.0
132430_1767732000,2,230.904,167.0
132430_1767732300,2,170.731,337.0
132430_1767732600,2,232.762,338.0
132430_1767732900,2,334.418,238.0
135081_1767733200,2,81.245,40.0
135081_1767733500,2,134.929,44.0
135081_1767733800,2,108.24,51.0
135081_1767734100,2,8.67,-16.0
135081_1767734400,2,51.217,-59.0
135081_1767734700,2,6.996,-170.0
134040_1767735000,2,398.944,434.0
134040_1767735300,2,402.468,434.0
134040_1767735900,2,10.051,0.0
134040_1767736200,2,22.507,0.0
134040_1767736500,2,79.96,0.0
132430_1767738000,2,71.006,90.0
132430_1767738300,2,90.532,108.0
132430_1767740400,2,34.816,151.0
130072_1767740700,2,9.845,0.0
132430_1767740700,2,1.283,124.0
132430_1767741000,2,128.142,60.0
130072_1767741000,2,20.763,0.0
130072_1767741300,2,24.46,0.0
132430_1767741300,2,55.957,85.0
132430_1767741600,2,87.984,189.0
130072_1767741600,2,31.263,0.0
132430_1767741900,2,29.95,160.0
130072_1767741900,2,-11.377,0.0
131672_1767672000,2,29.486,72.0
131672_1767672300,2,28.012,-66.0
131672_1767672600,2,107.748,10.0
131672_1767672900,2,19.071,27.0
131672_1767673200,2,-0.371,-43.0
131672_1767673500,2,1.115,-31.0
135081_1767679800,2,8.273,6.0
135081_1767680100,2,37.817,42.0
135081_1767680400,2,26.096,-2.0
135081_1767680700,2,23.619,-23.0
135081_1767682800,2,-14.668,-127.0
135081_1767683100,2,-127.043,-186.0
135081_1767683400,2,-141.271,-182.0
135081_1767683700,2,-61.876,-134.0
135081_1767684000,2,-54.643,-142.0
135081_1767684300,2,-24.727,-79.0
133957_1767684600,2,78.109,22.0
133957_1767684900,2,28.018,-55.0
133957_1767685200,2,5.045,-36.0
133957_1767685500,2,-18.16,-95.0
133957_1767685800,2,-35.497,7.0
133957_1767686100,2,-79.326,-55.0
134040_1767686400,2,129.485,43.0
134040_1767686700,2,64.871,6.0
134040_1767687000,2,10.372,24.0
134040_1767687300,2,-1.325,37.0
134040_1767687600,2,63.455,113.0
134040_1767687900,2,43.633,149.0
133300_1767695400,2,37.424,33.0
133300_1767695700,2,79.689,50.0
133300_1767696000,2,65.921,197.0
133300_1767696600,2,-3.72,-52.0
133300_1767696900,2,10.116,-52.0
122613_1767697200,2,3.815,0.0
122048_1767697200,2,-74.535,-68.0
122613_1767697500,2,16.652,0.0
122048_1767697500,2,-132.8,-129.0
122613_1767697800,2,-1.233,0.0
122048_1767697800,2,-60.498,-129.0
122048_1767698100,2,-141.531,-181.0
122613_1767698100,2,7.109,0.0
122613_1767698400,2,2.219,0.0
122048_1767698400,2,-184.601,-194.0
122048_1767698700,2,-120.202,-216.0
122613_1767698700,2,-4.232,0.0
122048_1767711600,2,-3.381,106.0
122048_1767711900,2,79.643,85.0
122048_1767712200,2,94.447,83.0
122048_1767712500,2,121.825,57.0
122048_1767712800,2,92.619,-8.0
122048_1767713100,2,25.398,92.0
134040_1767713400,2,81.061,36.0
134040_1767713700,2,112.276,21.0
134040_1767714000,2,56.443,108.0
134040_1767714300,2,-22.501,-44.0
135081_1767727800,2,1.559,-58.0
135081_1767728100,2,56.032,58.0
135081_1767728400,2,66.454,40.0
135081_1767728700,2,85.556,-16.0
135081_1767729000,2,16.271,-62.0
135081_1767729300,2,22.257,-45.0
134040_1767731400,2,155.35,214.0
134040_1767731700,2,215.75,152.0
134040_1767732000,2,279.691,152.0
134040_1767732300,2,212.535,181.0
134040_1767732600,2,146.684,230.0
134040_1767732900,2,198.354,315.0
135081_1767735000,2,-36.99,-184.0
135081_1767735300,2,-70.023,-69.0
135081_1767735600,2,-75.826,-88.0
135081_1767735900,2,-57.728,-130.0
135081_1767736200,2,9.979,-161.0
135081_1767736500,2,-41.526,-191.0
