sample_id,fold_repeat,oof_pred,oof_q10,oof_q90,y
122048_1767665400,0,-47.585,-51.98,-14.425,-25.0
122048_1767665700,0,-4.076,-11.028,11.213,0.0
122048_1767666000,0,-34.997,-55.279,-33.304,0.0
122048_1767666300,0,-27.797,-28.44,-15.939,0.0
122048_1767666600,0,-33.988,-40.554,-31.353,0.0
133957_1767666600,0,-6.067,-20.6,48.731,-32.0
129964_1767666600,0,-16.248,-69.836,46.58,44.0
133957_1767666900,0,-3.638,-11.961,50.563,-32.0
132430_1767666900,0,21.399,5.986,33.335,46.0
122048_1767666900,0,5.981,-3.866,6.401,0.0
129964_1767666900,0,-23.991,-66.77,37.087,16.0
133957_1767667200,0,39.392,14.697,74.58,17.0
132430_1767667200,0,51.591,31.616,55.413,102.0
122048_1767667200,0,-11.936,-15.711,-7.609,0.0
129964_1767667200,0,-13.398,-75.011,67.979,-27.0
132430_1767667500,0,-6.061,-57.867,54.461,-23.0
122048_1767667500,0,-26.856,-52.357,6.666,0.0
129964_1767667500,0,47.193,-6.465,95.105,2.0
133957_1767667500,0,-1.706,-36.355,36.82,-66.0
122048_1767667800,0,-11.994,-41.55,4.051,0.0
133957_1767667800,0,-10.259,-35.416,46.337,-74.0
132430_1767667800,0,60.773,3.82,148.458,-2.0
129964_1767667800,0,-12.115,-60.137,60.588,-70.0
134040_1767667800,0,43.906,-23.163,60.153,20.0
129964_1767668100,0,-23.261,-70.795,45.747,-76.0
132430_1767668100,0,51.97,10.871,132.987,27.0
122048_1767668100,0,7.908,-9.327,15.122,0.0
133957_1767668100,0,9.101,-45.549,68.769,-61.0
134040_1767668100,0,47.797,-34.631,78.312,93.0
132430_1767668400,0,111.889,57.608,169.416,22.0
122048_1767668400,0,4.61,-10.91,16.301,0.0
133957_1767668400,0,23.555,-28.304,119.886,-34.0
122048_1767668700,0,24.142,3.686,27.28,0.0
132430_1767668700,0,29.998,-39.924,108.939,74.0
122048_1767669000,0,-9.447,-32.471,21.238,0.0
132430_1767669000,0,10.317,-34.622,87.899,1.0
133957_1767669300,0,2.316,-15.648,19.0,46.0
132430_1767669300,0,132.21,33.885,181.392,4.0
122048_1767669300,0,-18.936,-40.475,-2.345,0.0
122048_1767669600,0,0.015,-2.903,6.087,0.0
133957_1767669600,0,28.38,4.43,41.011,58.0
132430_1767669600,0,43.409,-42.15,105.518,84.0
133957_1767669900,0,28.061,-5.124,63.454,40.0
122048_1767669900,0,-4.853,-6.906,14.074,0.0
132430_1767669900,0,12.279,-36.785,71.358,58.0
133957_1767670200,0,56.176,12.805,120.982,133.0
134040_1767670200,0,66.856,-2.446,124.553,110.0
129964_1767670200,0,64.718,25.509,120.123,74.0
135081_1767670200,0,43.996,0.33,73.792,14.0
122048_1767670200,0,2.179,1.761,14.57,0.0
122048_1767670500,0,18.048,5.139,27.48,0.0
129964_1767670500,0,37.297,-27.152,112.966,61.0
133957_1767670500,0,23.539,-7.272,99.259,55.0
134040_1767670500,0,97.366,8.095,183.081,129.0
135081_1767670500,0,53.862,2.016,83.664,63.0
132430_1767670500,0,47.32,18.902,141.808,215.0
135081_1767670800,0,61.27,-12.629,139.763,54.0
129964_1767670800,0,82.904,19.214,154.586,-16.0
133957_1767670800,0,73.714,-8.152,143.493,-10.0
122048_1767670800,0,11.573,4.966,42.545,0.0
134040_1767670800,0,115.514,11.392,192.167,132.0
132430_1767670800,0,37.317,-15.575,171.15,162.0
134040_1767671100,0,201.36,160.003,215.456,60.0
133957_1767671100,0,32.986,23.32,41.985,-86.0
129964_1767671100,0,52.304,-7.1,127.983,-55.0
132430_1767671100,0,101.94,44.54,161.085,137.0
122048_1767671100,0,16.2,11.648,42.203,0.0
135081_1767671100,0,17.83,-17.929,86.87,45.0
122048_1767671400,0,20.0,-10.151,24.651,0.0
129964_1767671400,0,42.786,-28.88,122.217,22.0
132430_1767671400,0,157.372,79.585,194.488,244.0
134040_1767671400,0,91.753,-2.613,159.837,43.0
133957_1767671400,0,2.336,-64.115,99.437,-86.0
135081_1767671400,0,98.844,41.528,180.816,84.0
135081_1767671700,0,50.081,-5.021,114.404,104.0
132430_1767671700,0,199.77,163.3,234.885,324.0
133957_1767671700,0,6.447,-80.325,92.003,-40.0
134040_1767671700,0,42.398,-28.637,103.149,-29.0
122048_1767671700,0,17.202,7.604,18.911,0.0
129964_1767671700,0,-14.653,-71.835,72.675,-50.0
135081_1767672000,0,4.497,-60.858,76.276,-33.0
132430_1767672000,0,163.274,71.117,271.854,364.0
129964_1767672000,0,28.168,-45.519,109.158,-7.0
133957_1767672000,0,-56.388,-99.346,-23.322,-29.0
135081_1767672300,0,-30.455,-90.131,43.723,-40.0
133957_1767672300,0,-47.953,-109.872,23.147,-51.0
122048_1767672300,0,-11.96,-16.783,55.22,66.0
132430_1767672300,0,166.968,88.902,261.256,275.0
129964_1767672300,0,47.386,19.67,173.348,-9.0
133957_1767672600,0,-21.096,-79.858,64.271,-8.0
135081_1767672600,0,-49.143,-133.385,35.754,-145.0
122048_1767672600,0,-2.433,-17.811,52.477,66.0
132430_1767672600,0,231.653,173.731,340.539,322.0
133957_1767672900,0,-0.7,-45.916,81.419,-34.0
122048_1767672900,0,47.233,12.459,141.365,170.0
132430_1767672900,0,212.766,149.716,288.043,130.0
130238_1767672900,0,91.998,-1.299,116.359,-23.0
135081_1767672900,0,-28.24,-78.551,21.386,-98.0
129964_1767672900,0,-11.501,-66.073,111.51,-29.0
129964_1767673200,0,12.238,-58.003,102.376,-57.0
130238_1767673200,0,91.213,13.157,146.432,39.0
122048_1767673200,0,66.55,1.225,133.72,41.0
132430_1767673200,0,285.954,204.194,383.202,129.0
135081_1767673200,0,-37.704,-123.176,86.924,71.0
129964_1767673500,0,52.953,-8.979,108.142,19.0
122048_1767673500,0,84.639,12.29,158.011,25.0
132430_1767673500,0,218.651,126.696,304.732,265.0
130238_1767673500,0,38.878,-5.476,102.478,26.0
135081_1767673500,0,-33.581,-79.541,45.437,64.0
130238_1767673800,0,68.37,34.239,127.492,10.0
131672_1767673800,0,-34.469,-59.584,68.529,-73.0
133957_1767673800,0,66.345,37.323,82.775,32.0
129964_1767673800,0,5.443,-41.606,36.7,-15.0
135081_1767673800,0,40.635,-69.454,147.14,111.0
129964_1767674100,0,79.73,20.883,133.388,72.0
130238_1767674100,0,63.243,-11.499,136.711,131.0
135081_1767674100,0,144.875,86.919,224.915,80.0
131672_1767674100,0,-5.895,-58.052,99.149,121.0
133957_1767674100,0,71.64,31.921,110.027,43.0
133957_1767674400,0,86.735,70.258,91.834,74.0
135081_1767674400,0,131.284,51.592,206.374,122.0
129964_1767674400,0,26.991,-22.153,113.239,95.0
131672_1767674400,0,-65.842,-149.592,50.162,145.0
130238_1767674400,0,25.048,-31.708,81.377,168.0
130238_1767674700,0,126.874,51.535,210.775,240.0
131672_1767674700,0,-10.187,-82.944,76.717,125.0
133957_1767674700,0,88.687,56.564,130.992,171.0
135081_1767674700,0,49.179,-0.969,113.69,94.0
129964_1767674700,0,-27.034,-80.752,71.381,46.0
130238_1767675000,0,150.648,94.734,198.816,233.0
135081_1767675000,0,85.817,10.388,160.661,53.0
129964_1767675000,0,-10.712,-47.716,94.482,38.0
131672_1767675000,0,152.568,83.115,235.805,166.0
133300_1767675000,0,55.034,17.189,60.382,99.0
133957_1767675000,0,47.867,3.935,129.731,92.0
135081_1767675300,0,138.489,70.604,245.274,208.0
133300_1767675300,0,95.224,40.412,108.666,99.0
131672_1767675300,0,76.432,7.399,122.667,88.0
129964_1767675300,0,35.018,-31.847,143.129,105.0
133957_1767675300,0,58.185,9.664,153.951,5.0
133957_1767675600,0,43.565,-17.713,123.805,-10.0
122048_1767675600,0,13.332,-63.941,68.669,-68.0
133300_1767675600,0,116.919,52.913,192.91,180.0
129964_1767675600,0,20.359,-17.433,101.611,46.0
135081_1767675600,0,117.809,39.897,200.234,299.0
133300_1767675900,0,104.472,97.171,176.946,135.0
122048_1767675900,0,-71.577,-128.283,46.99,-86.0
129964_1767675900,0,57.252,10.153,119.212,20.0
133957_1767675900,0,13.977,-56.411,83.724,-32.0
135081_1767675900,0,278.09,220.038,396.516,224.0
133300_1767676200,0,213.447,143.233,323.766,170.0
129964_1767676200,0,61.218,-27.948,146.748,91.0
135081_1767676200,0,314.097,224.076,403.466,126.0
133957_1767676200,0,-17.492,-74.31,48.343,95.0
122048_1767676200,0,24.566,-39.717,82.657,25.0
135081_1767676500,0,12.85,9.492,36.262,-30.0
122048_1767676500,0,12.393,-64.741,102.545,-41.0
133300_1767676500,0,169.737,135.904,212.97,169.0
133957_1767676500,0,-18.947,-72.56,48.958,61.0
133300_1767676800,0,207.809,129.105,289.014,289.0
122048_1767676800,0,-4.23,-66.671,80.698,-163.0
133957_1767676800,0,-10.203,-73.91,65.675,7.0
122048_1767677100,0,-33.388,-128.942,25.375,-177.0
133957_1767677100,0,76.813,-7.741,134.839,-94.0
122048_1767677400,0,-29.991,-42.643,-8.256,-65.0
133957_1767677400,0,34.137,-7.453,113.373,-91.0
133300_1767677400,0,77.692,25.834,85.76,87.0
130238_1767677400,0,7.235,-38.471,77.652,-50.0
134040_1767677400,0,87.024,44.582,130.433,71.0
122048_1767677700,0,-41.398,-42.995,-31.272,12.0
134040_1767677700,0,99.522,21.197,154.551,174.0
133300_1767677700,0,79.906,47.302,85.625,87.0
130238_1767677700,0,7.671,-51.553,84.166,-47.0
130238_1767678000,0,68.099,-15.442,119.405,-45.0
133300_1767678000,0,91.535,57.328,138.807,108.0
134040_1767678000,0,-22.412,-43.154,16.545,-25.0
122048_1767678000,0,42.122,0.894,58.566,47.0
133300_1767678300,0,65.611,36.157,133.359,59.0
130238_1767678300,0,-57.8,-69.713,-19.962,-142.0
122048_1767678300,0,-18.611,-60.484,37.383,124.0
133300_1767678600,0,112.82,83.461,159.116,40.0
122048_1767678600,0,5.672,-35.969,57.01,172.0
133300_1767678900,0,45.516,11.356,70.357,-2.0
122048_1767678900,0,65.004,25.995,115.864,140.0
133957_1767679500,0,50.012,43.183,56.528,49.0
130238_1767679500,0,-9.994,-17.059,29.794,0.0
130238_1767679800,0,-31.978,-48.164,-7.764,0.0
133957_1767679800,0,70.498,68.801,80.285,71.0
132430_1767679800,0,60.446,42.375,71.443,73.0
134040_1767679800,0,-0.332,-10.894,23.164,23.0
132430_1767680100,0,81.215,73.589,110.972,73.0
134040_1767680100,0,35.552,21.88,61.265,26.0
133957_1767680100,0,59.788,48.024,64.801,111.0
130238_1767680100,0,-44.182,-51.886,-39.224,0.0
134040_1767680400,0,-4.733,-30.408,26.076,-52.0
133957_1767680400,0,5.207,-15.332,48.563,18.0
130238_1767680400,0,-4.257,-15.937,29.644,0.0
132430_1767680400,0,0.516,-22.999,39.981,-15.0
129964_1767680400,0,-23.982,-36.855,80.362,-51.0
134040_1767680700,0,-21.639,-57.092,46.313,-87.0
132430_1767680700,0,-6.514,-40.676,90.535,-42.0
133957_1767680700,0,-15.835,-35.02,71.041,39.0
130238_1767680700,0,3.163,-5.322,35.869,0.0
129964_1767680700,0,-24.048,-40.265,74.659,-106.0
133957_1767681000,0,-10.903,-57.107,59.385,-30.0
129964_1767681000,0,-15.32,-22.563,85.61,7.0
132430_1767681000,0,122.824,86.934,125.929,32.0
130238_1767681000,0,39.525,37.112,54.851,0.0
122658_1767681000,0,205.954,195.538,219.442,181.0
133300_1767681000,0,-25.721,-38.841,29.883,12.0
134040_1767681000,0,-22.983,-78.365,29.807,-111.0
134040_1767681300,0,-40.776,-104.72,50.227,-75.0
129964_1767681300,0,-17.063,-75.843,40.435,47.0
132430_1767681300,0,91.24,12.996,124.204,126.0
133300_1767681300,0,55.382,12.639,114.55,-61.0
122658_1767681300,0,-21.413,-24.44,-9.842,0.0
130238_1767681300,0,34.1,13.05,44.198,0.0
133957_1767681300,0,-9.561,-69.676,63.788,-59.0
130238_1767681600,0,2.275,-21.17,8.087,0.0
133300_1767681600,0,69.386,11.162,150.259,159.0
134040_1767681600,0,-33.309,-75.3,18.089,1.0
133957_1767681600,0,14.304,-36.855,101.083,-30.0
132430_1767681600,0,59.236,-61.211,151.493,65.0
122658_1767681600,0,24.371,15.825,43.888,0.0
129964_1767681600,0,-13.203,-46.821,47.566,39.0
131672_1767681900,0,17.556,8.486,76.879,37.0
133300_1767681900,0,11.138,2.485,15.924,79.0
130238_1767681900,0,-19.281,-30.606,-18.21,0.0
134040_1767681900,0,-32.955,-78.211,36.161,-38.0
129964_1767681900,0,49.713,24.608,137.98,148.0
122658_1767681900,0,-13.411,-19.02,-0.071,0.0
133957_1767681900,0,-17.322,-69.952,58.838,-58.0
132430_1767681900,0,6.988,-69.59,127.2,-62.0
133957_1767682200,0,-65.863,-119.498,9.143,-19.0
133300_1767682200,0,3.166,-22.462,94.016,79.0
131672_1767682200,0,27.522,8.369,78.767,13.0
134040_1767682200,0,-37.154,-90.857,28.366,-71.0
129964_1767682200,0,40.456,-14.802,115.618,188.0
132430_1767682200,0,46.279,-17.36,114.953,-16.0
122658_1767682200,0,-6.325,-22.028,14.619,0.0
129964_1767682500,0,46.955,-6.278,109.484,84.0
132430_1767682500,0,16.48,-66.231,151.095,248.0
133300_1767682500,0,48.143,-20.179,111.866,173.0
131672_1767682500,0,57.084,23.261,142.142,16.0
133957_1767682500,0,23.828,-34.234,118.078,-45.0
122658_1767682500,0,19.045,2.996,32.476,0.0
134040_1767682500,0,40.149,-43.392,141.982,46.0
133957_1767682800,0,8.447,-56.418,110.503,-74.0
132430_1767682800,0,119.755,22.656,207.895,267.0
122658_1767682800,0,25.498,24.058,32.251,0.0
133300_1767682800,0,91.534,32.149,200.82,135.0
131672_1767682800,0,21.109,-19.026,57.577,-48.0
129964_1767682800,0,125.439,65.356,199.641,70.0
133957_1767683100,0,34.665,8.297,141.856,-8.0
133300_1767683100,0,196.975,138.65,284.675,169.0
131672_1767683100,0,-63.864,-64.901,-12.652,-52.0
132430_1767683100,0,40.342,-64.644,159.783,408.0
129964_1767683100,0,169.62,83.118,235.29,154.0
122658_1767683100,0,-0.074,-1.319,3.909,0.0
129964_1767683400,0,90.54,1.504,169.562,81.0
131672_1767683400,0,-79.044,-161.273,26.027,-178.0
122658_1767683400,0,11.932,-58.112,92.366,-11.0
132430_1767683400,0,224.217,142.986,288.764,270.0
133300_1767683400,0,167.845,124.556,214.39,166.0
129964_1767683700,0,177.048,99.323,215.639,145.0
133300_1767683700,0,202.119,121.865,258.207,240.0
133957_1767683700,0,19.523,-29.194,79.068,10.0
122658_1767683700,0,87.688,9.605,211.34,96.0
132430_1767683700,0,179.817,163.049,230.368,163.0
131672_1767683700,0,-60.297,-136.477,71.17,-200.0
122658_1767684000,0,100.871,26.019,172.323,58.0
131672_1767684000,0,-64.696,-124.665,84.977,-74.0
133957_1767684000,0,57.729,-1.307,111.527,33.0
133300_1767684000,0,70.478,25.34,104.066,116.0
129964_1767684000,0,111.721,59.66,194.85,134.0
132430_1767684000,0,190.024,114.386,247.886,246.0
133300_1767684300,0,84.113,31.929,148.893,116.0
122658_1767684300,0,68.816,6.327,150.413,118.0
132430_1767684300,0,165.618,74.451,221.289,230.0
130238_1767684300,0,31.048,27.622,40.114,16.0
133957_1767684300,0,73.234,2.777,169.517,71.0
131672_1767684300,0,-6.531,-65.993,84.633,24.0
131672_1767684600,0,-5.479,-64.366,89.992,-63.0
129964_1767684600,0,-17.577,-42.135,40.428,-29.0
122658_1767684600,0,90.761,4.63,135.994,97.0
135081_1767684600,0,-107.833,-154.225,-34.571,-78.0
132430_1767684600,0,143.369,60.627,219.852,215.0
122048_1767684600,0,402.063,374.1,443.514,350.0
133300_1767684600,0,92.023,15.952,138.439,214.0
131672_1767684900,0,4.999,-53.878,71.152,-96.0
135081_1767684900,0,-68.478,-107.697,10.563,-28.0
122048_1767684900,0,333.311,321.786,344.327,304.0
129964_1767684900,0,-35.617,-58.024,58.514,-70.0
132430_1767684900,0,167.211,76.206,239.938,183.0
133300_1767684900,0,109.263,37.915,209.372,244.0
122658_1767684900,0,73.208,65.943,107.098,97.0
135081_1767685200,0,-28.238,-85.88,51.886,59.0
122048_1767685200,0,258.462,249.881,303.227,183.0
133300_1767685200,0,223.915,148.408,288.699,255.0
122658_1767685200,0,-14.116,-18.596,-13.761,0.0
131672_1767685200,0,-37.004,-103.643,49.454,-126.0
129964_1767685200,0,34.819,17.251,72.247,-34.0
122048_1767685500,0,262.689,255.068,300.148,141.0
129964_1767685500,0,36.13,-14.202,82.205,-4.0
132430_1767685500,0,46.281,-1.463,116.912,167.0
135081_1767685500,0,6.924,-46.704,133.373,275.0
122658_1767685500,0,10.433,1.592,42.636,0.0
133300_1767685500,0,317.324,275.12,318.935,286.0
135081_1767685800,0,70.477,32.863,146.693,288.0
133300_1767685800,0,286.25,219.614,371.967,404.0
132430_1767685800,0,41.946,7.072,74.817,64.0
129964_1767685800,0,53.942,6.202,108.561,17.0
122048_1767685800,0,99.34,52.58,198.296,45.0
122658_1767685800,0,20.178,18.966,28.796,0.0
135081_1767686100,0,228.823,109.162,291.926,247.0
132430_1767686100,0,39.834,25.368,87.727,53.0
122048_1767686100,0,16.462,-11.306,68.125,-35.0
122658_1767686100,0,-16.961,-21.045,-5.598,0.0
129964_1767686100,0,46.578,-20.654,122.338,162.0
133300_1767686400,0,66.209,32.248,69.31,-26.0
132430_1767686400,0,79.509,14.418,168.541,30.0
130238_1767686400,0,167.99,82.149,220.736,107.0
129964_1767686400,0,-26.102,-77.607,46.081,97.0
122048_1767686400,0,29.352,-22.025,123.638,-43.0
130238_1767686700,0,148.891,64.258,190.742,1.0
122048_1767686700,0,25.49,-47.842,99.294,-49.0
132430_1767686700,0,77.378,-2.37,152.374,53.0
129964_1767686700,0,86.663,3.55,138.681,64.0
122048_1767687000,0,-6.266,-82.113,96.646,104.0
132430_1767687000,0,53.028,-25.249,124.289,42.0
129964_1767687000,0,91.16,5.463,161.063,42.0
132430_1767687300,0,0.054,-61.227,113.753,-108.0
122048_1767687300,0,12.389,-70.322,134.972,99.0
129964_1767687300,0,101.356,33.534,149.86,108.0
132430_1767687600,0,-11.603,-72.424,68.842,-132.0
122048_1767687600,0,42.726,-32.718,96.172,49.0
129964_1767687600,0,-4.932,-52.413,71.75,8.0
129964_1767687900,0,49.933,-31.44,118.258,95.0
132430_1767687900,0,20.008,-67.179,145.911,-101.0
122048_1767687900,0,108.544,36.595,179.105,80.0
122658_1767688200,0,39.316,-39.329,108.779,137.0
131672_1767688200,0,-6.134,-11.104,0.562,16.0
130238_1767688200,0,88.162,49.646,156.04,27.0
132430_1767688200,0,53.062,-41.108,173.079,194.0
122048_1767688200,0,55.643,3.527,98.367,68.0
134040_1767688200,0,66.184,-25.603,174.469,154.0
122048_1767688500,0,103.953,41.138,162.414,49.0
122658_1767688500,0,82.647,6.037,120.182,-33.0
134040_1767688500,0,94.696,43.169,122.126,141.0
131672_1767688500,0,23.083,19.506,56.685,20.0
130238_1767688500,0,73.23,22.41,129.143,-8.0
132430_1767688500,0,28.019,-55.614,156.948,268.0
122048_1767688800,0,92.451,19.313,142.583,76.0
134040_1767688800,0,84.857,21.084,192.429,128.0
132430_1767688800,0,203.894,104.962,275.1,284.0
131672_1767688800,0,-1.512,-20.3,4.887,-17.0
122658_1767688800,0,81.832,70.375,138.372,-34.0
130238_1767688800,0,46.723,-14.668,115.518,-92.0
131672_1767689100,0,43.596,-10.342,89.307,17.0
122658_1767689100,0,-40.372,-50.97,-26.803,-34.0
134040_1767689100,0,19.372,-17.432,89.246,26.0
122048_1767689100,0,5.402,-41.261,87.297,94.0
132430_1767689100,0,128.575,69.069,172.946,163.0
130238_1767689100,0,21.507,-0.672,96.43,-120.0
122658_1767689400,0,-54.935,-77.916,-46.643,-34.0
131672_1767689400,0,-7.3,-62.011,66.489,-72.0
130238_1767689400,0,-53.863,-81.632,-20.186,37.0
133300_1767689400,0,26.462,4.688,36.697,9.0
134040_1767689400,0,27.959,-35.709,89.629,94.0
132430_1767689400,0,218.569,157.106,284.457,85.0
122048_1767689400,0,36.888,-23.863,102.897,121.0
130238_1767689700,0,-31.948,-116.199,54.757,57.0
122658_1767689700,0,-44.588,-57.882,-42.058,-34.0
122613_1767689700,0,35.676,13.709,40.587,49.0
122048_1767689700,0,8.679,-71.225,58.075,116.0
132430_1767689700,0,167.006,78.838,205.582,7.0
134040_1767689700,0,-5.884,-54.19,57.6,46.0
133300_1767689700,0,20.967,2.426,53.072,9.0
131672_1767689700,0,-74.686,-93.757,-32.77,-222.0
122048_1767690000,0,37.647,-41.492,74.11,73.0
134040_1767690000,0,65.465,-5.981,149.5,159.0
122658_1767690000,0,-54.672,-62.815,-51.442,-34.0
129964_1767690000,0,56.572,-0.953,113.142,65.0
131672_1767690000,0,-54.617,-127.701,51.544,-208.0
130238_1767690000,0,1.336,-49.076,86.328,40.0
133300_1767690000,0,31.402,15.002,32.075,68.0
133957_1767690000,0,-65.165,-122.437,11.057,-116.0
122048_1767690300,0,4.533,-40.286,51.965,-33.0
129964_1767690300,0,38.316,-9.99,96.556,66.0
130238_1767690300,0,89.61,31.467,144.216,49.0
133300_1767690300,0,38.821,-0.332,82.966,69.0
122658_1767690300,0,-36.527,-44.468,-30.804,-34.0
134040_1767690300,0,6.447,-30.59,58.28,-28.0
131672_1767690300,0,-131.281,-236.24,4.255,-157.0
133957_1767690300,0,-53.34,-92.412,26.574,-68.0
130238_1767690600,0,76.035,39.044,127.561,57.0
133300_1767690600,0,74.796,31.618,152.029,59.0
131672_1767690600,0,-75.895,-142.966,-70.963,-39.0
122658_1767690600,0,-20.974,-27.977,-17.964,-34.0
129964_1767690600,0,14.371,-71.962,84.271,79.0
133957_1767690600,0,-120.648,-169.448,-9.922,-88.0
122658_1767690900,0,3.439,-1.946,12.315,-34.0
133300_1767690900,0,92.509,35.046,148.041,62.0
133957_1767690900,0,-85.77,-125.159,14.418,-111.0
131672_1767690900,0,-104.743,-112.135,-86.403,-68.0
129964_1767690900,0,-6.006,-66.601,71.194,58.0
131672_1767691200,0,-80.14,-137.949,-15.72,-65.0
129964_1767691200,0,26.1,-11.821,99.758,64.0
133957_1767691200,0,-69.279,-111.079,25.786,9.0
130238_1767691200,0,-43.923,-53.896,-37.488,0.0
133300_1767691200,0,144.41,73.007,212.402,135.0
129964_1767691500,0,76.91,19.448,140.948,94.0
131672_1767691500,0,14.492,-49.306,76.962,-10.0
130238_1767691500,0,-39.917,-60.904,-20.458,0.0
133957_1767691800,0,-8.246,-42.74,72.373,48.0
129964_1767691800,0,62.348,-16.934,98.171,42.0
122048_1767691800,0,19.387,-31.568,168.505,233.0
130238_1767691800,0,3.007,-8.756,21.819,0.0
130238_1767692100,0,-1.462,-16.546,12.492,0.0
133957_1767692100,0,44.87,-3.625,99.72,50.0
129964_1767692100,0,49.483,-13.895,85.615,16.0
122048_1767692100,0,26.304,-33.517,100.76,200.0
129964_1767692400,0,66.452,9.559,110.116,106.0
130238_1767692400,0,7.067,-12.375,31.389,0.0
133957_1767692400,0,92.163,45.771,113.47,223.0
122048_1767692400,0,-23.131,-100.553,97.839,91.0
130238_1767692700,0,-12.868,-37.831,3.128,0.0
122048_1767692700,0,22.668,-0.839,86.634,-63.0
133957_1767692700,0,77.391,25.931,146.773,191.0
130238_1767693000,0,-0.723,-30.519,14.366,0.0
122048_1767693000,0,11.108,-34.748,48.934,-67.0
133957_1767693000,0,82.813,17.216,172.384,80.0
130238_1767693300,0,-48.188,-49.332,-40.181,0.0
132430_1767693300,0,89.95,88.878,90.92,132.0
133957_1767693300,0,55.086,6.823,137.665,23.0
122048_1767693300,0,-125.315,-161.388,-68.044,-115.0
122613_1767693600,0,-112.037,-198.755,-42.414,-180.0
122048_1767693600,0,-76.444,-132.18,4.15,-142.0
133300_1767693600,0,111.68,42.661,167.182,168.0
132430_1767693600,0,30.034,9.811,92.429,132.0
133957_1767693600,0,54.125,-1.715,156.157,-24.0
122613_1767693900,0,-100.998,-126.808,-88.961,-108.0
122048_1767693900,0,-132.272,-162.264,-77.198,-110.0
133957_1767693900,0,38.581,-26.383,101.88,13.0
132430_1767693900,0,45.953,23.201,73.595,33.0
133300_1767694200,0,-40.514,-50.415,17.951,-63.0
122613_1767694200,0,-120.764,-196.153,-76.107,-140.0
122048_1767694200,0,-101.543,-164.409,-33.423,-50.0
132430_1767694200,0,10.69,-73.673,103.135,90.0
133957_1767694200,0,-13.273,-93.6,51.382,21.0
122613_1767694500,0,-89.673,-117.298,-76.212,-70.0
132430_1767694500,0,15.279,-24.39,95.557,144.0
133957_1767694500,0,-65.785,-122.688,10.56,-22.0
122048_1767694500,0,-72.531,-109.699,-1.636,-184.0
133300_1767694500,0,-52.921,-54.711,30.807,-63.0
132430_1767694800,0,76.564,-35.464,196.318,233.0
133957_1767694800,0,32.882,-46.876,103.871,24.0
122048_1767694800,0,-117.369,-152.599,-66.049,-250.0
122613_1767694800,0,-50.974,-83.92,-40.061,-38.0
133300_1767694800,0,1.353,-15.18,97.393,54.0
122613_1767695100,0,32.858,-55.993,57.99,30.0
122048_1767695100,0,-227.324,-240.696,-194.327,-359.0
133300_1767695100,0,17.184,-46.607,66.445,90.0
132430_1767695100,0,84.4,-3.97,202.021,116.0
133957_1767695100,0,-12.806,-67.628,64.493,-17.0
132430_1767695400,0,57.84,0.165,171.835,26.0
129964_1767695400,0,7.108,-26.817,27.854,-51.0
130238_1767695400,0,41.609,-28.684,83.197,-12.0
122613_1767695400,0,64.474,-12.472,127.807,123.0
133957_1767695400,0,16.89,-39.42,73.393,28.0
129964_1767695700,0,39.112,-36.108,92.272,-51.0
132430_1767695700,0,114.926,53.088,203.332,30.0
130238_1767695700,0,59.32,-22.697,155.021,2.0
122613_1767695700,0,96.62,55.241,161.019,61.0
129964_1767696000,0,49.267,-19.122,89.458,-11.0
133957_1767696000,0,-26.69,-87.743,18.153,138.0
132430_1767696000,0,98.809,-49.028,183.626,-71.0
130238_1767696000,0,-11.542,-51.267,98.503,-34.0
132430_1767696300,0,74.797,-8.587,177.02,221.0
129964_1767696300,0,21.615,-55.911,85.171,73.0
133957_1767696300,0,-30.86,-71.484,70.781,156.0
130238_1767696300,0,45.167,-14.896,115.588,10.0
132430_1767696600,0,77.383,-20.338,165.854,264.0
129964_1767696600,0,83.483,48.093,140.245,111.0
133957_1767696600,0,75.138,-7.313,150.364,185.0
130238_1767696600,0,-43.464,-113.528,40.298,46.0
129964_1767696900,0,146.007,99.974,209.578,140.0
122613_1767696900,0,33.477,18.984,49.066,0.0
133957_1767696900,0,182.956,94.428,244.345,111.0
132430_1767696900,0,194.588,83.932,267.442,113.0
130238_1767696900,0,-54.185,-100.509,32.504,29.0
132430_1767697200,0,108.434,82.464,151.067,17.0
133300_1767697200,0,57.691,1.017,127.979,49.0
133957_1767697200,0,110.133,56.619,200.533,64.0
129964_1767697200,0,54.997,-23.279,116.136,133.0
130238_1767697200,0,68.03,0.097,111.017,40.0
129964_1767697500,0,2.312,-31.876,44.067,75.0
133957_1767697500,0,40.284,-4.391,121.697,3.0
132430_1767697500,0,77.46,28.274,114.443,86.0
130238_1767697500,0,35.65,-34.234,76.06,32.0
133300_1767697500,0,65.496,-22.122,120.295,77.0
133957_1767697800,0,48.851,-25.57,89.206,18.0
135081_1767697800,0,43.225,11.416,82.582,77.0
132430_1767697800,0,104.156,-4.535,159.049,70.0
133300_1767697800,0,22.045,-19.559,99.547,65.0
129964_1767697800,0,43.164,-14.912,106.326,26.0
135081_1767698100,0,74.613,53.002,85.88,95.0
133300_1767698100,0,64.217,34.594,151.808,151.0
132430_1767698100,0,55.811,-7.743,123.688,49.0
133957_1767698100,0,-11.982,-47.97,36.581,-47.0
131672_1767698100,0,39.269,25.811,40.229,27.0
129964_1767698100,0,41.683,-13.965,102.043,10.0
135081_1767698400,0,97.511,96.352,131.698,135.0
129964_1767698400,0,38.009,-9.732,83.259,14.0
132430_1767698400,0,76.043,8.638,160.977,49.0
131672_1767698400,0,71.831,55.641,86.319,60.0
133957_1767698400,0,-18.295,-90.326,42.464,-69.0
133300_1767698400,0,168.323,92.817,249.227,225.0
131672_1767698700,0,92.084,65.919,96.435,82.0
129964_1767698700,0,-33.571,-91.744,44.777,0.0
135081_1767698700,0,99.934,55.293,175.564,126.0
133957_1767698700,0,-98.439,-145.271,-30.37,-145.0
133957_1767699000,0,-42.302,-93.375,53.333,-96.0
129964_1767699000,0,-7.396,-79.808,39.112,80.0
132430_1767699000,0,36.939,15.266,121.075,14.0
135081_1767699000,0,152.295,117.105,217.57,28.0
122613_1767699000,0,12.916,-7.422,26.311,0.0
131672_1767699000,0,43.831,23.767,87.307,4.0
132430_1767699300,0,14.851,8.229,62.839,14.0
122613_1767699300,0,-40.665,-61.516,-30.669,0.0
129964_1767699300,0,-40.785,-64.175,33.915,49.0
133957_1767699300,0,-151.25,-205.121,-74.859,-249.0
131672_1767699300,0,41.624,21.699,111.045,40.0
135081_1767699300,0,123.754,54.367,214.743,45.0
131672_1767699600,0,-66.584,-103.238,23.874,-28.0
133957_1767699600,0,-230.426,-256.074,-95.688,-254.0
135081_1767699600,0,45.108,-4.509,98.309,55.0
132430_1767699600,0,19.332,-46.642,61.523,-87.0
122613_1767699600,0,-47.45,-69.034,-39.911,-145.0
135081_1767699900,0,13.696,-32.094,66.192,36.0
129964_1767699900,0,-37.175,-53.166,59.714,-53.0
132430_1767699900,0,20.648,-33.579,82.366,-110.0
131672_1767699900,0,-88.931,-130.195,24.333,-29.0
133957_1767699900,0,-185.209,-210.92,-75.636,-158.0
122613_1767699900,0,-74.289,-175.798,52.741,-230.0
131672_1767700200,0,-15.206,-21.419,41.069,-23.0
129964_1767700200,0,-12.061,-45.303,58.838,-73.0
133957_1767700200,0,115.451,28.212,163.475,80.0
135081_1767700200,0,-58.351,-115.898,17.18,-24.0
132430_1767700200,0,-5.735,-82.153,34.463,-136.0
122613_1767700200,0,-42.936,-93.747,44.246,-116.0
129964_1767700500,0,32.923,-2.917,84.727,90.0
132430_1767700500,0,-212.694,-214.212,-169.281,-6.0
133957_1767700500,0,56.085,54.993,101.145,42.0
131672_1767700500,0,-15.662,-62.273,36.862,-47.0
122613_1767700500,0,-54.351,-118.826,-48.373,-79.0
135081_1767700500,0,-83.66,-137.153,-7.049,-98.0
122048_1767700800,0,221.747,219.249,293.018,374.0
131672_1767700800,0,-94.248,-138.007,-32.622,-105.0
133300_1767700800,0,146.786,66.031,195.735,260.0
122613_1767700800,0,-84.539,-138.023,-37.472,-50.0
122658_1767700800,0,52.931,-18.865,141.156,143.0
122048_1767701100,0,237.353,199.358,277.145,312.0
122658_1767701100,0,172.805,164.12,226.435,121.0
122613_1767701100,0,-159.141,-170.422,-117.439,-155.0
131672_1767701100,0,-66.56,-127.64,-12.374,-83.0
122613_1767701400,0,-134.435,-150.219,-78.904,-175.0
122048_1767701400,0,317.539,295.65,317.626,354.0
133300_1767701400,0,-73.79,-84.447,-45.931,-7.0
131672_1767701400,0,-111.531,-169.787,-33.4,-207.0
133300_1767701700,0,29.986,1.364,32.59,-7.0
122658_1767701700,0,-0.385,-27.462,4.864,0.0
122048_1767701700,0,273.559,232.54,274.753,273.0
122613_1767701700,0,-31.757,-81.504,-0.892,-47.0
122658_1767702000,0,9.233,-4.344,9.713,0.0
133300_1767702000,0,49.944,-27.745,99.601,132.0
122613_1767702000,0,-98.658,-169.947,-54.918,-61.0
122048_1767702000,0,226.068,199.244,236.406,252.0
122658_1767702300,0,20.528,15.816,32.745,0.0
122048_1767702300,0,184.49,138.271,247.195,158.0
122613_1767702300,0,9.133,-61.796,43.797,66.0
133300_1767702300,0,64.83,-14.915,128.544,114.0
133957_1767702600,0,72.018,18.079,143.484,172.0
133300_1767702600,0,98.856,47.356,176.739,47.0
132430_1767702600,0,144.745,85.412,241.795,-64.0
122658_1767702600,0,6.369,4.19,12.053,0.0
122048_1767702600,0,137.5,72.046,242.481,144.0
135081_1767702600,0,-97.486,-126.951,-42.226,-131.0
135081_1767702900,0,-109.866,-130.931,-76.934,-144.0
133300_1767702900,0,99.85,65.563,158.199,95.0
122658_1767702900,0,0.334,0.304,19.215,0.0
122048_1767702900,0,197.758,107.595,260.855,138.0
133957_1767702900,0,35.192,-13.083,103.388,97.0
132430_1767702900,0,12.226,-40.649,79.848,-181.0
134040_1767703200,0,-29.238,-116.293,31.63,-35.0
122658_1767703200,0,-7.099,-13.369,-6.559,0.0
131672_1767703200,0,19.714,18.814,47.63,17.0
132430_1767703200,0,4.257,-64.395,81.26,-100.0
122048_1767703200,0,79.656,25.922,134.647,87.0
133957_1767703200,0,68.656,2.949,139.503,101.0
133300_1767703200,0,196.067,121.672,239.9,322.0
135081_1767703200,0,-85.956,-137.397,-16.667,-171.0
133957_1767703500,0,130.808,75.079,198.525,161.0
132430_1767703500,0,-53.724,-132.313,14.737,-75.0
134040_1767703500,0,-21.864,-41.898,48.504,-35.0
122658_1767703500,0,-3.331,-19.725,-1.168,0.0
131672_1767703500,0,67.421,49.727,132.799,76.0
122048_1767703500,0,59.784,34.146,118.05,84.0
135081_1767703500,0,-114.331,-180.383,-43.945,-72.0
132430_1767703800,0,-93.223,-135.073,-44.11,-58.0
122658_1767703800,0,1.114,-47.374,64.605,103.0
135081_1767703800,0,-74.928,-159.624,15.03,-16.0
131672_1767703800,0,50.577,37.337,132.522,53.0
134040_1767703800,0,62.346,40.911,79.227,52.0
133957_1767703800,0,73.69,-15.708,154.59,40.0
133300_1767703800,0,8.745,-42.582,85.469,-25.0
122048_1767703800,0,50.851,17.071,78.741,84.0
131672_1767704100,0,116.289,56.109,197.121,192.0
132430_1767704100,0,-83.231,-89.132,-22.815,-74.0
133957_1767704100,0,93.144,52.353,150.258,139.0
135081_1767704100,0,-10.066,-69.202,72.707,-27.0
122658_1767704100,0,64.203,-20.273,130.193,252.0
134040_1767704100,0,74.384,15.629,120.563,87.0
122048_1767704100,0,26.073,15.293,29.398,0.0
122048_1767704400,0,4.23,-2.759,20.543,0.0
134040_1767704400,0,65.562,-3.415,150.034,91.0
135081_1767704400,0,14.388,-6.787,86.112,11.0
122658_1767704400,0,130.298,25.85,226.11,289.0
129964_1767704400,0,-10.48,-93.972,39.684,-106.0
122048_1767704700,0,24.433,-12.717,24.443,0.0
132430_1767704700,0,-54.697,-83.751,-10.662,16.0
134040_1767704700,0,78.723,5.782,180.213,-7.0
122658_1767704700,0,105.482,21.51,198.484,321.0
129964_1767704700,0,1.071,-65.538,43.822,-150.0
134040_1767705000,0,62.806,-6.208,163.636,47.0
122658_1767705000,0,420.636,292.915,470.895,406.0
122048_1767705000,0,17.666,-20.352,33.518,0.0
129964_1767705000,0,53.259,-32.679,53.38,-165.0
132430_1767705000,0,-4.658,-12.28,5.587,16.0
132430_1767705300,0,-1.873,-74.446,30.594,17.0
122048_1767705300,0,-7.051,-13.866,-1.545,0.0
129964_1767705300,0,-27.824,-65.747,6.026,-95.0
134040_1767705300,0,60.291,-13.238,154.318,84.0
132430_1767705600,0,78.013,-13.266,145.915,77.0
133957_1767705600,0,94.87,69.272,110.579,113.0
129964_1767705600,0,-41.93,-91.172,-0.947,11.0
122658_1767705600,0,66.099,39.676,97.398,0.0
122048_1767705600,0,-4.277,-10.489,-3.131,0.0
134040_1767705600,0,23.017,-44.509,95.438,113.0
122613_1767705900,0,-20.919,-35.337,-5.246,0.0
133957_1767705900,0,123.586,80.545,134.076,123.0
132430_1767705900,0,121.022,37.5,181.01,57.0
129964_1767705900,0,-123.716,-182.561,-65.032,-32.0
122658_1767705900,0,21.567,-7.022,24.613,0.0
134040_1767705900,0,36.349,-34.041,80.096,37.0
122048_1767705900,0,-0.016,-0.582,1.339,0.0
135081_1767705900,0,32.321,-24.234,84.743,79.0
122048_1767706200,0,-4.085,-10.486,0.92,0.0
131672_1767706200,0,-15.11,-78.736,32.133,37.0
129964_1767706200,0,-79.372,-127.693,7.92,-50.0
132430_1767706200,0,122.445,20.117,228.178,196.0
134040_1767706200,0,64.737,-0.447,109.444,123.0
134040_1767706500,0,100.933,22.799,181.714,172.0
132430_1767706500,0,129.667,1.805,234.591,103.0
131672_1767706500,0,81.951,18.228,116.423,131.0
122048_1767706500,0,6.83,5.948,7.483,0.0
129964_1767706500,0,-23.181,-94.027,41.118,-51.0
129964_1767706800,0,-20.175,-87.45,49.888,-34.0
134040_1767706800,0,173.902,85.387,251.542,317.0
122048_1767706800,0,23.29,-4.598,53.393,0.0
132430_1767706800,0,60.193,-9.532,165.301,53.0
134040_1767707100,0,106.596,32.289,206.433,231.0
129964_1767707100,0,-26.702,-79.374,16.436,25.0
122048_1767707100,0,-8.277,-32.579,-3.597,0.0
132430_1767707100,0,104.528,43.344,200.823,78.0
122048_1767707400,0,-1.609,-19.398,3.577,0.0
134040_1767707400,0,164.036,101.196,202.914,234.0
129964_1767707400,0,-26.728,-82.234,51.469,-62.0
132430_1767707400,0,114.467,-7.087,206.266,39.0
122048_1767707700,0,10.383,-3.46,10.609,0.0
134040_1767707700,0,158.593,95.398,200.613,200.0
132430_1767707700,0,131.057,82.061,212.867,58.0
129964_1767707700,0,-20.079,-65.013,41.483,5.0
133957_1767708000,0,180.724,103.556,273.88,253.0
132430_1767708000,0,136.084,42.205,228.232,192.0
129964_1767708000,0,-26.696,-88.238,64.91,-6.0
122613_1767708000,0,9.863,-7.982,26.195,0.0
135081_1767708000,0,138.037,50.327,229.978,19.0
133957_1767708300,0,136.003,79.059,214.441,180.0
122613_1767708300,0,-9.664,-32.985,-4.676,0.0
132430_1767708300,0,83.105,-5.703,184.982,68.0
135081_1767708300,0,32.159,-26.801,162.012,-36.0
129964_1767708600,0,-99.048,-140.212,-5.211,-114.0
122613_1767708600,0,-41.386,-57.187,-39.822,-77.0
135081_1767708600,0,-27.472,-93.015,35.255,-19.0
131672_1767708600,0,46.28,-15.435,126.482,60.0
132430_1767708600,0,41.17,-34.097,131.814,-7.0
133957_1767708600,0,171.805,103.892,214.162,238.0
131672_1767708900,0,93.645,31.451,156.474,90.0
132430_1767708900,0,80.923,12.803,167.484,115.0
122613_1767708900,0,-21.761,-51.496,-1.191,0.0
135081_1767708900,0,-17.888,-60.003,35.462,-17.0
129964_1767708900,0,-39.937,-102.624,25.534,-106.0
133957_1767708900,0,146.775,80.103,209.484,170.0
132430_1767709200,0,59.331,-14.078,125.237,98.0
122613_1767709200,0,-22.15,-22.738,-12.076,0.0
135081_1767709200,0,-70.551,-109.124,37.974,-17.0
133957_1767709200,0,86.049,55.727,133.191,81.0
131672_1767709200,0,94.328,21.328,161.929,91.0
129964_1767709200,0,14.258,-41.374,31.26,-77.0
131672_1767709500,0,126.615,92.809,189.964,115.0
132430_1767709500,0,144.362,68.508,202.336,158.0
122613_1767709500,0,-29.859,-31.858,-18.647,0.0
135081_1767709500,0,-85.26,-116.672,-13.194,-102.0
129964_1767709500,0,-58.649,-88.586,-35.533,-93.0
122613_1767709800,0,-19.478,-24.889,-17.449,0.0
135081_1767709800,0,-62.174,-152.637,36.184,-84.0
134040_1767709800,0,41.982,-37.766,163.995,79.0
132430_1767709800,0,119.537,86.629,169.698,137.0
129964_1767709800,0,-33.547,-84.828,16.868,-69.0
122613_1767710100,0,4.371,-11.26,8.481,0.0
129964_1767710100,0,-47.984,-98.972,-16.486,-42.0
135081_1767710100,0,-50.256,-101.94,8.551,-126.0
134040_1767710100,0,-1.05,-65.881,96.999,4.0
122613_1767710400,0,-16.341,-18.812,-15.882,0.0
132430_1767710400,0,-25.417,-27.867,-11.752,23.0
134040_1767710400,0,37.941,-18.707,130.637,68.0
129964_1767710400,0,-115.406,-178.621,-47.226,-145.0
135081_1767710400,0,-75.258,-115.949,-15.477,-128.0
135081_1767710700,0,-134.206,-193.543,-68.138,-145.0
122613_1767710700,0,25.509,11.127,34.484,0.0
134040_1767710700,0,55.542,-8.344,140.769,87.0
132430_1767710700,0,-1.379,-1.607,18.615,23.0
129964_1767710700,0,-88.982,-131.318,-40.719,-127.0
134040_1767711000,0,82.807,9.281,180.807,187.0
129964_1767711000,0,-74.697,-146.403,-6.99,-207.0
132430_1767711000,0,25.606,-4.619,33.774,47.0
122613_1767711000,0,-13.108,-20.907,-4.816,0.0
135081_1767711000,0,-142.954,-183.743,-52.507,-175.0
134040_1767711300,0,74.34,3.232,179.736,267.0
129964_1767711300,0,-65.175,-126.707,-18.877,-66.0
122613_1767711300,0,17.188,13.753,26.707,0.0
132430_1767711300,0,42.477,-14.142,90.232,33.0
135081_1767711300,0,-117.224,-184.277,-41.68,-168.0
135081_1767711600,0,-45.355,-136.939,25.488,11.0
131672_1767711600,0,-47.94,-102.514,15.981,-47.0
133957_1767711600,0,135.975,55.886,224.302,26.0
132430_1767711600,0,94.426,54.504,128.156,171.0
134040_1767711600,0,103.419,45.301,190.256,199.0
133957_1767711900,0,84.262,-0.909,152.777,17.0
134040_1767711900,0,175.653,98.378,246.921,181.0
131672_1767711900,0,-63.698,-114.793,50.571,-52.0
132430_1767711900,0,132.799,30.996,240.928,384.0
135081_1767711900,0,2.196,-64.162,86.081,-12.0
132430_1767712200,0,142.943,35.885,263.807,291.0
135081_1767712200,0,43.607,4.203,108.551,-28.0
133300_1767712200,0,-10.203,-47.702,8.237,-35.0
134040_1767712200,0,190.691,102.694,269.601,202.0
133957_1767712200,0,6.081,-39.702,63.062,28.0
133957_1767712500,0,-14.628,-71.446,62.886,-36.0
135081_1767712500,0,-30.154,-48.188,29.243,59.0
133300_1767712500,0,1.57,1.51,9.352,-35.0
132430_1767712500,0,186.123,106.281,277.609,226.0
134040_1767712500,0,182.967,156.215,227.224,199.0
130238_1767712500,0,25.271,23.194,25.788,10.0
134040_1767712800,0,134.893,85.4,177.06,183.0
130238_1767712800,0,-4.413,-6.354,19.215,-40.0
132430_1767712800,0,262.575,185.265,349.476,258.0
133300_1767712800,0,30.75,8.68,33.893,36.0
133957_1767712800,0,-38.181,-102.52,35.258,-93.0
134040_1767713100,0,108.34,60.128,191.613,91.0
130238_1767713100,0,-16.43,-36.993,-13.728,-124.0
132430_1767713100,0,203.851,140.488,267.199,199.0
133300_1767713100,0,-6.341,-48.228,80.111,-9.0
133957_1767713100,0,-1.608,-71.599,97.57,74.0
122658_1767713100,0,12.102,-13.139,40.439,27.0
122613_1767713400,0,20.038,19.481,30.568,0.0
122658_1767713400,0,42.656,25.322,70.87,86.0
131672_1767713400,0,25.054,1.392,33.194,12.0
130238_1767713400,0,-49.837,-104.245,28.162,-99.0
133957_1767713400,0,-84.175,-135.379,0.213,75.0
122048_1767713400,0,12.865,2.039,24.855,0.0
129964_1767713400,0,-47.365,-78.346,18.552,-129.0
122613_1767713700,0,15.82,12.491,26.475,0.0
131672_1767713700,0,24.926,10.34,61.164,86.0
129964_1767713700,0,-97.384,-142.512,-56.252,-33.0
133957_1767713700,0,26.767,-26.871,109.245,-11.0
122658_1767713700,0,89.789,71.554,115.498,159.0
122048_1767713700,0,-10.528,-26.929,12.957,0.0
130238_1767713700,0,-61.223,-98.681,-6.683,-47.0
122613_1767714000,0,21.81,3.662,36.083,0.0
131672_1767714000,0,22.421,-10.414,31.268,67.0
122048_1767714000,0,-36.478,-41.333,-21.195,0.0
130238_1767714000,0,-69.869,-133.977,8.51,-41.0
122658_1767714000,0,178.721,118.596,253.508,225.0
129964_1767714000,0,-26.265,-57.999,11.282,25.0
122613_1767714300,0,-5.024,-6.655,7.078,0.0
130238_1767714300,0,-89.537,-124.99,-26.401,-45.0
129964_1767714300,0,53.269,7.182,133.349,8.0
122048_1767714300,0,8.797,-22.303,19.619,0.0
131672_1767714300,0,81.843,20.524,153.864,70.0
122658_1767714300,0,140.166,18.971,241.044,348.0
122048_1767714600,0,-27.867,-49.198,-20.988,0.0
129964_1767714600,0,-13.101,-83.807,75.835,-49.0
122613_1767714600,0,-3.03,-7.178,7.268,0.0
130238_1767714600,0,-82.073,-145.901,-6.454,-30.0
122658_1767714600,0,150.505,94.751,216.023,362.0
131672_1767714600,0,50.506,4.99,109.689,13.0
122613_1767714900,0,-0.313,-3.717,-0.296,0.0
130238_1767714900,0,-5.662,-35.962,58.856,-78.0
122658_1767714900,0,-56.871,-61.312,-26.39,2.0
129964_1767714900,0,-29.889,-68.625,59.947,-82.0
122048_1767714900,0,-2.821,-3.709,7.975,0.0
131672_1767714900,0,-44.348,-95.458,41.266,-150.0
122048_1767715200,0,5.43,4.505,9.62,0.0
122658_1767715200,0,16.399,7.021,52.387,0.0
132430_1767715200,0,384.743,286.664,491.191,485.0
122613_1767715200,0,-4.729,-7.744,-2.117,0.0
133300_1767715200,0,61.465,1.559,128.236,22.0
129964_1767715200,0,-62.68,-112.212,13.217,-134.0
130238_1767715200,0,-49.741,-86.049,4.025,-97.0
122658_1767715500,0,33.709,24.343,80.239,0.0
132430_1767715500,0,370.1,298.271,474.838,483.0
122048_1767715500,0,10.075,7.179,12.857,0.0
129964_1767715500,0,-56.036,-102.927,30.746,-115.0
122613_1767715500,0,-35.616,-50.089,-28.099,0.0
133300_1767715500,0,58.316,-7.637,114.31,-24.0
122613_1767715800,0,-27.181,-96.08,65.623,-18.0
133300_1767715800,0,8.984,-19.243,77.184,-87.0
122048_1767715800,0,-0.347,-13.202,2.112,0.0
122658_1767715800,0,-23.192,-38.331,2.304,0.0
129964_1767715800,0,-90.127,-118.502,-44.382,-2.0
133300_1767716100,0,-32.882,-68.933,38.586,-38.0
122613_1767716100,0,19.776,-61.791,125.178,11.0
129964_1767716100,0,-94.293,-127.526,-0.667,-46.0
122048_1767716100,0,-3.304,-7.63,1.692,0.0
122658_1767716100,0,1.486,-2.949,14.814,0.0
133300_1767716400,0,20.812,-35.848,139.67,207.0
122048_1767716400,0,23.72,9.744,23.913,0.0
129964_1767716400,0,-58.539,-115.344,16.074,-13.0
133957_1767716400,0,85.007,74.761,106.245,115.0
122613_1767716400,0,-51.976,-97.488,10.479,-88.0
130238_1767716400,0,56.606,38.933,87.513,98.0
122658_1767716400,0,-9.569,-10.497,-5.317,0.0
122613_1767716700,0,22.784,-16.865,111.016,-27.0
133957_1767716700,0,104.772,73.687,133.94,104.0
130238_1767716700,0,-7.408,-33.754,12.958,9.0
122048_1767716700,0,1.461,-18.798,6.497,0.0
129964_1767716700,0,-20.557,-58.467,49.37,303.0
122658_1767716700,0,-6.301,-8.306,-1.509,0.0
122658_1767717000,0,0.009,-5.353,21.055,0.0
130238_1767717000,0,73.967,60.536,103.199,-55.0
135081_1767717000,0,50.908,4.991,147.586,92.0
122613_1767717000,0,-27.264,-79.653,51.709,-62.0
129964_1767717300,0,-63.091,-93.812,-6.772,-111.0
135081_1767717300,0,9.899,-51.618,119.048,-22.0
130238_1767717300,0,51.275,30.447,152.934,-41.0
122613_1767717300,0,-24.464,-59.983,40.705,-54.0
122613_1767717600,0,-23.143,-80.767,57.137,-11.0
130238_1767717600,0,-25.428,-88.565,20.247,-57.0
135081_1767717600,0,26.727,-39.787,137.547,-133.0
129964_1767717600,0,-137.513,-151.508,-74.93,-126.0
122658_1767717600,0,42.744,36.919,64.319,-46.0
135081_1767717900,0,-24.712,-89.844,52.105,-127.0
122613_1767717900,0,-53.784,-92.543,-7.284,55.0
122658_1767717900,0,7.863,-33.495,49.627,38.0
129964_1767717900,0,-50.987,-107.835,50.041,38.0
130238_1767717900,0,-58.146,-83.881,15.607,-92.0
129964_1767718200,0,-46.121,-88.88,-21.773,57.0
130238_1767718200,0,-27.65,-92.457,51.218,-38.0
122613_1767718200,0,18.193,8.286,23.621,72.0
122658_1767718200,0,34.927,2.38,81.66,39.0
135081_1767718200,0,-56.39,-96.846,21.192,-51.0
122658_1767718500,0,81.534,1.909,194.931,63.0
122613_1767718500,0,97.824,68.422,99.973,72.0
129964_1767718500,0,33.861,-7.705,97.617,71.0
135081_1767718500,0,-35.185,-88.742,37.512,-77.0
130238_1767718500,0,-39.702,-69.796,11.801,-3.0
130238_1767718800,0,-49.213,-88.869,3.373,-85.0
133957_1767718800,0,-54.069,-113.695,39.716,-35.0
122658_1767718800,0,-44.418,-118.51,80.044,107.0
129964_1767718800,0,84.707,25.114,158.343,39.0
135081_1767718800,0,-121.902,-147.842,-33.678,-153.0
133300_1767718800,0,90.404,24.36,164.351,231.0
129964_1767719100,0,-32.873,-69.599,25.951,-44.0
135081_1767719100,0,-14.226,-95.905,36.487,-144.0
130238_1767719100,0,-45.734,-106.0,58.212,99.0
133957_1767719100,0,-92.093,-130.82,-6.467,-113.0
122658_1767719100,0,114.92,77.754,154.954,88.0
122658_1767719400,0,-39.039,-57.942,-21.283,0.0
135081_1767719400,0,-63.885,-117.702,-16.627,-123.0
133957_1767719400,0,-0.034,-58.246,88.028,-174.0
130238_1767719400,0,10.484,-64.797,120.864,160.0
133300_1767719400,0,-10.072,-33.364,80.143,-24.0
129964_1767719400,0,-46.584,-106.974,48.833,-130.0
135081_1767719700,0,-124.039,-160.2,-72.077,-137.0
122658_1767719700,0,-19.143,-25.98,19.092,0.0
130238_1767719700,0,-15.75,-104.838,51.878,134.0
129964_1767719700,0,-54.973,-113.655,29.452,-135.0
133957_1767719700,0,-91.257,-158.557,15.967,-173.0
133300_1767719700,0,27.212,-22.23,122.614,22.0
133300_1767720000,0,41.965,-45.559,160.68,-46.0
122048_1767720000,0,-341.165,-352.355,-258.966,-336.0
133957_1767720000,0,-122.083,-174.912,-44.795,-218.0
130238_1767720000,0,87.84,3.576,208.823,35.0
122658_1767720000,0,24.36,12.981,24.44,0.0
129964_1767720000,0,-79.249,-118.469,-5.257,-14.0
135081_1767720000,0,-194.42,-210.172,-116.164,-199.0
133300_1767720300,0,23.83,-39.793,132.368,-26.0
129964_1767720300,0,-106.591,-136.88,-30.545,-105.0
135081_1767720300,0,-205.034,-242.583,-70.61,-231.0
122048_1767720300,0,-186.447,-238.844,-104.389,-130.0
130238_1767720300,0,72.226,14.234,183.317,41.0
122658_1767720300,0,-3.469,-11.831,1.332,0.0
122048_1767720600,0,-8.439,-28.499,6.458,-32.0
129964_1767720600,0,-38.008,-98.053,29.875,-10.0
122658_1767720600,0,-12.746,-17.201,-6.009,0.0
135081_1767720600,0,-129.426,-166.415,-73.734,-180.0
130238_1767720600,0,15.253,-32.206,91.93,-64.0
122048_1767720900,0,-47.652,-118.03,7.666,-32.0
135081_1767720900,0,-114.35,-163.526,-65.535,-34.0
133957_1767720900,0,-16.16,-31.907,32.643,67.0
130238_1767720900,0,-21.939,-77.31,45.347,-125.0
122658_1767720900,0,36.648,5.835,49.491,0.0
129964_1767720900,0,-60.071,-127.614,34.524,49.0
130238_1767721200,0,-19.021,-75.684,52.183,-103.0
133957_1767721200,0,36.085,23.632,75.773,28.0
122048_1767721200,0,-14.529,-20.857,34.354,-108.0
122658_1767721200,0,-0.894,-8.35,10.01,0.0
135081_1767721200,0,-26.291,-36.495,-17.494,4.0
135081_1767721500,0,3.368,-71.9,55.469,12.0
122048_1767721500,0,-102.859,-139.869,-36.895,-141.0
130238_1767721500,0,-74.435,-113.174,-42.393,-170.0
133957_1767721500,0,70.716,31.191,91.52,83.0
122048_1767721800,0,-135.417,-169.25,-74.775,-174.0
133957_1767721800,0,58.756,20.647,132.988,-28.0
135081_1767721800,0,2.43,-4.572,30.029,48.0
122048_1767722100,0,-107.223,-107.951,-70.6,-157.0
133957_1767722100,0,-18.416,-33.852,66.087,-73.0
132430_1767722400,0,371.501,294.484,426.043,380.0
133300_1767722400,0,68.459,43.759,147.689,310.0
134040_1767722400,0,83.999,65.187,174.465,107.0
122048_1767722400,0,-154.572,-154.617,-125.586,-146.0
134040_1767722700,0,96.372,84.224,145.21,295.0
133300_1767722700,0,279.915,237.695,331.299,406.0
122048_1767722700,0,-85.394,-96.326,-81.022,-104.0
132430_1767722700,0,430.904,393.369,493.768,324.0
133300_1767723000,0,493.831,450.606,519.654,580.0
134040_1767723000,0,182.284,74.871,290.045,407.0
122048_1767723000,0,6.581,-12.29,12.5,-70.0
132430_1767723000,0,502.637,494.174,514.049,452.0
132430_1767723300,0,318.762,270.227,412.712,333.0
122048_1767723300,0,81.385,60.565,81.689,48.0
134040_1767723300,0,213.88,146.658,249.058,342.0
122048_1767723600,0,59.862,18.577,109.842,66.0
134040_1767723600,0,340.885,332.97,342.751,401.0
132430_1767723600,0,393.765,384.362,421.648,310.0
133300_1767723600,0,37.951,-12.423,63.653,-5.0
122048_1767723900,0,117.884,66.891,194.305,50.0
132430_1767723900,0,473.946,413.473,491.686,285.0
134040_1767723900,0,316.654,224.16,371.832,487.0
132430_1767724200,0,311.447,258.865,350.259,309.0
134040_1767724200,0,415.629,385.931,457.073,465.0
122048_1767724200,0,113.382,64.902,186.165,35.0
131672_1767724200,0,321.325,212.222,401.187,368.0
131672_1767724500,0,315.405,282.99,345.136,365.0
122048_1767724500,0,71.239,-0.925,160.516,133.0
134040_1767724500,0,386.116,382.161,417.434,409.0
132430_1767724500,0,324.409,271.036,367.001,299.0
132430_1767724800,0,201.901,123.543,222.839,45.0
122048_1767724800,0,109.29,66.099,186.851,250.0
132430_1767725100,0,138.662,102.788,154.3,45.0
122048_1767725100,0,256.498,202.07,334.567,274.0
132430_1767725400,0,129.958,83.781,162.497,-1.0
122048_1767725400,0,441.605,415.325,501.731,356.0
122048_1767725700,0,312.988,255.739,369.101,417.0
132430_1767725700,0,86.015,4.815,165.38,27.0
122048_1767726000,0,402.187,298.753,459.263,481.0
135081_1767726000,0,195.964,107.936,305.064,311.0
122048_1767726300,0,402.888,321.201,447.371,523.0
135081_1767726300,0,187.049,86.902,297.526,146.0
135081_1767726600,0,134.651,49.312,246.069,53.0
131672_1767726900,0,39.927,-59.565,98.596,-3.0
135081_1767726900,0,76.715,-19.903,200.309,-68.0
131672_1767727200,0,76.325,-43.734,153.161,-9.0
122048_1767727200,0,14.957,-3.44,44.826,-54.0
135081_1767727200,0,63.136,-18.309,158.032,-32.0
135081_1767727500,0,3.455,-57.25,89.599,-15.0
131672_1767727500,0,144.311,48.873,225.244,163.0
131672_1767727800,0,254.012,241.74,271.789,302.0
131672_1767728100,0,241.843,216.136,289.658,382.0
131672_1767728400,0,237.411,123.995,329.052,359.0
122048_1767728700,0,-211.982,-299.232,-134.062,-348.0
131672_1767728700,0,376.264,271.905,440.252,492.0
133957_1767729000,0,72.144,18.331,141.327,39.0
122048_1767729000,0,-102.611,-238.279,-55.745,-142.0
131672_1767729000,0,382.095,283.634,459.565,533.0
122048_1767729300,0,-26.207,-126.99,10.737,36.0
131672_1767729300,0,454.312,356.934,549.372,478.0
133957_1767729300,0,88.273,20.398,163.782,171.0
131672_1767729600,0,498.479,493.848,513.255,557.0
133957_1767729600,0,139.237,80.76,152.964,141.0
122048_1767729600,0,55.453,51.565,59.466,41.0
132430_1767729600,0,58.058,0.59,145.724,21.0
122048_1767729900,0,148.569,114.634,179.224,93.0
133957_1767729900,0,211.728,158.477,293.9,126.0
132430_1767729900,0,38.217,-15.073,143.56,177.0
122048_1767730200,0,95.277,48.235,182.9,99.0
130072_1767730200,0,48.382,42.926,57.104,60.0
133957_1767730200,0,156.86,87.861,267.251,83.0
132430_1767730200,0,21.992,-42.422,130.755,173.0
133957_1767730500,0,154.253,88.722,217.968,53.0
122048_1767730500,0,102.618,54.843,164.108,-3.0
132430_1767730500,0,75.289,4.045,145.654,146.0
130072_1767730500,0,58.821,26.552,71.6,60.0
130072_1767730800,0,64.1,24.018,79.781,106.0
122048_1767730800,0,91.981,67.896,148.087,25.0
133957_1767730800,0,101.005,52.7,173.415,38.0
132430_1767730800,0,167.94,92.746,270.527,234.0
133957_1767731100,0,55.352,-3.512,147.335,59.0
130072_1767731100,0,87.108,70.975,117.607,22.0
122048_1767731100,0,12.87,-15.119,81.868,4.0
132430_1767731100,0,299.468,293.795,315.565,277.0
132430_1767731400,0,230.55,166.024,313.528,192.0
133957_1767731400,0,6.722,-47.911,73.964,46.0
130072_1767731400,0,63.982,30.382,156.608,49.0
133957_1767731700,0,98.761,25.141,154.289,116.0
130072_1767731700,0,8.962,-49.542,99.485,78.0
132430_1767731700,0,238.06,140.627,303.309,201.0
131672_1767732000,0,29.016,26.388,50.924,32.0
132430_1767732000,0,231.059,159.411,308.638,167.0
130072_1767732000,0,75.865,-8.411,162.284,158.0
133957_1767732000,0,83.811,26.222,150.554,129.0
130072_1767732300,0,43.339,-32.344,121.442,161.0
132430_1767732300,0,231.092,133.723,310.142,337.0
131672_1767732300,0,27.745,23.75,39.822,16.0
132430_1767732600,0,219.031,169.65,310.867,338.0
133957_1767732600,0,-26.001,-37.078,43.193,39.0
131672_1767732600,0,86.633,67.06,110.531,34.0
135081_1767732600,0,30.095,-42.389,89.048,79.0
130072_1767732600,0,169.798,97.345,227.042,226.0
131672_1767732900,0,95.458,81.835,167.304,41.0
133957_1767732900,0,-20.092,-20.253,45.717,-49.0
130072_1767732900,0,204.746,126.859,237.199,187.0
132430_1767732900,0,330.032,262.724,409.745,238.0
135081_1767732900,0,65.555,-36.857,143.523,136.0
130072_1767733200,0,103.458,72.621,141.711,125.0
135081_1767733200,0,76.964,-72.025,124.986,40.0
133957_1767733200,0,64.463,26.789,94.926,59.0
122048_1767733200,0,16.757,14.937,41.528,0.0
132430_1767733200,0,277.58,231.665,341.288,153.0
130072_1767733500,0,93.955,48.211,148.792,125.0
122048_1767733500,0,30.864,19.053,31.315,0.0
132430_1767733500,0,305.185,222.822,372.665,168.0
133957_1767733500,0,26.16,-4.906,117.534,28.0
135081_1767733500,0,126.834,56.439,237.638,44.0
130072_1767733800,0,116.827,110.41,117.141,168.0
135081_1767733800,0,94.071,41.092,148.483,51.0
133957_1767733800,0,-18.201,-40.337,64.536,15.0
122048_1767733800,0,34.159,32.442,68.033,0.0
132430_1767733800,0,216.158,160.578,305.159,179.0
135081_1767734100,0,-12.49,-82.66,45.752,-16.0
133957_1767734100,0,34.385,2.585,96.889,45.0
130072_1767734100,0,85.842,15.424,115.508,195.0
122048_1767734100,0,6.973,6.16,9.532,0.0
132430_1767734100,0,229.148,157.338,281.627,96.0
133957_1767734400,0,36.556,-1.91,104.293,7.0
135081_1767734400,0,2.56,-60.746,70.327,-59.0
122048_1767734400,0,-13.238,-16.236,-6.806,0.0
130072_1767734400,0,73.593,58.842,90.043,163.0
135081_1767734700,0,-37.617,-74.608,41.366,-170.0
130072_1767734700,0,6.315,-48.514,38.163,0.0
122048_1767734700,0,25.783,17.813,38.344,0.0
133957_1767734700,0,22.695,-23.587,94.307,65.0
134040_1767735000,0,414.996,406.035,421.61,434.0
133957_1767735000,0,-19.32,-57.757,31.419,21.0
130072_1767735000,0,3.58,2.328,30.524,0.0
130072_1767735300,0,17.803,-24.272,59.834,0.0
134040_1767735300,0,408.792,391.354,415.212,434.0
133957_1767735300,0,51.244,-0.345,114.227,50.0
133957_1767735600,0,64.127,16.951,149.977,77.0
130072_1767735600,0,-21.368,-35.037,25.197,0.0
134040_1767735900,0,-20.465,-68.067,76.29,0.0
130072_1767735900,0,0.15,-15.858,6.618,0.0
134040_1767736200,0,-14.282,-30.36,62.728,0.0
130072_1767736200,0,5.345,-0.906,8.077,0.0
134040_1767736500,0,37.82,23.668,49.164,0.0
130072_1767736500,0,11.812,9.519,11.953,0.0
134040_1767736800,0,-1.017,-20.412,1.35,0.0
135081_1767736800,0,-146.091,-168.396,-84.757,-98.0
133957_1767736800,0,19.534,9.821,52.928,32.0
133957_1767737100,0,70.781,14.887,113.001,-8.0
135081_1767737100,0,-129.646,-156.321,-57.068,37.0
134040_1767737100,0,3.914,1.155,5.973,0.0
133957_1767737400,0,67.243,28.688,104.658,27.0
135081_1767737400,0,-85.472,-156.085,10.299,13.0
134040_1767737400,0,4.96,-8.831,13.431,0.0
133957_1767737700,0,42.892,-36.262,123.672,-22.0
135081_1767737700,0,58.792,22.799,143.015,172.0
134040_1767737700,0,1.971,-8.165,4.568,0.0
134040_1767738000,0,-0.52,-12.608,6.945,0.0
134494_1767738000,0,7.861,-20.639,40.216,0.0
132430_1767738000,0,87.22,69.937,93.103,90.0
135081_1767738000,0,56.847,6.471,116.103,87.0
133957_1767738000,0,21.679,-49.836,65.35,-77.0
135081_1767738300,0,83.742,63.008,114.785,73.0
134040_1767738300,0,-3.253,-20.674,4.188,0.0
132430_1767738300,0,95.029,57.682,113.024,108.0
134494_1767738300,0,6.13,1.912,7.457,0.0
134494_1767738600,0,4.091,2.651,4.107,0.0
134040_1767738600,0,-0.018,-3.767,4.93,0.0
134494_1767738900,0,-12.929,-16.872,4.523,0.0
134040_1767738900,0,-3.22,-18.189,7.159,0.0
134494_1767739200,0,10.043,-13.376,12.384,0.0
134040_1767739200,0,-13.305,-16.487,-5.05,0.0
134040_1767739500,0,-15.738,-17.445,-12.712,0.0
134494_1767739500,0,-0.487,-5.418,3.391,0.0
134040_1767739800,0,-24.226,-34.296,-15.119,0.0
134494_1767739800,0,-1.021,-10.009,2.797,0.0
134494_1767740100,0,-11.905,-27.734,-1.035,0.0
134040_1767740100,0,1.827,-7.402,14.975,0.0
134040_1767740400,0,-13.507,-23.068,-5.9,0.0
132430_1767740400,0,117.284,48.601,227.748,151.0
130072_1767740700,0,10.538,-3.876,27.759,0.0
132430_1767740700,0,72.766,20.736,148.366,124.0
134040_1767740700,0,-9.008,-20.046,7.796,0.0
132430_1767741000,0,103.133,97.031,166.598,60.0
130072_1767741000,0,20.251,17.975,26.648,0.0
130072_1767741300,0,12.655,7.78,18.44,0.0
132430_1767741300,0,75.164,24.326,136.761,85.0
132430_1767741600,0,111.642,53.464,188.309,189.0
130072_1767741600,0,3.301,-6.083,29.921,0.0
132430_1767741900,0,51.073,-3.821,104.195,160.0
130072_1767741900,0,-2.094,-9.982,13.044,0.0
132430_1767742200,0,76.041,50.044,139.237,74.0
134494_1767742200,0,-11.815,-15.806,-1.826,0.0
134494_1767742500,0,-6.313,-10.443,-5.178,0.0
134494_1767742800,0,5.042,3.177,10.17,0.0
134494_1767743100,0,-29.053,-38.29,0.766,0.0
132430_1767743400,0,125.144,124.122,143.003,91.0
132430_1767743700,0,94.929,70.443,131.332,154.0
129964_1767665100,0,5.776,-32.46,52.939,-45.0
129964_1767665400,0,13.026,-34.468,47.458,-37.0
129964_1767665700,0,3.677,-37.606,41.508,-63.0
129964_1767666000,0,31.187,-15.726,85.901,-113.0
129964_1767666300,0,57.03,11.551,78.472,-3.0
131672_1767666900,0,44.301,36.134,56.965,79.0
131672_1767667200,0,18.148,-16.939,77.358,79.0
131672_1767667500,0,45.947,-8.359,132.734,212.0
131672_1767667800,0,246.553,244.198,272.931,312.0
131672_1767668100,0,316.543,262.256,339.284,273.0
129964_1767668400,0,-1.103,-55.459,86.263,-26.0
131672_1767668400,0,222.152,160.96,259.156,220.0
134040_1767668400,0,60.468,-20.694,120.288,71.0
134040_1767668700,0,72.279,16.108,178.34,136.0
131672_1767668700,0,261.806,200.787,303.176,407.0
129964_1767669000,0,26.641,-59.448,126.043,-51.0
134040_1767669000,0,47.139,-6.738,132.932,119.0
131672_1767669000,0,241.826,142.987,326.818,408.0
129964_1767669300,0,-11.512,-100.41,82.185,-40.0
134040_1767669300,0,59.096,6.099,171.226,151.0
131672_1767669300,0,305.311,258.884,358.34,322.0
131672_1767669600,0,303.955,286.976,322.357,294.0
134040_1767669600,0,94.991,0.417,166.097,128.0
129964_1767669600,0,75.783,-0.524,111.494,-21.0
129964_1767669900,0,29.554,-20.757,68.868,10.0
134040_1767669900,0,83.797,-3.331,172.303,158.0
131672_1767672000,0,29.745,19.197,36.518,72.0
131672_1767672300,0,10.896,-46.134,75.601,-66.0
131672_1767672600,0,87.283,8.867,157.13,10.0
131672_1767672900,0,28.223,-46.69,106.618,27.0
131672_1767673200,0,32.236,-43.873,81.482,-43.0
131672_1767673500,0,20.141,-45.18,88.007,-31.0
132430_1767673800,0,76.678,-16.638,139.638,137.0
134040_1767673800,0,134.341,70.817,184.288,332.0
132430_1767674100,0,145.47,41.237,221.373,35.0
134040_1767674100,0,155.549,70.073,219.062,369.0
132430_1767674400,0,131.881,31.784,206.361,161.0
134040_1767674400,0,280.084,236.285,319.33,362.0
134040_1767674700,0,276.7,198.491,312.477,317.0
132430_1767674700,0,101.855,0.3,141.637,145.0
134040_1767675000,0,253.923,175.144,316.515,253.0
132430_1767675000,0,194.778,119.185,248.757,118.0
132430_1767675300,0,92.724,39.627,150.908,0.0
134040_1767675300,0,131.434,107.202,143.068,100.0
134040_1767675600,0,89.704,56.768,106.591,83.0
130238_1767675900,0,74.973,36.842,137.165,37.0
134040_1767675900,0,19.733,-17.29,103.215,117.0
130238_1767676200,0,38.084,-10.813,90.271,56.0
134040_1767676200,0,113.807,69.186,165.412,188.0
130238_1767676500,0,79.181,21.905,101.498,76.0
134040_1767676500,0,81.84,-23.556,153.918,165.0
134040_1767676800,0,84.768,39.39,128.606,116.0
130238_1767676800,0,-17.891,-62.196,78.554,-9.0
130238_1767677100,0,43.328,15.765,106.368,38.0
134040_1767677100,0,105.284,31.655,155.072,112.0
131672_1767677400,0,57.49,-11.897,116.194,86.0
122048_1767679200,0,127.536,87.201,155.312,154.0
133300_1767679200,0,69.6,63.805,89.276,65.0
122048_1767679500,0,108.519,38.957,165.041,55.0
133300_1767679800,0,14.499,2.09,61.111,-49.0
122048_1767679800,0,41.447,-25.012,98.074,59.0
135081_1767679800,0,25.563,22.212,33.094,6.0
135081_1767680100,0,43.624,42.364,63.448,42.0
133300_1767680100,0,-10.129,-32.938,52.382,-49.0
133300_1767680400,0,11.473,-48.023,122.946,-42.0
135081_1767680400,0,68.788,12.967,93.447,-2.0
133300_1767680700,0,9.171,-43.301,84.45,26.0
135081_1767680700,0,-35.014,-60.29,20.746,-23.0
135081_1767681000,0,-1.818,-10.674,37.887,20.0
135081_1767681300,0,-38.897,-111.131,13.612,71.0
135081_1767681600,0,15.276,-68.541,93.347,-36.0
135081_1767681900,0,-11.652,-89.302,66.46,-25.0
135081_1767682200,0,-61.085,-131.277,29.046,-113.0
135081_1767682500,0,-67.71,-115.529,5.295,-145.0
122048_1767682800,0,297.034,289.579,343.304,542.0
134040_1767682800,0,-11.385,-84.973,126.434,72.0
135081_1767682800,0,-39.251,-102.807,26.788,-127.0
122048_1767683100,0,303.68,232.166,497.859,542.0
135081_1767683100,0,-57.986,-113.52,22.613,-186.0
134040_1767683100,0,110.617,37.36,177.894,131.0
135081_1767683400,0,-110.644,-151.885,-10.573,-182.0
122048_1767683400,0,215.412,199.536,357.291,578.0
134040_1767683400,0,-14.322,-74.94,46.28,29.0
135081_1767683700,0,-63.775,-129.68,27.563,-134.0
134040_1767683700,0,17.201,-19.839,71.347,-62.0
122048_1767683700,0,348.186,325.33,392.281,446.0
134040_1767684000,0,80.789,7.911,119.877,48.0
122048_1767684000,0,441.204,438.951,470.55,415.0
135081_1767684000,0,-109.743,-151.71,-48.827,-142.0
134040_1767684300,0,29.096,-53.654,116.01,86.0
122048_1767684300,0,475.329,453.298,511.036,408.0
135081_1767684300,0,-58.197,-95.66,6.3,-79.0
133957_1767684600,0,50.36,-11.647,144.196,22.0
133957_1767684900,0,15.454,-44.208,104.57,-55.0
133957_1767685200,0,7.651,-56.904,90.212,-36.0
133957_1767685500,0,-39.792,-99.881,68.506,-95.0
133957_1767685800,0,-39.229,-89.805,37.949,7.0
133957_1767686100,0,-96.177,-153.819,-32.047,-55.0
133957_1767686400,0,-4.574,-49.25,60.566,9.0
134040_1767686400,0,116.907,69.365,209.031,43.0
134040_1767686700,0,96.002,13.721,197.392,6.0
133957_1767686700,0,-30.483,-95.327,84.786,-42.0
134040_1767687000,0,57.696,-16.567,151.092,24.0
133957_1767687000,0,20.671,-8.037,113.095,3.0
134040_1767687300,0,21.242,-57.632,92.365,37.0
133957_1767687300,0,71.969,-1.918,124.975,79.0
133957_1767687600,0,17.723,-53.499,85.117,45.0
134040_1767687600,0,51.308,-52.049,116.823,113.0
134040_1767687900,0,34.059,-44.292,103.682,149.0
133957_1767687900,0,91.602,5.378,159.743,104.0
129964_1767688200,0,91.56,11.994,135.055,221.0
133957_1767688200,0,108.676,36.483,164.051,173.0
133957_1767688500,0,35.448,-18.414,119.7,190.0
133957_1767688800,0,120.727,38.574,211.348,103.0
129964_1767688800,0,11.851,1.178,53.674,-54.0
133957_1767689100,0,80.928,-2.083,159.665,-9.0
129964_1767689100,0,-26.508,-51.53,41.565,-78.0
129964_1767689400,0,38.45,37.184,96.684,36.0
133957_1767689400,0,42.923,1.675,97.733,-23.0
133957_1767689700,0,44.975,-4.44,89.215,-32.0
129964_1767689700,0,7.118,-55.602,65.403,81.0
132430_1767690000,0,96.213,0.719,186.889,-66.0
132430_1767690300,0,-7.243,-61.269,54.272,-139.0
122613_1767691800,0,36.411,11.116,65.097,69.0
131672_1767691800,0,-32.703,-93.866,50.749,-92.0
133300_1767691800,0,-31.193,-42.374,40.863,-58.0
133300_1767692100,0,-48.107,-52.939,32.829,-58.0
122613_1767692100,0,44.275,4.008,60.406,-16.0
122613_1767692400,0,7.134,-68.315,56.153,-87.0
133300_1767692400,0,11.572,-32.958,92.474,-31.0
122613_1767692700,0,-38.281,-114.195,39.103,-160.0
133300_1767692700,0,53.392,-38.545,108.619,-41.0
122613_1767693000,0,-30.462,-73.987,55.46,-147.0
133300_1767693000,0,-28.262,-82.609,24.472,-24.0
133300_1767693300,0,-10.914,-55.576,64.267,47.0
122613_1767693300,0,-104.212,-191.387,-16.777,-146.0
130238_1767693600,0,-26.138,-51.202,-20.217,0.0
130238_1767695100,0,-5.452,-47.969,15.189,-47.0
133300_1767695400,0,48.703,-8.204,117.368,33.0
133300_1767695700,0,105.349,50.275,183.562,50.0
122658_1767695700,0,-0.704,-25.459,15.441,9.0
122658_1767696000,0,47.435,-0.209,116.119,100.0
133300_1767696000,0,154.004,76.211,218.122,197.0
122658_1767696300,0,119.447,116.385,161.234,271.0
122658_1767696600,0,104.337,35.771,226.995,376.0
133300_1767696600,0,-25.437,-34.512,6.51,-52.0
133300_1767696900,0,-6.309,-29.152,18.749,-52.0
122658_1767696900,0,258.123,169.937,317.943,318.0
122613_1767697200,0,7.585,-12.317,16.217,0.0
122658_1767697200,0,217.511,138.116,270.958,352.0
122048_1767697200,0,-81.141,-99.031,-73.095,-68.0
122613_1767697500,0,7.571,-10.015,7.75,0.0
122048_1767697500,0,-104.355,-106.575,-85.844,-129.0
122658_1767697500,0,79.042,68.75,114.284,0.0
122613_1767697800,0,11.991,-8.15,14.415,0.0
122658_1767697800,0,-26.298,-29.91,-5.807,0.0
122048_1767697800,0,-64.724,-70.597,-26.453,-129.0
122658_1767698100,0,2.123,-14.287,22.815,0.0
122048_1767698100,0,-161.877,-183.588,-110.721,-181.0
122613_1767698100,0,10.251,7.302,20.334,0.0
122613_1767698400,0,16.213,0.93,22.681,0.0
122048_1767698400,0,-197.16,-237.931,-131.069,-194.0
122658_1767698400,0,-63.556,-68.876,-59.174,0.0
122658_1767698700,0,-10.684,-20.517,9.373,0.0
122048_1767698700,0,-215.485,-216.37,-185.335,-216.0
122613_1767698700,0,-23.178,-28.116,-22.95,0.0
122658_1767699000,0,-1.398,-5.01,-1.293,0.0
122658_1767699300,0,-15.373,-29.071,-14.157,0.0
122658_1767699600,0,-18.29,-28.883,6.282,0.0
122658_1767699900,0,31.787,-34.127,79.201,72.0
122658_1767700200,0,82.909,-15.184,174.113,183.0
122658_1767700500,0,60.755,34.344,97.915,192.0
129964_1767700800,0,3.724,-29.295,5.268,77.0
135081_1767700800,0,-95.989,-102.459,-75.603,-128.0
132430_1767700800,0,-124.148,-192.975,-57.7,-169.0
135081_1767701100,0,-82.189,-94.475,-28.147,-93.0
132430_1767701100,0,-94.322,-153.209,-2.532,-262.0
129964_1767701100,0,94.863,73.787,178.159,80.0
129964_1767701400,0,49.565,20.044,108.558,61.0
132430_1767701400,0,-116.804,-182.955,-16.542,-258.0
135081_1767701400,0,-128.551,-165.361,-20.858,-122.0
129964_1767701700,0,-25.073,-71.03,21.707,-43.0
135081_1767701700,0,-103.232,-159.996,-12.48,19.0
132430_1767701700,0,-43.28,-51.416,-13.866,84.0
129964_1767702000,0,-20.537,-87.657,66.238,-38.0
135081_1767702000,0,-105.436,-159.261,-39.65,9.0
132430_1767702000,0,85.673,55.597,130.236,87.0
132430_1767702300,0,54.975,-30.77,149.595,90.0
135081_1767702300,0,-36.406,-72.804,11.24,-39.0
129964_1767702300,0,-36.531,-90.165,45.078,-108.0
122613_1767702600,0,45.945,43.486,67.991,64.0
122613_1767702900,0,76.484,72.296,83.634,64.0
131672_1767704400,0,117.44,51.088,198.25,94.0
131672_1767704700,0,-36.27,-119.336,-12.422,13.0
131672_1767705000,0,-32.561,-88.672,24.323,7.0
131672_1767705300,0,-24.722,-88.985,77.324,-23.0
131672_1767705600,0,-50.655,-106.693,20.768,24.0
131672_1767705900,0,-0.674,-86.666,63.563,9.0
135081_1767706200,0,65.609,12.994,118.252,155.0
122613_1767706200,0,7.305,-0.039,13.97,0.0
133957_1767706200,0,139.473,91.524,166.055,222.0
135081_1767706500,0,81.282,10.228,133.892,156.0
122613_1767706500,0,0.099,-11.776,1.048,0.0
133957_1767706500,0,140.039,64.182,215.2,296.0
133957_1767706800,0,105.509,39.709,210.145,294.0
135081_1767706800,0,123.052,36.582,206.482,113.0
122613_1767706800,0,3.226,-3.163,5.223,0.0
133957_1767707100,0,295.636,233.907,343.567,182.0
122613_1767707100,0,5.93,-3.529,7.154,0.0
135081_1767707100,0,138.575,86.326,208.974,130.0
122613_1767707400,0,2.288,-4.913,4.13,0.0
135081_1767707400,0,117.235,43.562,233.978,247.0
133957_1767707400,0,285.973,161.672,351.365,292.0
133957_1767707700,0,209.979,124.04,298.391,252.0
135081_1767707700,0,112.115,33.657,206.616,113.0
122613_1767707700,0,6.615,0.214,9.718,0.0
134040_1767708000,0,111.005,55.712,163.459,60.0
122048_1767708000,0,-23.801,-49.928,-6.292,0.0
134040_1767708300,0,108.516,76.43,155.756,25.0
122048_1767708300,0,-32.339,-34.178,-9.453,0.0
134040_1767708600,0,108.801,23.039,180.765,61.0
134040_1767708900,0,68.303,-16.524,136.675,61.0
134040_1767709200,0,80.77,43.757,148.453,81.0
134040_1767709500,0,62.088,-19.427,156.988,56.0
122048_1767709500,0,-55.585,-147.256,-4.578,-276.0
133957_1767710100,0,-64.563,-88.359,-8.398,102.0
133957_1767710400,0,12.544,-8.359,64.504,98.0
133957_1767710700,0,106.772,55.887,167.352,157.0
133957_1767711000,0,110.116,48.673,234.826,144.0
133957_1767711300,0,63.993,10.633,173.734,104.0
122048_1767711600,0,-10.845,-94.431,79.08,106.0
122613_1767711600,0,32.677,30.034,40.816,0.0
129964_1767711600,0,-84.973,-141.14,-16.472,-143.0
129964_1767711900,0,-77.374,-123.709,-4.6,-3.0
122613_1767711900,0,17.014,9.902,30.404,0.0
122048_1767711900,0,65.261,-3.931,128.015,85.0
129964_1767712200,0,-134.327,-193.882,-22.686,17.0
122048_1767712200,0,75.855,3.151,152.716,83.0
122048_1767712500,0,77.378,9.516,150.595,57.0
122613_1767712500,0,-34.344,-42.744,-24.217,0.0
129964_1767712800,0,-84.48,-126.46,-30.429,-108.0
122048_1767712800,0,63.5,-14.071,162.119,-8.0
122613_1767712800,0,-30.59,-93.242,-3.959,0.0
122613_1767713100,0,-13.181,-94.776,-3.496,0.0
122048_1767713100,0,35.156,-12.179,94.334,92.0
129964_1767713100,0,-61.75,-85.64,-23.704,-108.0
134040_1767713400,0,91.072,19.123,160.869,36.0
134040_1767713700,0,95.473,29.967,157.375,21.0
134040_1767714000,0,56.43,-30.823,130.928,108.0
134040_1767714300,0,-7.459,-50.438,48.71,-44.0
131672_1767715200,0,-63.16,-103.424,23.267,-130.0
135081_1767715200,0,69.442,29.367,113.229,100.0
131672_1767715500,0,-67.427,-157.568,54.514,-99.0
135081_1767715500,0,59.419,15.202,165.666,74.0
135081_1767715800,0,88.439,22.818,152.561,82.0
131672_1767715800,0,-105.679,-169.099,-22.581,-59.0
135081_1767716100,0,80.963,39.939,143.679,47.0
131672_1767716100,0,-95.661,-144.733,-48.468,-53.0
135081_1767716400,0,32.12,-2.409,120.644,118.0
131672_1767716400,0,-57.345,-105.317,30.863,-55.0
131672_1767716700,0,27.727,-30.461,98.24,-74.0
135081_1767716700,0,26.604,-43.93,121.752,137.0
133300_1767717000,0,-15.764,-40.211,67.189,-12.0
133957_1767717000,0,141.266,102.436,171.24,134.0
133957_1767717300,0,118.239,65.705,184.261,71.0
133300_1767717300,0,10.804,-15.741,102.473,-28.0
133957_1767717600,0,23.366,-20.008,160.433,37.0
133300_1767717600,0,16.521,-40.453,123.627,-46.0
133957_1767717900,0,103.3,5.759,222.248,-25.0
133300_1767717900,0,30.995,17.929,106.393,25.0
133957_1767718200,0,30.884,-27.955,135.405,-42.0
133300_1767718200,0,3.098,-28.373,94.758,26.0
133300_1767718500,0,37.905,-19.837,138.881,129.0
133957_1767718500,0,0.93,-51.954,99.004,-28.0
132430_1767720600,0,116.878,70.206,142.851,141.0
133300_1767720600,0,19.9,-32.382,120.665,99.0
132430_1767720900,0,197.546,138.857,227.759,216.0
133300_1767720900,0,139.664,44.305,198.177,154.0
133300_1767721200,0,157.826,107.17,222.491,113.0
132430_1767721200,0,217.135,188.665,291.465,309.0
132430_1767721500,0,178.999,80.685,300.16,359.0
134040_1767721500,0,27.211,25.061,51.68,7.0
133300_1767721500,0,-69.572,-80.665,-44.569,-28.0
132430_1767721800,0,232.869,112.744,347.756,295.0
133300_1767721800,0,-42.38,-43.799,27.766,-28.0
134040_1767721800,0,57.614,48.926,76.035,78.0
131672_1767721800,0,21.135,13.42,27.744,21.0
131672_1767722100,0,76.715,65.472,80.406,47.0
132430_1767722100,0,242.157,197.201,304.477,393.0
134040_1767722100,0,48.65,45.895,49.218,106.0
133300_1767722100,0,45.675,-10.511,148.013,193.0
133957_1767722400,0,48.263,1.513,113.75,0.0
133957_1767722700,0,-72.584,-94.7,8.641,-74.0
133957_1767723000,0,31.109,3.886,92.66,100.0
133957_1767723300,0,-15.293,-65.23,17.525,89.0
133957_1767723600,0,141.278,74.798,186.179,114.0
133957_1767723900,0,133.58,70.5,176.508,163.0
135081_1767724500,0,68.914,35.232,128.355,112.0
135081_1767724800,0,89.802,42.053,144.803,246.0
135081_1767725100,0,109.796,75.239,159.802,166.0
135081_1767725400,0,171.939,112.894,270.62,241.0
135081_1767725700,0,270.735,195.589,299.746,313.0
132430_1767726000,0,115.475,63.143,169.098,156.0
132430_1767726300,0,124.388,55.862,206.724,141.0
132430_1767726600,0,41.348,-23.887,145.524,46.0
132430_1767726900,0,80.207,17.503,207.956,10.0
132430_1767727200,0,92.331,28.316,200.667,217.0
132430_1767727500,0,83.513,-10.183,220.344,260.0
135081_1767727800,0,-9.776,-56.303,58.47,-58.0
135081_1767728100,0,-15.863,-85.366,83.703,58.0
135081_1767728400,0,34.319,-43.472,131.795,40.0
135081_1767728700,0,44.929,-19.317,135.44,-16.0
135081_1767729000,0,4.01,-37.657,69.645,-62.0
135081_1767729300,0,7.098,-39.793,75.396,-45.0
135081_1767729600,0,13.588,-29.478,93.713,24.0
135081_1767729900,0,91.324,26.515,145.044,206.0
135081_1767730200,0,86.289,54.335,140.848,197.0
135081_1767730500,0,202.416,134.405,308.889,234.0
134040_1767730500,0,69.699,25.807,156.479,121.0
134040_1767730800,0,129.05,124.202,152.869,191.0
134040_1767731100,0,162.07,147.12,167.256,150.0
134040_1767731400,0,101.22,77.779,137.716,214.0
134040_1767731700,0,144.733,81.641,244.0,152.0
134040_1767732000,0,312.507,246.359,406.971,152.0
134040_1767732300,0,147.057,134.634,215.139,181.0
134040_1767732600,0,199.483,132.389,234.94,230.0
134040_1767732900,0,210.706,138.662,292.689,315.0
131672_1767733200,0,10.879,-49.921,76.556,-15.0
131672_1767733500,0,-35.86,-102.964,42.36,-60.0
131672_1767733800,0,-15.034,-70.935,58.759,-24.0
131672_1767734100,0,-13.738,-83.553,68.982,-1.0
131672_1767734400,0,-15.23,-96.315,51.04,26.0
131672_1767734700,0,16.283,-39.788,69.417,12.0
135081_1767735000,0,-85.352,-159.862,-27.47,-184.0
135081_1767735300,0,-60.675,-94.787,-18.801,-69.0
135081_1767735600,0,-11.481,-61.044,43.405,-88.0
135081_1767735900,0,-72.35,-115.583,-2.629,-130.0
135081_1767736200,0,-16.747,-106.669,47.532,-161.0
135081_1767736500,0,-80.785,-122.148,-44.727,-191.0
132430_1767738600,0,100.654,70.975,161.008,110.0
130072_1767738600,0,0.737,-17.831,1.602,0.0
132430_1767738900,0,169.42,144.683,185.989,112.0
130072_1767738900,0,10.246,-10.954,23.522,0.0
132430_1767739200,0,81.548,74.667,124.222,81.0
132430_1767739500,0,77.026,37.786,174.649,-2.0
132430_1767739800,0,68.318,10.424,159.782,8.0
132430_1767740100,0,50.313,-20.38,158.556,175.0
134494_1767740400,0,-3.031,-8.801,3.147,0.0
134494_1767740700,0,1.234,-1.225,3.176,0.0
134494_1767741000,0,-3.734,-16.803,12.245,0.0
134494_1767741300,0,3.237,0.742,9.248,0.0
134494_1767741600,0,6.805,-0.492,11.459,0.0
134494_1767741900,0,-1.185,-4.042,6.821,0.0
122048_1767665400,1,-31.128,-40.665,-9.527,-25.0
122048_1767665700,1,-5.902,-5.942,12.032,0.0
122048_1767666000,1,-28.609,-40.579,-18.538,0.0
122048_1767666300,1,-21.061,-22.166,-14.004,0.0
122048_1767666600,1,-26.928,-33.025,-25.65,0.0
133957_1767666600,1,23.727,23.007,33.632,-32.0
129964_1767666600,1,-15.87,-62.766,20.524,44.0
133957_1767666900,1,-8.842,-16.929,0.801,-32.0
132430_1767666900,1,33.103,24.338,33.411,46.0
122048_1767666900,1,2.208,-16.125,10.094,0.0
129964_1767666900,1,-15.965,-77.015,48.293,16.0
133957_1767667200,1,29.709,11.065,82.847,17.0
132430_1767667200,1,37.75,15.58,58.857,102.0
122048_1767667200,1,-0.766,-10.324,5.012,0.0
129964_1767667200,1,14.528,-77.382,94.022,-27.0
132430_1767667500,1,-2.596,-55.488,68.199,-23.0
122048_1767667500,1,-28.459,-47.14,1.487,0.0
129964_1767667500,1,54.8,3.239,115.577,2.0
133957_1767667500,1,-19.798,-28.767,58.977,-66.0
122048_1767667800,1,-37.101,-60.169,-6.403,0.0
133957_1767667800,1,-1.18,-35.138,75.422,-74.0
132430_1767667800,1,62.458,5.264,162.657,-2.0
129964_1767667800,1,-14.272,-66.36,49.161,-70.0
134040_1767667800,1,24.121,-28.498,48.207,20.0
129964_1767668100,1,-33.462,-74.081,39.603,-76.0
132430_1767668100,1,77.68,7.002,147.076,27.0
122048_1767668100,1,-15.96,-19.427,-6.304,0.0
133957_1767668100,1,12.032,-52.016,81.792,-61.0
134040_1767668100,1,51.143,-11.48,98.885,93.0
132430_1767668400,1,125.628,116.059,154.677,22.0
122048_1767668400,1,-8.777,-17.707,4.632,0.0
133957_1767668400,1,14.034,-21.485,55.813,-34.0
122048_1767668700,1,-0.02,-1.07,27.541,0.0
132430_1767668700,1,32.075,-43.357,128.141,74.0
122048_1767669000,1,-8.629,-29.728,13.859,0.0
132430_1767669000,1,15.242,-21.007,96.407,1.0
133957_1767669300,1,32.411,19.628,39.257,46.0
132430_1767669300,1,130.565,48.699,205.173,4.0
122048_1767669300,1,-8.368,-28.062,-3.035,0.0
122048_1767669600,1,-9.037,-11.772,-7.576,0.0
133957_1767669600,1,33.228,12.733,52.405,58.0
132430_1767669600,1,47.921,-26.585,94.16,84.0
133957_1767669900,1,30.077,-5.559,69.523,40.0
122048_1767669900,1,-5.352,-9.054,6.508,0.0
132430_1767669900,1,15.325,-17.624,60.257,58.0
133957_1767670200,1,64.291,26.417,129.855,133.0
134040_1767670200,1,47.829,-28.825,120.216,110.0
129964_1767670200,1,76.564,38.564,145.147,74.0
135081_1767670200,1,49.01,2.533,72.086,14.0
122048_1767670200,1,8.23,3.568,13.581,0.0
122048_1767670500,1,5.632,5.22,20.862,0.0
129964_1767670500,1,36.661,-22.97,99.306,61.0
133957_1767670500,1,35.309,11.162,100.794,55.0
134040_1767670500,1,101.526,10.514,183.884,129.0
135081_1767670500,1,55.85,0.773,88.444,63.0
132430_1767670500,1,89.136,3.105,159.276,215.0
135081_1767670800,1,60.458,-0.904,132.992,54.0
129964_1767670800,1,88.401,26.692,168.6,-16.0
133957_1767670800,1,92.497,8.152,175.353,-10.0
122048_1767670800,1,17.852,12.052,36.959,0.0
134040_1767670800,1,92.911,18.6,176.396,132.0
132430_1767670800,1,89.721,22.65,193.648,162.0
134040_1767671100,1,212.951,160.581,228.274,60.0
133957_1767671100,1,0.834,-5.09,4.804,-86.0
129964_1767671100,1,62.746,-11.097,143.798,-55.0
132430_1767671100,1,113.057,60.272,155.305,137.0
122048_1767671100,1,5.076,-8.803,9.86,0.0
135081_1767671100,1,33.594,-8.299,106.469,45.0
122048_1767671400,1,15.682,-0.032,39.95,0.0
129964_1767671400,1,53.4,-22.486,108.562,22.0
132430_1767671400,1,163.026,70.763,229.739,244.0
134040_1767671400,1,94.641,-0.692,164.877,43.0
133957_1767671400,1,19.849,-68.016,109.416,-86.0
135081_1767671400,1,85.619,40.281,159.696,84.0
135081_1767671700,1,68.073,-0.615,125.314,104.0
132430_1767671700,1,167.994,138.636,221.058,324.0
133957_1767671700,1,38.462,-34.069,150.563,-40.0
134040_1767671700,1,30.294,-23.451,72.351,-29.0
122048_1767671700,1,10.222,6.38,21.897,0.0
129964_1767671700,1,-1.743,-55.155,88.255,-50.0
135081_1767672000,1,-18.664,-61.043,67.154,-33.0
132430_1767672000,1,152.624,109.162,274.32,364.0
129964_1767672000,1,36.898,-36.607,123.044,-7.0
133957_1767672000,1,-60.19,-116.106,-29.818,-29.0
135081_1767672300,1,-56.685,-111.311,50.178,-40.0
133957_1767672300,1,-49.78,-79.141,34.36,-51.0
122048_1767672300,1,15.953,10.627,34.198,66.0
132430_1767672300,1,164.094,93.658,262.907,275.0
129964_1767672300,1,36.581,-2.877,141.252,-9.0
133957_1767672600,1,-26.179,-83.814,41.716,-8.0
135081_1767672600,1,-80.852,-146.9,17.823,-145.0
122048_1767672600,1,8.065,-21.655,49.696,66.0
132430_1767672600,1,225.899,176.121,341.926,322.0
133957_1767672900,1,2.234,-42.929,94.723,-34.0
122048_1767672900,1,39.232,-30.921,110.487,170.0
132430_1767672900,1,226.45,122.868,309.84,130.0
130238_1767672900,1,61.72,-2.122,96.585,-23.0
135081_1767672900,1,-31.213,-88.598,27.115,-98.0
129964_1767672900,1,-24.498,-63.602,79.899,-29.0
129964_1767673200,1,18.866,-46.607,132.201,-57.0
130238_1767673200,1,80.817,13.857,106.087,39.0
122048_1767673200,1,70.397,-6.666,141.17,41.0
132430_1767673200,1,285.04,215.198,381.414,129.0
135081_1767673200,1,-36.634,-96.699,59.859,71.0
129964_1767673500,1,41.153,-0.572,116.913,19.0
122048_1767673500,1,72.589,4.625,142.342,25.0
132430_1767673500,1,227.415,138.688,318.402,265.0
130238_1767673500,1,39.541,4.589,112.523,26.0
135081_1767673500,1,-68.253,-91.499,33.527,64.0
130238_1767673800,1,84.416,46.035,150.705,10.0
131672_1767673800,1,-34.756,-61.987,48.295,-73.0
133957_1767673800,1,25.181,7.847,55.117,32.0
129964_1767673800,1,8.402,-33.273,55.666,-15.0
135081_1767673800,1,10.327,-49.268,116.137,111.0
129964_1767674100,1,77.677,24.466,137.062,72.0
130238_1767674100,1,51.803,-12.893,130.315,131.0
135081_1767674100,1,146.464,105.272,229.315,80.0
131672_1767674100,1,-26.963,-82.303,68.338,121.0
133957_1767674100,1,85.558,51.681,106.324,43.0
133957_1767674400,1,87.489,60.881,107.743,74.0
135081_1767674400,1,133.457,35.806,187.554,122.0
129964_1767674400,1,44.448,-28.247,131.028,95.0
131672_1767674400,1,-42.677,-109.292,80.423,145.0
130238_1767674400,1,10.779,-41.892,50.502,168.0
130238_1767674700,1,132.592,54.871,225.051,240.0
131672_1767674700,1,1.152,-50.413,100.646,125.0
133957_1767674700,1,78.864,52.869,140.86,171.0
135081_1767674700,1,32.714,-26.199,102.99,94.0
129964_1767674700,1,-10.46,-75.818,67.363,46.0
130238_1767675000,1,149.019,92.669,201.3,233.0
135081_1767675000,1,92.496,13.621,172.013,53.0
129964_1767675000,1,6.293,-61.817,123.617,38.0
131672_1767675000,1,145.401,64.823,220.19,166.0
133300_1767675000,1,33.131,19.438,51.243,99.0
133957_1767675000,1,36.07,-2.401,127.21,92.0
135081_1767675300,1,149.921,82.063,227.019,208.0
133300_1767675300,1,96.157,11.972,130.758,99.0
131672_1767675300,1,81.312,18.235,128.308,88.0
129964_1767675300,1,36.025,-27.017,143.544,105.0
133957_1767675300,1,68.968,11.198,168.005,5.0
133957_1767675600,1,37.69,-20.717,119.997,-10.0
122048_1767675600,1,-6.082,-74.386,66.509,-68.0
133300_1767675600,1,114.129,28.483,204.932,180.0
129964_1767675600,1,26.588,-13.516,91.009,46.0
135081_1767675600,1,114.43,37.065,183.467,299.0
133300_1767675900,1,136.909,83.034,241.811,135.0
122048_1767675900,1,-63.592,-86.491,45.259,-86.0
129964_1767675900,1,77.396,10.073,136.222,20.0
133957_1767675900,1,17.236,-39.369,82.672,-32.0
135081_1767675900,1,289.267,204.729,368.817,224.0
133300_1767676200,1,195.53,170.322,290.136,170.0
129964_1767676200,1,95.106,23.134,180.153,91.0
135081_1767676200,1,281.692,202.946,359.155,126.0
133957_1767676200,1,-23.646,-73.637,64.437,95.0
122048_1767676200,1,68.532,-20.017,137.749,25.0
135081_1767676500,1,23.401,7.321,46.2,-30.0
122048_1767676500,1,36.228,-28.378,111.509,-41.0
133300_1767676500,1,179.348,156.836,196.964,169.0
133957_1767676500,1,-9.926,-49.499,72.131,61.0
133300_1767676800,1,217.433,148.126,286.307,289.0
122048_1767676800,1,2.115,-81.3,103.782,-163.0
133957_1767676800,1,-22.712,-69.574,48.75,7.0
122048_1767677100,1,-60.798,-102.19,9.008,-177.0
133957_1767677100,1,75.254,-24.166,114.669,-94.0
122048_1767677400,1,-47.997,-56.137,-37.186,-65.0
133957_1767677400,1,32.234,-33.881,118.291,-91.0
133300_1767677400,1,52.352,2.956,79.653,87.0
130238_1767677400,1,31.459,-22.421,88.654,-50.0
134040_1767677400,1,104.38,53.628,157.534,71.0
122048_1767677700,1,-45.768,-84.926,-2.79,12.0
134040_1767677700,1,138.126,46.351,188.039,174.0
133300_1767677700,1,64.673,-2.829,95.727,87.0
130238_1767677700,1,4.815,-70.945,75.018,-47.0
130238_1767678000,1,47.768,-34.298,113.434,-45.0
133300_1767678000,1,95.596,32.015,142.577,108.0
134040_1767678000,1,-14.258,-50.1,27.783,-25.0
122048_1767678000,1,35.019,-27.71,55.275,47.0
133300_1767678300,1,75.775,50.748,158.007,59.0
130238_1767678300,1,-90.914,-123.445,-48.541,-142.0
122048_1767678300,1,-18.971,-72.487,24.154,124.0
133300_1767678600,1,123.402,92.399,186.332,40.0
122048_1767678600,1,15.299,-38.685,57.192,172.0
133300_1767678900,1,57.357,17.707,67.622,-2.0
122048_1767678900,1,64.447,14.3,114.918,140.0
133957_1767679500,1,43.669,32.844,47.257,49.0
130238_1767679500,1,-12.957,-14.665,7.211,0.0
130238_1767679800,1,-9.559,-17.499,9.944,0.0
133957_1767679800,1,60.373,49.299,62.519,71.0
132430_1767679800,1,70.563,60.263,72.419,73.0
134040_1767679800,1,-5.112,-6.156,18.113,23.0
132430_1767680100,1,79.768,50.259,104.764,73.0
134040_1767680100,1,10.518,6.216,39.139,26.0
133957_1767680100,1,58.418,30.852,60.246,111.0
130238_1767680100,1,-26.878,-28.526,-22.965,0.0
134040_1767680400,1,-34.021,-44.032,-8.345,-52.0
133957_1767680400,1,5.258,-22.542,54.475,18.0
130238_1767680400,1,-4.246,-14.778,16.169,0.0
132430_1767680400,1,4.452,-10.932,31.058,-15.0
129964_1767680400,1,-22.932,-25.595,32.388,-51.0
134040_1767680700,1,-11.715,-56.389,63.854,-87.0
132430_1767680700,1,36.989,-2.364,61.008,-42.0
133957_1767680700,1,-13.209,-35.324,53.445,39.0
130238_1767680700,1,22.596,-7.953,27.247,0.0
129964_1767680700,1,0.785,-31.339,66.781,-106.0
133957_1767681000,1,-20.05,-65.631,49.003,-30.0
129964_1767681000,1,-5.44,-47.862,57.145,7.0
132430_1767681000,1,64.244,49.83,66.846,32.0
130238_1767681000,1,24.475,20.197,55.953,0.0
122658_1767681000,1,200.594,182.408,233.329,181.0
133300_1767681000,1,-20.962,-23.198,24.845,12.0
134040_1767681000,1,-18.989,-79.578,28.82,-111.0
134040_1767681300,1,-37.789,-97.915,46.939,-75.0
129964_1767681300,1,-4.376,-52.952,43.326,47.0
132430_1767681300,1,81.406,27.102,100.918,126.0
133300_1767681300,1,31.486,-0.228,102.034,-61.0
122658_1767681300,1,-10.974,-25.934,-10.193,0.0
130238_1767681300,1,35.928,25.62,64.91,0.0
133957_1767681300,1,-25.642,-81.488,61.198,-59.0
130238_1767681600,1,7.531,4.563,32.811,0.0
133300_1767681600,1,73.236,11.188,144.594,159.0
134040_1767681600,1,-32.503,-98.202,56.59,1.0
133957_1767681600,1,12.208,-41.991,100.199,-30.0
132430_1767681600,1,18.213,-58.953,133.321,65.0
122658_1767681600,1,4.052,-20.986,6.701,0.0
129964_1767681600,1,-0.428,-33.175,46.22,39.0
131672_1767681900,1,9.2,-12.726,36.987,37.0
133300_1767681900,1,-18.445,-29.911,-18.052,79.0
130238_1767681900,1,-5.091,-6.78,6.08,0.0
134040_1767681900,1,-34.464,-91.379,46.319,-38.0
129964_1767681900,1,47.828,20.736,108.84,148.0
122658_1767681900,1,-4.292,-13.632,3.375,0.0
133957_1767681900,1,-8.413,-73.059,68.231,-58.0
132430_1767681900,1,-25.888,-92.442,95.773,-62.0
133957_1767682200,1,-51.148,-100.971,9.063,-19.0
133300_1767682200,1,24.197,-20.719,87.107,79.0
131672_1767682200,1,31.516,4.123,72.911,13.0
134040_1767682200,1,-32.498,-85.064,40.975,-71.0
129964_1767682200,1,39.021,-27.781,121.17,188.0
132430_1767682200,1,52.599,-27.201,138.549,-16.0
122658_1767682200,1,6.71,-2.867,11.909,0.0
129964_1767682500,1,71.111,1.179,124.758,84.0
132430_1767682500,1,44.842,-69.324,158.81,248.0
133300_1767682500,1,45.973,-27.9,120.129,173.0
131672_1767682500,1,40.292,25.556,91.416,16.0
133957_1767682500,1,17.692,-32.755,103.829,-45.0
122658_1767682500,1,19.05,8.755,31.52,0.0
134040_1767682500,1,34.651,-49.172,114.984,46.0
133957_1767682800,1,-15.457,-71.621,95.65,-74.0
132430_1767682800,1,132.898,16.557,242.462,267.0
122658_1767682800,1,36.121,24.637,40.471,0.0
133300_1767682800,1,121.034,44.98,222.213,135.0
131672_1767682800,1,14.209,-21.743,47.598,-48.0
129964_1767682800,1,129.737,56.269,214.602,70.0
133957_1767683100,1,40.653,3.217,142.109,-8.0
133300_1767683100,1,239.086,168.64,315.911,169.0
131672_1767683100,1,-27.929,-51.818,1.653,-52.0
132430_1767683100,1,54.591,-37.79,158.634,408.0
129964_1767683100,1,162.427,68.897,238.794,154.0
122658_1767683100,1,5.447,1.237,12.525,0.0
129964_1767683400,1,69.493,-4.476,158.353,81.0
131672_1767683400,1,-100.833,-159.046,-8.709,-178.0
122658_1767683400,1,7.895,-62.042,71.21,-11.0
132430_1767683400,1,211.598,183.552,291.973,270.0
133300_1767683400,1,164.649,118.251,206.482,166.0
129964_1767683700,1,159.98,65.562,226.894,145.0
133300_1767683700,1,228.391,129.348,287.527,240.0
133957_1767683700,1,19.471,-39.853,139.958,10.0
122658_1767683700,1,98.628,-0.728,223.006,96.0
132430_1767683700,1,243.566,182.169,287.85,163.0
131672_1767683700,1,-64.752,-130.126,51.211,-200.0
122658_1767684000,1,78.54,11.395,163.509,58.0
131672_1767684000,1,-54.886,-127.442,39.271,-74.0
133957_1767684000,1,47.593,-17.243,116.246,33.0
133300_1767684000,1,63.23,28.972,101.522,116.0
129964_1767684000,1,92.882,49.396,194.312,134.0
132430_1767684000,1,213.396,133.53,259.277,246.0
133300_1767684300,1,78.582,32.434,139.593,116.0
122658_1767684300,1,45.805,-30.403,116.044,118.0
132430_1767684300,1,163.702,60.009,227.984,230.0
130238_1767684300,1,22.71,-0.411,63.731,16.0
133957_1767684300,1,78.3,7.334,158.278,71.0
131672_1767684300,1,17.069,-32.29,106.416,24.0
131672_1767684600,1,-2.307,-56.577,67.029,-63.0
129964_1767684600,1,-26.607,-73.527,34.514,-29.0
122658_1767684600,1,79.261,-22.369,136.036,97.0
135081_1767684600,1,-103.292,-156.67,-25.48,-78.0
132430_1767684600,1,131.485,60.165,212.761,215.0
122048_1767684600,1,396.914,363.074,401.994,350.0
133300_1767684600,1,72.331,-0.02,123.662,214.0
131672_1767684900,1,6.701,-53.176,67.612,-96.0
135081_1767684900,1,-67.768,-120.415,16.206,-28.0
122048_1767684900,1,331.163,327.442,363.768,304.0
129964_1767684900,1,-37.552,-64.487,61.426,-70.0
132430_1767684900,1,174.793,110.496,243.179,183.0
133300_1767684900,1,129.745,49.761,215.705,244.0
122658_1767684900,1,51.299,45.867,123.873,97.0
135081_1767685200,1,-19.168,-109.279,62.207,59.0
122048_1767685200,1,291.065,259.076,331.579,183.0
133300_1767685200,1,229.248,183.33,292.808,255.0
122658_1767685200,1,-12.978,-24.897,1.203,0.0
131672_1767685200,1,-52.287,-83.317,16.785,-126.0
129964_1767685200,1,36.43,-7.761,122.363,-34.0
122048_1767685500,1,255.675,203.072,338.025,141.0
129964_1767685500,1,33.285,-37.516,84.847,-4.0
132430_1767685500,1,119.818,72.999,146.349,167.0
135081_1767685500,1,-1.83,-69.59,105.836,275.0
122658_1767685500,1,22.64,7.544,32.953,0.0
133300_1767685500,1,281.262,280.016,284.114,286.0
135081_1767685800,1,76.8,20.975,144.72,288.0
133300_1767685800,1,285.368,220.932,358.445,404.0
132430_1767685800,1,70.547,17.373,85.421,64.0
129964_1767685800,1,47.153,5.225,96.644,17.0
122048_1767685800,1,135.545,47.054,229.165,45.0
122658_1767685800,1,43.555,31.876,46.249,0.0
135081_1767686100,1,207.466,103.421,308.479,247.0
132430_1767686100,1,80.854,12.172,112.166,53.0
122048_1767686100,1,10.505,-11.829,77.186,-35.0
122658_1767686100,1,-7.963,-27.296,-4.314,0.0
129964_1767686100,1,59.313,1.663,126.228,162.0
133300_1767686400,1,70.373,42.106,113.972,-26.0
132430_1767686400,1,72.551,-24.102,134.472,30.0
130238_1767686400,1,151.846,70.906,235.438,107.0
129964_1767686400,1,-21.084,-74.879,50.961,97.0
122048_1767686400,1,52.813,-0.548,115.242,-43.0
130238_1767686700,1,113.175,74.897,154.826,1.0
122048_1767686700,1,11.505,-40.707,89.161,-49.0
132430_1767686700,1,80.139,-1.235,174.975,53.0
129964_1767686700,1,90.722,22.664,137.265,64.0
122048_1767687000,1,0.41,-36.072,65.536,104.0
132430_1767687000,1,35.676,-25.788,109.562,42.0
129964_1767687000,1,86.435,9.007,156.3,42.0
132430_1767687300,1,18.688,-60.763,115.775,-108.0
122048_1767687300,1,6.491,-63.883,114.259,99.0
129964_1767687300,1,91.765,33.66,137.24,108.0
132430_1767687600,1,-11.765,-61.018,56.021,-132.0
122048_1767687600,1,46.531,-27.131,95.841,49.0
129964_1767687600,1,4.889,-45.377,90.854,8.0
129964_1767687900,1,55.311,-18.885,119.623,95.0
132430_1767687900,1,-7.926,-85.85,124.847,-101.0
122048_1767687900,1,124.822,52.012,182.673,80.0
122658_1767688200,1,23.648,-55.672,115.228,137.0
131672_1767688200,1,-12.055,-22.363,9.728,16.0
130238_1767688200,1,106.879,72.599,167.94,27.0
132430_1767688200,1,1.053,-65.544,152.415,194.0
122048_1767688200,1,39.375,-14.942,98.893,68.0
134040_1767688200,1,81.197,-36.319,161.003,154.0
122048_1767688500,1,92.992,8.2,157.872,49.0
122658_1767688500,1,76.761,-9.495,132.716,-33.0
134040_1767688500,1,85.972,33.97,112.953,141.0
131672_1767688500,1,9.92,-1.319,14.426,20.0
130238_1767688500,1,62.411,8.375,110.026,-8.0
132430_1767688500,1,24.14,-54.706,125.338,268.0
122048_1767688800,1,65.825,-9.41,107.355,76.0
134040_1767688800,1,82.472,21.636,154.489,128.0
132430_1767688800,1,222.607,106.128,279.632,284.0
131672_1767688800,1,4.89,-32.634,10.702,-17.0
122658_1767688800,1,86.9,73.035,157.083,-34.0
130238_1767688800,1,44.214,-34.265,135.03,-92.0
131672_1767689100,1,37.808,-21.87,118.695,17.0
122658_1767689100,1,-23.945,-28.203,-11.454,-34.0
134040_1767689100,1,5.788,-21.971,58.77,26.0
122048_1767689100,1,14.672,-42.177,78.674,94.0
132430_1767689100,1,131.535,41.235,188.039,163.0
130238_1767689100,1,17.579,-2.999,97.45,-120.0
122658_1767689400,1,-47.457,-52.753,-32.559,-34.0
131672_1767689400,1,-18.356,-63.112,39.372,-72.0
130238_1767689400,1,-62.966,-104.431,0.687,37.0
133300_1767689400,1,16.026,-1.834,20.339,9.0
134040_1767689400,1,24.204,-33.437,103.78,94.0
132430_1767689400,1,222.866,168.345,295.961,85.0
122048_1767689400,1,45.73,-10.363,99.978,121.0
130238_1767689700,1,-43.365,-113.076,24.156,57.0
122658_1767689700,1,-30.918,-33.373,-21.086,-34.0
122613_1767689700,1,57.774,25.553,65.964,49.0
122048_1767689700,1,7.74,-85.557,68.354,116.0
132430_1767689700,1,190.73,105.573,229.448,7.0
134040_1767689700,1,24.582,-39.101,94.747,46.0
133300_1767689700,1,29.421,-10.925,43.417,9.0
131672_1767689700,1,-83.762,-115.83,-30.227,-222.0
122048_1767690000,1,28.365,-40.093,116.453,73.0
134040_1767690000,1,65.771,12.09,126.644,159.0
122658_1767690000,1,-45.401,-56.692,-40.788,-34.0
129964_1767690000,1,47.889,-7.584,115.332,65.0
131672_1767690000,1,-57.91,-149.337,39.49,-208.0
130238_1767690000,1,10.228,-62.986,86.501,40.0
133300_1767690000,1,37.223,-5.291,50.998,68.0
133957_1767690000,1,-70.908,-135.741,6.807,-116.0
122048_1767690300,1,24.405,-56.022,86.406,-33.0
129964_1767690300,1,37.038,-20.362,107.629,66.0
130238_1767690300,1,73.962,28.419,110.877,49.0
133300_1767690300,1,31.649,-13.707,80.097,69.0
122658_1767690300,1,-35.654,-56.31,-10.546,-34.0
134040_1767690300,1,34.38,-10.775,73.299,-28.0
131672_1767690300,1,-117.614,-222.868,-20.545,-157.0
133957_1767690300,1,-66.329,-106.967,11.218,-68.0
130238_1767690600,1,84.747,55.872,95.903,57.0
133300_1767690600,1,78.559,23.005,136.855,59.0
131672_1767690600,1,-102.556,-189.964,-51.884,-39.0
122658_1767690600,1,-22.01,-33.429,-10.95,-34.0
129964_1767690600,1,28.674,-77.628,105.627,79.0
133957_1767690600,1,-123.417,-165.944,-21.583,-88.0
122658_1767690900,1,-17.549,-25.081,-9.611,-34.0
133300_1767690900,1,90.974,9.54,152.3,62.0
133957_1767690900,1,-83.49,-144.276,0.346,-111.0
131672_1767690900,1,-94.504,-114.069,-94.235,-68.0
129964_1767690900,1,35.537,-44.25,85.208,58.0
131672_1767691200,1,-99.478,-170.951,-47.792,-65.0
129964_1767691200,1,19.145,-35.615,104.426,64.0
133957_1767691200,1,-60.761,-103.339,-28.627,9.0
130238_1767691200,1,-6.187,-27.656,25.289,0.0
133300_1767691200,1,169.262,81.505,228.271,135.0
129964_1767691500,1,93.165,22.829,158.958,94.0
131672_1767691500,1,8.373,-49.331,62.219,-10.0
130238_1767691500,1,-37.281,-54.811,30.725,0.0
133957_1767691800,1,-6.272,-62.87,74.301,48.0
129964_1767691800,1,52.35,-23.45,115.421,42.0
122048_1767691800,1,35.198,-15.228,181.281,233.0
130238_1767691800,1,9.477,2.306,41.278,0.0
130238_1767692100,1,4.983,0.84,12.478,0.0
133957_1767692100,1,29.644,-17.811,89.557,50.0
129964_1767692100,1,50.165,-24.177,88.964,16.0
122048_1767692100,1,36.478,-24.925,143.995,200.0
129964_1767692400,1,72.959,0.098,131.247,106.0
130238_1767692400,1,0.665,-3.095,19.308,0.0
133957_1767692400,1,71.338,39.133,81.525,223.0
122048_1767692400,1,-16.528,-90.95,104.228,91.0
130238_1767692700,1,-11.394,-15.003,-3.386,0.0
122048_1767692700,1,7.804,-37.187,75.278,-63.0
133957_1767692700,1,64.354,14.352,125.682,191.0
130238_1767693000,1,-10.703,-34.556,6.07,0.0
122048_1767693000,1,-40.453,-57.615,12.467,-67.0
133957_1767693000,1,80.918,36.54,171.785,80.0
130238_1767693300,1,-33.638,-36.52,-14.21,0.0
132430_1767693300,1,65.957,62.998,84.884,132.0
133957_1767693300,1,52.902,8.565,150.779,23.0
122048_1767693300,1,-127.363,-157.249,-75.523,-115.0
122613_1767693600,1,-131.218,-188.365,-68.459,-180.0
122048_1767693600,1,-48.63,-125.265,13.866,-142.0
133300_1767693600,1,109.481,44.705,193.505,168.0
132430_1767693600,1,61.611,26.189,111.913,132.0
133957_1767693600,1,77.369,23.401,154.404,-24.0
122613_1767693900,1,-110.963,-122.628,-99.884,-108.0
122048_1767693900,1,-110.501,-142.028,-55.999,-110.0
133957_1767693900,1,42.857,-24.84,110.074,13.0
132430_1767693900,1,52.825,51.64,69.865,33.0
133300_1767694200,1,-40.303,-67.584,45.097,-63.0
122613_1767694200,1,-116.497,-170.61,-84.172,-140.0
122048_1767694200,1,-106.473,-155.957,-27.914,-50.0
132430_1767694200,1,29.983,-47.151,94.296,90.0
133957_1767694200,1,-5.518,-80.412,62.33,21.0
122613_1767694500,1,-81.018,-120.297,-75.523,-70.0
132430_1767694500,1,24.58,-38.932,118.222,144.0
133957_1767694500,1,-69.688,-112.651,-3.033,-22.0
122048_1767694500,1,-91.79,-100.097,-39.573,-184.0
133300_1767694500,1,-24.551,-37.128,41.884,-63.0
132430_1767694800,1,63.563,-19.505,161.476,233.0
133957_1767694800,1,44.736,-36.413,127.286,24.0
122048_1767694800,1,-160.141,-166.144,-101.34,-250.0
122613_1767694800,1,-57.378,-105.291,-29.649,-38.0
133300_1767694800,1,6.656,-5.051,94.587,54.0
122613_1767695100,1,14.592,-63.094,61.385,30.0
122048_1767695100,1,-233.186,-234.184,-149.028,-359.0
133300_1767695100,1,18.572,-47.483,83.493,90.0
132430_1767695100,1,81.274,-2.194,219.783,116.0
133957_1767695100,1,-20.501,-70.963,69.454,-17.0
132430_1767695400,1,74.236,12.963,172.793,26.0
129964_1767695400,1,-4.922,-45.881,44.587,-51.0
130238_1767695400,1,61.894,-12.845,94.417,-12.0
122613_1767695400,1,77.338,9.228,123.313,123.0
133957_1767695400,1,14.815,-40.002,61.001,28.0
129964_1767695700,1,34.689,-39.844,88.65,-51.0
132430_1767695700,1,111.081,58.887,196.795,30.0
130238_1767695700,1,88.341,-4.84,182.871,2.0
122613_1767695700,1,106.21,39.826,135.604,61.0
129964_1767696000,1,58.971,-25.641,106.227,-11.0
133957_1767696000,1,-22.626,-81.8,67.413,138.0
132430_1767696000,1,76.073,-11.337,183.605,-71.0
130238_1767696000,1,17.952,-40.651,123.37,-34.0
132430_1767696300,1,74.476,-6.394,180.283,221.0
129964_1767696300,1,29.783,-66.625,104.641,73.0
133957_1767696300,1,-19.279,-53.795,83.958,156.0
130238_1767696300,1,39.906,-25.169,85.319,10.0
132430_1767696600,1,87.308,-5.706,161.96,264.0
129964_1767696600,1,86.274,31.59,147.907,111.0
133957_1767696600,1,96.888,39.665,150.414,185.0
130238_1767696600,1,-27.812,-99.736,53.658,46.0
129964_1767696900,1,138.662,61.89,187.649,140.0
122613_1767696900,1,8.456,4.648,8.872,0.0
133957_1767696900,1,226.022,141.234,286.681,111.0
132430_1767696900,1,164.469,65.007,235.132,113.0
130238_1767696900,1,-62.937,-127.866,14.941,29.0
132430_1767697200,1,107.474,66.088,155.476,17.0
133300_1767697200,1,29.545,-20.677,102.948,49.0
133957_1767697200,1,80.92,24.428,188.635,64.0
129964_1767697200,1,55.345,-24.768,121.717,133.0
130238_1767697200,1,67.474,19.57,89.675,40.0
129964_1767697500,1,27.301,-13.24,86.744,75.0
133957_1767697500,1,49.184,-10.917,123.234,3.0
132430_1767697500,1,48.855,7.004,125.56,86.0
130238_1767697500,1,32.13,-5.509,39.051,32.0
133300_1767697500,1,51.457,-23.516,105.554,77.0
133957_1767697800,1,46.118,-26.313,110.85,18.0
135081_1767697800,1,63.782,59.723,74.323,77.0
132430_1767697800,1,78.061,-9.66,143.253,70.0
133300_1767697800,1,37.705,7.981,109.702,65.0
129964_1767697800,1,54.531,-0.443,128.134,26.0
135081_1767698100,1,83.415,55.492,103.885,95.0
133300_1767698100,1,52.849,22.734,146.857,151.0
132430_1767698100,1,68.127,1.047,149.248,49.0
133957_1767698100,1,-8.677,-56.542,56.212,-47.0
131672_1767698100,1,46.028,27.487,62.828,27.0
129964_1767698100,1,37.154,-23.026,104.563,10.0
135081_1767698400,1,109.694,84.362,131.831,135.0
129964_1767698400,1,32.061,-14.405,83.76,14.0
132430_1767698400,1,86.476,40.413,176.168,49.0
131672_1767698400,1,67.173,39.813,83.702,60.0
133957_1767698400,1,-12.895,-80.428,67.436,-69.0
133300_1767698400,1,169.652,98.365,231.883,225.0
131672_1767698700,1,89.974,84.148,107.251,82.0
129964_1767698700,1,-44.712,-94.895,37.38,0.0
135081_1767698700,1,84.688,41.63,144.26,126.0
133957_1767698700,1,-101.19,-141.05,-33.552,-145.0
133957_1767699000,1,-38.008,-106.928,28.463,-96.0
129964_1767699000,1,-18.78,-81.487,40.332,80.0
132430_1767699000,1,30.149,16.479,83.074,14.0
135081_1767699000,1,177.657,130.176,268.732,28.0
122613_1767699000,1,23.812,14.972,35.25,0.0
131672_1767699000,1,62.146,21.829,106.012,4.0
132430_1767699300,1,21.249,-12.604,31.847,14.0
122613_1767699300,1,-52.052,-58.21,-36.463,0.0
129964_1767699300,1,-7.653,-25.277,58.631,49.0
133957_1767699300,1,-105.5,-160.006,-36.638,-249.0
131672_1767699300,1,32.175,1.065,105.114,40.0
135081_1767699300,1,136.382,64.808,214.016,45.0
131672_1767699600,1,-47.381,-97.34,11.939,-28.0
133957_1767699600,1,-163.837,-206.746,-57.919,-254.0
135081_1767699600,1,40.89,4.404,97.909,55.0
132430_1767699600,1,18.625,-56.205,104.996,-87.0
122613_1767699600,1,-29.685,-52.987,-23.615,-145.0
135081_1767699900,1,-16.832,-34.344,19.01,36.0
129964_1767699900,1,-34.01,-59.687,48.931,-53.0
132430_1767699900,1,69.965,-7.42,109.405,-110.0
131672_1767699900,1,-58.247,-118.913,31.005,-29.0
133957_1767699900,1,-160.605,-242.397,-87.1,-158.0
122613_1767699900,1,-34.483,-166.508,120.909,-230.0
131672_1767700200,1,-13.352,-61.421,51.17,-23.0
129964_1767700200,1,-4.236,-27.741,77.192,-73.0
133957_1767700200,1,122.514,26.484,171.786,80.0
135081_1767700200,1,-79.7,-119.368,-16.249,-24.0
132430_1767700200,1,1.883,-91.713,91.308,-136.0
122613_1767700200,1,-40.729,-119.508,81.004,-116.0
129964_1767700500,1,19.982,1.039,79.675,90.0
132430_1767700500,1,-182.189,-185.025,-124.594,-6.0
133957_1767700500,1,77.603,59.577,139.845,42.0
131672_1767700500,1,-8.696,-58.076,61.879,-47.0
122613_1767700500,1,-47.007,-108.841,-45.672,-79.0
135081_1767700500,1,-95.031,-156.194,-23.357,-98.0
122048_1767700800,1,258.872,247.217,267.198,374.0
131672_1767700800,1,-135.73,-157.505,-44.06,-105.0
133300_1767700800,1,143.981,84.295,200.858,260.0
122613_1767700800,1,-77.285,-126.85,-31.354,-50.0
122658_1767700800,1,43.941,-40.218,134.286,143.0
122048_1767701100,1,254.34,225.114,320.845,312.0
122658_1767701100,1,203.357,168.594,232.71,121.0
122613_1767701100,1,-125.988,-132.176,-115.319,-155.0
131672_1767701100,1,-71.007,-117.222,26.597,-83.0
122613_1767701400,1,-120.437,-164.396,-36.204,-175.0
122048_1767701400,1,321.823,304.582,353.413,354.0
133300_1767701400,1,-53.578,-67.01,-19.571,-7.0
131672_1767701400,1,-156.569,-166.64,-74.518,-207.0
133300_1767701700,1,21.151,-12.915,72.651,-7.0
122658_1767701700,1,-4.063,-10.096,18.409,0.0
122048_1767701700,1,254.476,253.096,267.817,273.0
122613_1767701700,1,-77.428,-118.834,-14.671,-47.0
122658_1767702000,1,16.373,-0.176,32.172,0.0
133300_1767702000,1,56.991,-20.653,107.89,132.0
122613_1767702000,1,-125.381,-194.76,-81.695,-61.0
122048_1767702000,1,231.874,211.459,241.372,252.0
122658_1767702300,1,-11.272,-50.803,32.91,0.0
122048_1767702300,1,176.541,122.507,263.199,158.0
122613_1767702300,1,-10.179,-73.423,53.757,66.0
133300_1767702300,1,46.788,-12.787,112.662,114.0
133957_1767702600,1,65.087,29.549,148.745,172.0
133300_1767702600,1,88.06,47.78,157.557,47.0
132430_1767702600,1,132.716,55.275,224.054,-64.0
122658_1767702600,1,-2.975,-6.904,6.174,0.0
122048_1767702600,1,161.015,121.692,238.716,144.0
135081_1767702600,1,-103.426,-129.56,-50.129,-131.0
135081_1767702900,1,-101.833,-137.274,-36.953,-144.0
133300_1767702900,1,101.383,72.441,161.48,95.0
122658_1767702900,1,11.035,8.283,16.732,0.0
122048_1767702900,1,185.044,112.33,251.859,138.0
133957_1767702900,1,30.763,-18.896,100.81,97.0
132430_1767702900,1,42.734,-37.107,109.135,-181.0
134040_1767703200,1,0.58,-106.685,73.604,-35.0
122658_1767703200,1,1.122,-7.339,1.427,0.0
131672_1767703200,1,6.349,1.876,43.622,17.0
132430_1767703200,1,12.221,-59.464,76.824,-100.0
122048_1767703200,1,50.443,11.145,130.493,87.0
133957_1767703200,1,54.675,0.675,149.155,101.0
133300_1767703200,1,173.847,85.992,245.033,322.0
135081_1767703200,1,-77.952,-138.682,11.63,-171.0
133957_1767703500,1,114.636,59.446,181.187,161.0
132430_1767703500,1,-86.81,-136.294,27.466,-75.0
134040_1767703500,1,-13.392,-31.751,20.384,-35.0
122658_1767703500,1,-6.626,-12.065,-2.032,0.0
131672_1767703500,1,32.834,12.47,117.695,76.0
122048_1767703500,1,67.561,53.158,92.438,84.0
135081_1767703500,1,-111.662,-159.426,-52.852,-72.0
132430_1767703800,1,-70.811,-96.229,-31.03,-58.0
122658_1767703800,1,13.039,-83.195,86.808,103.0
135081_1767703800,1,-79.275,-171.044,-27.184,-16.0
131672_1767703800,1,37.544,5.753,109.659,53.0
134040_1767703800,1,56.557,40.988,60.401,52.0
133957_1767703800,1,82.983,5.356,142.403,40.0
133300_1767703800,1,10.206,-32.455,61.252,-25.0
122048_1767703800,1,42.876,28.056,63.158,84.0
131672_1767704100,1,105.499,62.059,176.033,192.0
132430_1767704100,1,-70.54,-107.029,-19.524,-74.0
133957_1767704100,1,81.742,46.61,128.707,139.0
135081_1767704100,1,-19.726,-72.727,50.221,-27.0
122658_1767704100,1,50.206,-38.88,137.077,252.0
134040_1767704100,1,80.385,19.615,156.399,87.0
122048_1767704100,1,15.557,1.665,33.503,0.0
122048_1767704400,1,27.846,-1.729,31.123,0.0
134040_1767704400,1,61.954,-6.651,153.712,91.0
135081_1767704400,1,27.093,-30.922,98.469,11.0
122658_1767704400,1,117.278,20.301,227.9,289.0
129964_1767704400,1,-22.147,-96.037,59.554,-106.0
122048_1767704700,1,-0.161,-0.829,7.57,0.0
132430_1767704700,1,-29.043,-36.271,8.807,16.0
134040_1767704700,1,65.02,4.386,178.24,-7.0
122658_1767704700,1,113.361,34.243,198.547,321.0
129964_1767704700,1,25.156,-53.545,69.572,-150.0
134040_1767705000,1,68.689,-13.348,165.84,47.0
122658_1767705000,1,395.076,329.587,425.489,406.0
122048_1767705000,1,15.591,-33.088,31.43,0.0
129964_1767705000,1,-0.529,-57.886,13.954,-165.0
132430_1767705000,1,25.599,23.449,65.486,16.0
132430_1767705300,1,17.345,-40.221,53.015,17.0
122048_1767705300,1,-6.195,-11.711,-5.954,0.0
129964_1767705300,1,-14.415,-97.108,30.666,-95.0
134040_1767705300,1,44.485,-31.73,126.993,84.0
132430_1767705600,1,98.894,30.933,149.551,77.0
133957_1767705600,1,96.231,50.744,117.498,113.0
129964_1767705600,1,-40.046,-108.825,25.046,11.0
122658_1767705600,1,68.413,18.62,95.723,0.0
122048_1767705600,1,-6.124,-12.509,-4.342,0.0
134040_1767705600,1,35.77,-27.153,117.378,113.0
122613_1767705900,1,-26.234,-42.735,-24.896,0.0
133957_1767705900,1,102.2,80.271,129.32,123.0
132430_1767705900,1,84.986,4.118,172.462,57.0
129964_1767705900,1,-108.96,-155.402,-83.055,-32.0
122658_1767705900,1,-20.931,-41.9,27.822,0.0
134040_1767705900,1,25.394,-47.574,95.167,37.0
122048_1767705900,1,0.085,-5.814,7.296,0.0
135081_1767705900,1,28.302,-28.333,145.919,79.0
122048_1767706200,1,-0.76,-3.851,-0.647,0.0
131672_1767706200,1,4.461,-63.235,60.437,37.0
129964_1767706200,1,-66.63,-121.794,4.569,-50.0
132430_1767706200,1,132.278,22.295,219.627,196.0
134040_1767706200,1,43.875,2.126,118.223,123.0
134040_1767706500,1,79.221,17.68,186.882,172.0
132430_1767706500,1,101.842,10.565,219.492,103.0
131672_1767706500,1,84.001,21.515,129.084,131.0
122048_1767706500,1,14.401,2.267,31.954,0.0
129964_1767706500,1,-24.638,-89.183,27.679,-51.0
129964_1767706800,1,-14.709,-90.524,56.103,-34.0
134040_1767706800,1,193.143,125.806,304.304,317.0
122048_1767706800,1,8.805,5.149,18.597,0.0
132430_1767706800,1,50.535,-13.896,145.064,53.0
134040_1767707100,1,101.238,27.161,210.053,231.0
129964_1767707100,1,-37.957,-86.811,11.034,25.0
122048_1767707100,1,-9.464,-44.782,0.616,0.0
132430_1767707100,1,100.226,43.878,195.681,78.0
122048_1767707400,1,-11.756,-22.838,-5.981,0.0
134040_1767707400,1,182.097,100.182,245.898,234.0
129964_1767707400,1,-21.787,-79.449,52.419,-62.0
132430_1767707400,1,105.498,5.547,190.973,39.0
122048_1767707700,1,29.787,4.972,29.917,0.0
134040_1767707700,1,176.873,106.046,238.043,200.0
132430_1767707700,1,137.613,66.625,225.488,58.0
129964_1767707700,1,9.002,-53.072,47.93,5.0
133957_1767708000,1,198.564,104.454,285.769,253.0
132430_1767708000,1,128.842,47.934,224.753,192.0
129964_1767708000,1,-15.778,-68.655,91.517,-6.0
122613_1767708000,1,29.006,28.818,40.987,0.0
135081_1767708000,1,139.094,72.52,254.177,19.0
133957_1767708300,1,164.233,77.795,232.075,180.0
122613_1767708300,1,-13.422,-23.687,-9.822,0.0
132430_1767708300,1,77.542,15.317,177.303,68.0
135081_1767708300,1,70.3,-3.176,185.494,-36.0
129964_1767708600,1,-103.104,-148.98,-0.279,-114.0
122613_1767708600,1,-38.43,-54.436,-36.416,-77.0
135081_1767708600,1,13.16,-44.496,67.97,-19.0
131672_1767708600,1,69.546,-16.772,123.229,60.0
132430_1767708600,1,83.787,11.671,178.828,-7.0
133957_1767708600,1,156.146,100.846,218.465,238.0
131672_1767708900,1,102.883,35.59,148.316,90.0
132430_1767708900,1,98.705,23.156,198.064,115.0
122613_1767708900,1,-15.705,-35.896,-7.096,0.0
135081_1767708900,1,-1.066,-43.763,70.378,-17.0
129964_1767708900,1,-32.459,-138.022,78.537,-106.0
133957_1767708900,1,118.188,63.832,220.966,170.0
132430_1767709200,1,59.722,-24.659,137.124,98.0
122613_1767709200,1,-17.601,-41.486,-15.31,0.0
135081_1767709200,1,-57.228,-111.455,29.048,-17.0
133957_1767709200,1,104.485,99.763,156.09,81.0
131672_1767709200,1,120.6,52.143,182.644,91.0
129964_1767709200,1,20.848,-71.89,93.852,-77.0
131672_1767709500,1,135.663,106.935,173.023,115.0
132430_1767709500,1,164.55,101.343,241.423,158.0
122613_1767709500,1,-20.924,-22.999,-15.238,0.0
135081_1767709500,1,-69.642,-107.095,10.113,-102.0
129964_1767709500,1,-34.859,-71.606,-16.237,-93.0
122613_1767709800,1,-18.461,-18.958,-10.548,0.0
135081_1767709800,1,-47.964,-139.412,50.61,-84.0
134040_1767709800,1,75.94,0.465,174.593,79.0
132430_1767709800,1,115.825,75.096,162.47,137.0
129964_1767709800,1,-21.905,-72.853,25.487,-69.0
122613_1767710100,1,-19.101,-39.508,-10.561,0.0
129964_1767710100,1,-33.023,-90.599,15.303,-42.0
135081_1767710100,1,-37.663,-96.761,34.503,-126.0
134040_1767710100,1,0.332,-68.747,86.208,4.0
122613_1767710400,1,-15.813,-29.262,-11.149,0.0
132430_1767710400,1,7.15,7.034,34.129,23.0
134040_1767710400,1,49.444,-13.902,137.976,68.0
129964_1767710400,1,-121.606,-170.304,-46.83,-145.0
135081_1767710400,1,-79.863,-125.783,-5.68,-128.0
135081_1767710700,1,-127.6,-188.875,-49.387,-145.0
122613_1767710700,1,11.004,7.83,16.797,0.0
134040_1767710700,1,50.883,-5.945,129.866,87.0
132430_1767710700,1,23.112,19.651,53.554,23.0
129964_1767710700,1,-93.803,-145.361,-42.955,-127.0
134040_1767711000,1,77.266,5.502,176.195,187.0
129964_1767711000,1,-64.331,-142.61,7.256,-207.0
132430_1767711000,1,65.518,5.921,94.352,47.0
122613_1767711000,1,-7.948,-24.221,-2.844,0.0
135081_1767711000,1,-137.885,-178.501,-47.996,-175.0
134040_1767711300,1,72.14,7.941,186.922,267.0
129964_1767711300,1,-61.544,-122.953,-12.08,-66.0
122613_1767711300,1,29.956,18.998,31.495,0.0
132430_1767711300,1,45.785,-7.469,97.358,33.0
135081_1767711300,1,-124.013,-172.566,-76.893,-168.0
135081_1767711600,1,-49.561,-136.586,18.042,11.0
131672_1767711600,1,-41.428,-89.024,50.958,-47.0
133957_1767711600,1,119.304,45.357,208.663,26.0
132430_1767711600,1,104.647,60.654,126.697,171.0
134040_1767711600,1,108.278,55.973,186.527,199.0
133957_1767711900,1,94.289,11.398,163.531,17.0
134040_1767711900,1,157.966,116.976,238.141,181.0
131672_1767711900,1,-44.573,-115.058,39.561,-52.0
132430_1767711900,1,119.69,24.79,236.657,384.0
135081_1767711900,1,-13.769,-53.771,82.674,-12.0
132430_1767712200,1,134.163,44.666,240.241,291.0
135081_1767712200,1,25.069,-16.061,83.35,-28.0
133300_1767712200,1,-22.586,-37.724,-18.541,-35.0
134040_1767712200,1,153.703,94.137,293.726,202.0
133957_1767712200,1,2.49,-21.092,78.494,28.0
133957_1767712500,1,-7.953,-62.894,62.628,-36.0
135081_1767712500,1,-18.245,-49.052,33.055,59.0
133300_1767712500,1,0.138,-32.141,21.713,-35.0
132430_1767712500,1,166.938,92.827,274.629,226.0
134040_1767712500,1,227.076,195.706,263.694,199.0
130238_1767712500,1,22.347,8.027,22.817,10.0
134040_1767712800,1,111.118,32.125,210.862,183.0
130238_1767712800,1,1.07,-15.515,10.21,-40.0
132430_1767712800,1,261.733,175.004,343.637,258.0
133300_1767712800,1,17.828,-11.51,21.202,36.0
133957_1767712800,1,-50.229,-97.755,18.958,-93.0
134040_1767713100,1,122.908,52.502,209.07,91.0
130238_1767713100,1,-27.064,-31.833,-24.944,-124.0
132430_1767713100,1,242.738,176.543,327.509,199.0
133300_1767713100,1,34.116,-34.719,80.724,-9.0
133957_1767713100,1,-16.199,-85.999,78.554,74.0
122658_1767713100,1,47.051,5.685,75.884,27.0
122613_1767713400,1,28.191,17.997,30.218,0.0
122658_1767713400,1,52.889,24.385,85.241,86.0
131672_1767713400,1,16.324,-21.402,55.72,12.0
130238_1767713400,1,-36.309,-100.058,42.162,-99.0
133957_1767713400,1,-83.121,-130.992,8.037,75.0
122048_1767713400,1,13.055,8.043,17.878,0.0
129964_1767713400,1,-63.135,-113.423,22.81,-129.0
122613_1767713700,1,18.916,18.884,26.651,0.0
131672_1767713700,1,36.296,27.008,60.909,86.0
129964_1767713700,1,-57.076,-96.519,-26.375,-33.0
133957_1767713700,1,1.254,-46.422,74.546,-11.0
122658_1767713700,1,115.092,89.953,136.312,159.0
122048_1767713700,1,2.609,-23.047,20.112,0.0
130238_1767713700,1,-43.375,-102.288,3.358,-47.0
122613_1767714000,1,15.381,4.993,23.712,0.0
131672_1767714000,1,5.912,-18.435,52.209,67.0
122048_1767714000,1,-17.372,-35.384,-1.728,0.0
130238_1767714000,1,-66.306,-128.212,17.743,-41.0
122658_1767714000,1,211.702,149.681,279.076,225.0
129964_1767714000,1,7.143,-38.433,35.374,25.0
122613_1767714300,1,6.283,-13.733,15.045,0.0
130238_1767714300,1,-88.338,-138.82,-4.422,-45.0
129964_1767714300,1,46.268,-13.22,141.481,8.0
122048_1767714300,1,1.716,-38.946,23.398,0.0
131672_1767714300,1,75.834,21.194,169.781,70.0
122658_1767714300,1,129.297,25.287,241.741,348.0
122048_1767714600,1,-24.524,-46.129,-22.462,0.0
129964_1767714600,1,-12.675,-85.932,60.123,-49.0
122613_1767714600,1,2.294,-6.101,4.942,0.0
130238_1767714600,1,-58.5,-134.146,19.063,-30.0
122658_1767714600,1,130.281,91.79,174.152,362.0
131672_1767714600,1,35.391,-16.508,101.722,13.0
122613_1767714900,1,4.821,-2.057,5.476,0.0
130238_1767714900,1,11.616,-51.877,59.997,-78.0
122658_1767714900,1,-32.83,-42.885,-28.281,2.0
129964_1767714900,1,-2.772,-61.534,62.536,-82.0
122048_1767714900,1,-3.651,-8.544,-3.065,0.0
131672_1767714900,1,-83.983,-148.155,10.85,-150.0
122048_1767715200,1,19.835,10.84,29.277,0.0
122658_1767715200,1,-0.942,-7.545,6.42,0.0
132430_1767715200,1,402.005,265.836,462.881,485.0
122613_1767715200,1,-7.702,-12.39,1.21,0.0
133300_1767715200,1,75.802,8.32,139.494,22.0
129964_1767715200,1,-58.507,-129.159,10.08,-134.0
130238_1767715200,1,-65.975,-86.431,-22.113,-97.0
122658_1767715500,1,9.191,-2.562,52.433,0.0
132430_1767715500,1,405.135,311.037,471.109,483.0
122048_1767715500,1,16.549,6.645,18.905,0.0
129964_1767715500,1,-56.965,-120.887,24.421,-115.0
122613_1767715500,1,-58.66,-62.998,-28.485,0.0
133300_1767715500,1,93.574,16.435,144.812,-24.0
122613_1767715800,1,-19.934,-102.7,62.922,-18.0
133300_1767715800,1,11.74,-23.832,76.766,-87.0
122048_1767715800,1,2.574,-11.128,16.739,0.0
122658_1767715800,1,-18.391,-19.891,-15.781,0.0
129964_1767715800,1,-76.387,-118.804,-46.026,-2.0
133300_1767716100,1,-30.873,-75.03,32.211,-38.0
122613_1767716100,1,27.862,-45.241,131.192,11.0
129964_1767716100,1,-82.471,-118.35,-16.53,-46.0
122048_1767716100,1,-3.606,-5.535,-2.508,0.0
122658_1767716100,1,0.103,-14.035,6.986,0.0
133300_1767716400,1,40.335,-34.95,140.902,207.0
122048_1767716400,1,37.019,25.507,45.227,0.0
129964_1767716400,1,-49.993,-96.994,20.435,-13.0
133957_1767716400,1,80.995,70.448,120.691,115.0
122613_1767716400,1,-36.37,-107.191,29.596,-88.0
130238_1767716400,1,62.722,42.992,86.122,98.0
122658_1767716400,1,-4.464,-11.62,-1.494,0.0
122613_1767716700,1,17.596,-14.894,109.11,-27.0
133957_1767716700,1,88.922,70.908,145.335,104.0
130238_1767716700,1,-6.691,-39.192,20.172,9.0
122048_1767716700,1,-12.953,-33.234,0.786,0.0
129964_1767716700,1,6.918,-41.7,67.625,303.0
122658_1767716700,1,-4.438,-10.901,-0.897,0.0
122658_1767717000,1,-6.469,-8.296,1.608,0.0
130238_1767717000,1,68.052,50.624,83.861,-55.0
135081_1767717000,1,58.581,5.711,146.077,92.0
122613_1767717000,1,-24.3,-85.399,28.399,-62.0
129964_1767717300,1,-52.968,-111.387,25.476,-111.0
135081_1767717300,1,32.784,-45.906,153.197,-22.0
130238_1767717300,1,64.043,8.963,153.446,-41.0
122613_1767717300,1,1.258,-44.163,59.418,-54.0
122613_1767717600,1,-24.033,-84.263,43.217,-11.0
130238_1767717600,1,-46.422,-80.066,31.113,-57.0
135081_1767717600,1,51.016,-35.291,190.709,-133.0
129964_1767717600,1,-62.72,-123.67,67.771,-126.0
122658_1767717600,1,59.406,46.837,73.525,-46.0
135081_1767717900,1,-61.722,-107.949,36.31,-127.0
122613_1767717900,1,-46.431,-85.093,-9.702,55.0
122658_1767717900,1,-7.92,-40.097,83.951,38.0
129964_1767717900,1,8.782,-55.174,94.094,38.0
130238_1767717900,1,-48.123,-96.148,27.278,-92.0
129964_1767718200,1,-5.794,-80.994,2.415,57.0
130238_1767718200,1,-27.097,-73.149,43.737,-38.0
122613_1767718200,1,37.278,15.443,43.112,72.0
122658_1767718200,1,31.121,-23.253,86.459,39.0
135081_1767718200,1,-69.677,-109.695,-28.364,-51.0
122658_1767718500,1,94.708,22.224,171.492,63.0
122613_1767718500,1,68.659,68.419,84.187,72.0
129964_1767718500,1,17.828,-25.526,77.526,71.0
135081_1767718500,1,-35.622,-67.739,2.58,-77.0
130238_1767718500,1,-36.584,-70.624,14.301,-3.0
130238_1767718800,1,-63.5,-109.259,-26.362,-85.0
133957_1767718800,1,-58.436,-111.656,29.751,-35.0
122658_1767718800,1,-16.536,-96.588,78.092,107.0
129964_1767718800,1,75.547,29.38,153.091,39.0
135081_1767718800,1,-100.381,-162.994,-11.764,-153.0
133300_1767718800,1,102.111,24.918,163.39,231.0
129964_1767719100,1,-52.145,-66.727,16.629,-44.0
135081_1767719100,1,-13.626,-96.186,43.829,-144.0
130238_1767719100,1,-34.645,-116.111,72.664,99.0
133957_1767719100,1,-91.652,-127.647,-8.591,-113.0
122658_1767719100,1,156.376,135.495,169.047,88.0
122658_1767719400,1,4.932,3.429,13.244,0.0
135081_1767719400,1,-76.657,-136.356,-14.406,-123.0
133957_1767719400,1,5.542,-52.551,88.268,-174.0
130238_1767719400,1,-28.355,-93.387,75.876,160.0
133300_1767719400,1,-24.28,-41.733,26.255,-24.0
129964_1767719400,1,-44.217,-114.173,55.255,-130.0
135081_1767719700,1,-117.967,-135.462,-66.044,-137.0
122658_1767719700,1,-8.434,-36.971,12.678,0.0
130238_1767719700,1,-19.586,-79.859,57.792,134.0
129964_1767719700,1,-56.595,-113.698,36.634,-135.0
133957_1767719700,1,-57.867,-127.09,31.594,-173.0
133300_1767719700,1,40.907,-17.808,114.481,22.0
133300_1767720000,1,57.958,-41.018,162.25,-46.0
122048_1767720000,1,-320.84,-354.006,-206.977,-336.0
133957_1767720000,1,-148.319,-187.745,-42.66,-218.0
130238_1767720000,1,89.856,41.197,194.181,35.0
122658_1767720000,1,21.039,5.723,22.258,0.0
129964_1767720000,1,-71.028,-111.12,6.831,-14.0
135081_1767720000,1,-148.646,-171.512,-99.776,-199.0
133300_1767720300,1,31.105,-34.7,123.266,-26.0
129964_1767720300,1,-80.746,-128.22,5.554,-105.0
135081_1767720300,1,-182.351,-226.667,-65.482,-231.0
122048_1767720300,1,-229.358,-265.679,-140.204,-130.0
130238_1767720300,1,57.521,6.646,171.569,41.0
122658_1767720300,1,-17.424,-20.396,0.749,0.0
122048_1767720600,1,-31.16,-71.17,9.555,-32.0
129964_1767720600,1,-31.098,-76.091,22.132,-10.0
122658_1767720600,1,4.865,2.629,8.267,0.0
135081_1767720600,1,-80.537,-162.981,-71.156,-180.0
130238_1767720600,1,-4.287,-36.297,55.785,-64.0
122048_1767720900,1,-69.875,-80.504,-38.297,-32.0
135081_1767720900,1,-107.713,-176.697,-48.455,-34.0
133957_1767720900,1,2.503,-20.14,36.69,67.0
130238_1767720900,1,-12.606,-56.986,63.117,-125.0
122658_1767720900,1,37.838,17.667,43.1,0.0
129964_1767720900,1,-56.513,-101.006,18.336,49.0
130238_1767721200,1,-30.404,-82.267,52.126,-103.0
133957_1767721200,1,47.63,23.47,61.037,28.0
122048_1767721200,1,-15.492,-25.153,29.533,-108.0
122658_1767721200,1,-8.506,-9.547,21.946,0.0
135081_1767721200,1,-35.685,-41.184,-23.411,4.0
135081_1767721500,1,16.251,-42.021,64.916,12.0
122048_1767721500,1,-106.904,-129.83,-47.066,-141.0
130238_1767721500,1,-55.786,-93.237,4.048,-170.0
133957_1767721500,1,56.51,36.42,124.463,83.0
122048_1767721800,1,-126.595,-185.78,-45.911,-174.0
133957_1767721800,1,67.31,19.583,153.31,-28.0
135081_1767721800,1,21.855,8.22,22.364,48.0
122048_1767722100,1,-105.113,-123.057,-55.309,-157.0
133957_1767722100,1,14.974,-30.9,110.175,-73.0
132430_1767722400,1,354.803,274.321,428.071,380.0
133300_1767722400,1,95.297,58.037,152.04,310.0
134040_1767722400,1,78.875,37.978,148.135,107.0
122048_1767722400,1,-137.347,-139.597,-121.849,-146.0
134040_1767722700,1,82.086,73.822,140.56,295.0
133300_1767722700,1,324.172,260.837,355.549,406.0
122048_1767722700,1,-89.69,-98.015,-87.351,-104.0
132430_1767722700,1,423.677,371.376,475.198,324.0
133300_1767723000,1,477.738,402.426,535.155,580.0
134040_1767723000,1,159.274,81.687,276.867,407.0
122048_1767723000,1,-22.98,-47.956,-14.139,-70.0
132430_1767723000,1,500.088,456.185,512.672,452.0
132430_1767723300,1,344.754,256.863,410.499,333.0
122048_1767723300,1,31.285,-8.394,62.308,48.0
134040_1767723300,1,204.874,125.122,258.86,342.0
122048_1767723600,1,49.165,-8.973,103.702,66.0
134040_1767723600,1,360.546,329.441,395.737,401.0
132430_1767723600,1,390.051,379.116,438.389,310.0
133300_1767723600,1,-7.089,-45.398,14.44,-5.0
122048_1767723900,1,122.653,56.895,172.312,50.0
132430_1767723900,1,430.891,348.353,465.985,285.0
134040_1767723900,1,284.289,222.93,331.01,487.0
132430_1767724200,1,311.341,242.235,353.744,309.0
134040_1767724200,1,411.189,330.225,421.281,465.0
122048_1767724200,1,108.158,63.631,219.063,35.0
131672_1767724200,1,333.059,213.038,400.833,368.0
131672_1767724500,1,353.101,297.316,365.97,365.0
122048_1767724500,1,72.892,6.875,150.646,133.0
134040_1767724500,1,400.915,330.892,420.353,409.0
132430_1767724500,1,387.237,308.478,439.094,299.0
132430_1767724800,1,191.462,115.7,214.319,45.0
122048_1767724800,1,104.124,59.647,177.626,250.0
132430_1767725100,1,142.818,104.809,169.008,45.0
122048_1767725100,1,266.148,189.27,331.102,274.0
132430_1767725400,1,116.598,51.711,154.799,-1.0
122048_1767725400,1,462.203,418.008,495.511,356.0
122048_1767725700,1,294.675,222.871,372.598,417.0
132430_1767725700,1,85.809,22.814,153.587,27.0
122048_1767726000,1,385.54,304.452,439.795,481.0
135081_1767726000,1,227.872,106.974,341.305,311.0
122048_1767726300,1,378.75,312.013,442.257,523.0
135081_1767726300,1,206.192,83.356,344.275,146.0
135081_1767726600,1,143.195,34.637,288.719,53.0
131672_1767726900,1,41.954,-65.678,123.106,-3.0
135081_1767726900,1,83.519,-16.01,205.961,-68.0
131672_1767727200,1,54.882,-39.683,143.918,-9.0
122048_1767727200,1,41.869,22.589,77.479,-54.0
135081_1767727200,1,70.812,-15.138,173.35,-32.0
135081_1767727500,1,17.727,-55.507,86.606,-15.0
131672_1767727500,1,147.413,17.632,218.507,163.0
131672_1767727800,1,238.559,236.466,239.181,302.0
131672_1767728100,1,237.407,191.605,295.935,382.0
131672_1767728400,1,225.532,115.424,307.894,359.0
122048_1767728700,1,-195.816,-301.981,-140.508,-348.0
131672_1767728700,1,358.262,301.914,442.492,492.0
133957_1767729000,1,71.565,59.905,157.691,39.0
122048_1767729000,1,-124.336,-272.309,-53.656,-142.0
131672_1767729000,1,407.577,320.223,507.105,533.0
122048_1767729300,1,-9.599,-86.401,51.856,36.0
131672_1767729300,1,458.118,366.999,566.483,478.0
133957_1767729300,1,88.628,51.412,165.56,171.0
131672_1767729600,1,501.908,500.669,533.086,557.0
133957_1767729600,1,125.016,117.869,125.561,141.0
122048_1767729600,1,61.754,11.267,76.546,41.0
132430_1767729600,1,55.599,-4.913,119.58,21.0
122048_1767729900,1,139.028,78.071,172.557,93.0
133957_1767729900,1,208.743,134.855,285.22,126.0
132430_1767729900,1,27.878,-14.06,108.756,177.0
122048_1767730200,1,102.829,36.502,188.739,99.0
130072_1767730200,1,48.096,43.18,55.926,60.0
133957_1767730200,1,157.308,84.731,257.104,83.0
132430_1767730200,1,65.148,10.4,165.533,173.0
133957_1767730500,1,157.877,76.109,237.108,53.0
122048_1767730500,1,102.236,58.585,175.001,-3.0
132430_1767730500,1,76.81,12.026,165.928,146.0
130072_1767730500,1,61.749,35.623,76.01,60.0
130072_1767730800,1,63.007,15.704,97.398,106.0
122048_1767730800,1,96.936,53.623,166.016,25.0
133957_1767730800,1,96.082,76.031,146.358,38.0
132430_1767730800,1,220.226,133.676,303.456,234.0
133957_1767731100,1,52.675,-5.496,151.704,59.0
130072_1767731100,1,55.423,35.13,132.444,22.0
122048_1767731100,1,47.187,7.078,104.863,4.0
132430_1767731100,1,279.153,221.936,317.174,277.0
132430_1767731400,1,245.248,168.636,311.094,192.0
133957_1767731400,1,6.628,-43.678,72.346,46.0
130072_1767731400,1,78.22,36.315,181.447,49.0
133957_1767731700,1,92.326,31.843,135.81,116.0
130072_1767731700,1,11.634,-49.327,110.388,78.0
132430_1767731700,1,229.532,164.297,308.565,201.0
131672_1767732000,1,52.479,50.22,61.353,32.0
132430_1767732000,1,205.259,143.336,303.198,167.0
130072_1767732000,1,84.56,-6.817,177.907,158.0
133957_1767732000,1,92.355,37.106,122.185,129.0
130072_1767732300,1,56.019,-25.971,143.879,161.0
132430_1767732300,1,230.966,134.016,304.294,337.0
131672_1767732300,1,62.76,53.452,86.928,16.0
132430_1767732600,1,232.552,176.209,320.675,338.0
133957_1767732600,1,4.44,-19.868,50.184,39.0
131672_1767732600,1,93.767,82.133,99.437,34.0
135081_1767732600,1,30.994,-63.752,67.302,79.0
130072_1767732600,1,168.934,117.901,238.473,226.0
131672_1767732900,1,118.809,79.598,220.218,41.0
133957_1767732900,1,-8.703,-32.75,77.296,-49.0
130072_1767732900,1,200.286,124.133,243.45,187.0
132430_1767732900,1,322.345,245.29,428.536,238.0
135081_1767732900,1,36.091,-66.201,114.2,136.0
130072_1767733200,1,147.295,79.777,147.459,125.0
135081_1767733200,1,61.984,-60.92,90.638,40.0
133957_1767733200,1,23.969,-18.892,107.251,59.0
122048_1767733200,1,9.754,8.921,13.772,0.0
132430_1767733200,1,287.59,235.263,352.558,153.0
130072_1767733500,1,83.832,27.354,146.25,125.0
122048_1767733500,1,25.246,20.163,27.928,0.0
132430_1767733500,1,290.198,224.013,377.563,168.0
133957_1767733500,1,26.234,-4.61,111.575,28.0
135081_1767733500,1,145.088,54.59,207.632,44.0
130072_1767733800,1,69.277,54.881,79.812,168.0
135081_1767733800,1,101.887,42.608,144.259,51.0
133957_1767733800,1,-15.444,-34.42,49.58,15.0
122048_1767733800,1,31.378,-5.57,72.601,0.0
132430_1767733800,1,205.711,165.571,279.497,179.0
135081_1767734100,1,9.164,-72.909,33.987,-16.0
133957_1767734100,1,37.147,-0.029,123.594,45.0
130072_1767734100,1,88.855,43.442,115.797,195.0
122048_1767734100,1,10.315,0.951,26.015,0.0
132430_1767734100,1,200.313,144.49,291.145,96.0
133957_1767734400,1,25.883,-6.67,91.078,7.0
135081_1767734400,1,-18.898,-65.78,55.465,-59.0
122048_1767734400,1,-8.024,-24.368,3.738,0.0
130072_1767734400,1,99.032,74.467,100.622,163.0
135081_1767734700,1,-55.64,-100.166,34.241,-170.0
130072_1767734700,1,0.039,-44.451,29.686,0.0
122048_1767734700,1,69.515,23.711,69.706,0.0
133957_1767734700,1,22.549,-19.558,93.413,65.0
134040_1767735000,1,403.589,400.254,408.497,434.0
133957_1767735000,1,-29.035,-56.063,35.245,21.0
130072_1767735000,1,15.457,-12.082,26.192,0.0
130072_1767735300,1,24.218,6.31,28.721,0.0
134040_1767735300,1,383.599,379.43,400.045,434.0
133957_1767735300,1,55.646,-6.752,108.239,50.0
133957_1767735600,1,74.038,22.219,156.545,77.0
130072_1767735600,1,-38.335,-89.934,11.614,0.0
134040_1767735900,1,-23.893,-84.839,77.39,0.0
130072_1767735900,1,4.471,-0.991,5.14,0.0
134040_1767736200,1,38.346,16.618,50.717,0.0
130072_1767736200,1,5.102,-9.622,10.836,0.0
134040_1767736500,1,40.52,38.178,46.129,0.0
130072_1767736500,1,13.821,5.447,15.529,0.0
134040_1767736800,1,11.09,-6.808,14.331,0.0
135081_1767736800,1,-118.811,-144.184,-47.931,-98.0
133957_1767736800,1,46.915,-17.941,48.808,32.0
133957_1767737100,1,75.697,18.918,100.308,-8.0
135081_1767737100,1,-128.198,-163.371,-47.331,37.0
134040_1767737100,1,2.556,-0.365,15.836,0.0
133957_1767737400,1,66.707,3.835,120.793,27.0
135081_1767737400,1,-50.33,-144.67,21.585,13.0
134040_1767737400,1,-4.044,-5.155,8.543,0.0
133957_1767737700,1,46.014,-22.184,123.117,-22.0
135081_1767737700,1,46.43,35.681,123.735,172.0
134040_1767737700,1,-0.789,-7.301,8.828,0.0
134040_1767738000,1,-0.062,-12.747,11.014,0.0
134494_1767738000,1,18.435,-16.488,68.999,0.0
132430_1767738000,1,76.651,75.383,76.66,90.0
135081_1767738000,1,76.326,45.26,99.048,87.0
133957_1767738000,1,28.708,-31.926,76.404,-77.0
135081_1767738300,1,89.273,48.856,153.384,73.0
134040_1767738300,1,-5.303,-20.58,12.616,0.0
132430_1767738300,1,83.966,69.22,104.071,108.0
134494_1767738300,1,2.563,-8.059,4.918,0.0
134494_1767738600,1,6.287,-0.732,8.498,0.0
134040_1767738600,1,-1.367,-9.295,5.483,0.0
134494_1767738900,1,4.798,-3.256,12.818,0.0
134040_1767738900,1,-4.709,-18.822,1.699,0.0
134494_1767739200,1,3.808,1.236,17.873,0.0
134040_1767739200,1,19.498,10.058,25.254,0.0
134040_1767739500,1,-7.313,-13.981,-5.943,0.0
134494_1767739500,1,-0.342,-4.645,2.637,0.0
134040_1767739800,1,-27.307,-51.754,0.05,0.0
134494_1767739800,1,1.089,-9.901,3.57,0.0
134494_1767740100,1,-4.328,-16.4,-4.059,0.0
134040_1767740100,1,7.648,-27.881,30.056,0.0
134040_1767740400,1,7.523,-31.43,16.49,0.0
132430_1767740400,1,106.268,39.511,201.716,151.0
130072_1767740700,1,10.217,-37.848,33.637,0.0
132430_1767740700,1,69.908,-25.3,171.503,124.0
134040_1767740700,1,-0.806,-11.457,10.349,0.0
132430_1767741000,1,86.616,80.884,158.539,60.0
130072_1767741000,1,15.55,7.924,16.354,0.0
130072_1767741300,1,7.906,7.357,9.953,0.0
132430_1767741300,1,71.293,-3.598,132.769,85.0
132430_1767741600,1,94.954,40.666,163.913,189.0
130072_1767741600,1,5.728,-6.283,28.175,0.0
132430_1767741900,1,60.842,-7.376,87.796,160.0
130072_1767741900,1,17.694,4.078,33.341,0.0
132430_1767742200,1,74.263,57.72,136.75,74.0
134494_1767742200,1,-5.049,-10.574,-2.61,0.0
134494_1767742500,1,6.022,-6.311,7.606,0.0
134494_1767742800,1,24.457,21.775,37.779,0.0
134494_1767743100,1,-20.943,-22.606,6.897,0.0
132430_1767743400,1,109.359,101.405,123.972,91.0
132430_1767743700,1,126.685,93.036,141.901,154.0
129964_1767665100,1,-5.351,-37.116,43.441,-45.0
129964_1767665400,1,4.063,-37.947,59.185,-37.0
129964_1767665700,1,2.462,-57.333,58.81,-63.0
129964_1767666000,1,14.548,-40.03,52.355,-113.0
129964_1767666300,1,27.559,2.507,66.171,-3.0
131672_1767666900,1,45.834,33.053,47.593,79.0
131672_1767667200,1,23.157,-17.146,95.575,79.0
131672_1767667500,1,28.691,-27.203,120.879,212.0
131672_1767667800,1,226.897,213.159,297.844,312.0
131672_1767668100,1,259.725,201.588,304.192,273.0
129964_1767668400,1,-20.476,-57.841,72.359,-26.0
131672_1767668400,1,226.159,163.602,244.299,220.0
134040_1767668400,1,53.139,-7.321,95.021,71.0
134040_1767668700,1,92.977,45.515,160.259,136.0
131672_1767668700,1,267.232,201.917,267.857,407.0
129964_1767669000,1,-34.215,-93.594,69.004,-51.0
134040_1767669000,1,40.425,-6.661,130.205,119.0
131672_1767669000,1,247.87,125.18,321.859,408.0
129964_1767669300,1,-12.488,-81.789,73.131,-40.0
134040_1767669300,1,65.788,12.314,173.351,151.0
131672_1767669300,1,299.22,217.586,393.65,322.0
131672_1767669600,1,303.173,286.66,309.622,294.0
134040_1767669600,1,89.465,5.598,161.889,128.0
129964_1767669600,1,47.614,4.448,135.691,-21.0
129964_1767669900,1,32.297,8.403,70.948,10.0
134040_1767669900,1,92.441,-10.652,178.197,158.0
131672_1767672000,1,23.227,-10.22,35.197,72.0
131672_1767672300,1,-0.194,-65.687,48.77,-66.0
131672_1767672600,1,75.309,11.638,98.926,10.0
131672_1767672900,1,26.043,-51.185,114.278,27.0
131672_1767673200,1,8.472,-72.092,78.96,-43.0
131672_1767673500,1,23.263,-46.207,116.614,-31.0
132430_1767673800,1,82.065,-21.59,126.124,137.0
134040_1767673800,1,111.044,57.687,178.868,332.0
132430_1767674100,1,126.35,26.782,206.56,35.0
134040_1767674100,1,131.455,43.582,215.32,369.0
132430_1767674400,1,136.857,53.114,212.328,161.0
134040_1767674400,1,289.426,233.19,338.909,362.0
134040_1767674700,1,281.416,196.08,320.925,317.0
132430_1767674700,1,92.849,-6.002,143.963,145.0
134040_1767675000,1,275.393,173.71,346.599,253.0
132430_1767675000,1,183.984,107.309,235.342,118.0
132430_1767675300,1,77.491,19.482,119.228,0.0
134040_1767675300,1,130.654,100.506,148.103,100.0
134040_1767675600,1,93.204,40.538,101.19,83.0
130238_1767675900,1,79.42,45.223,82.239,37.0
134040_1767675900,1,29.905,-20.44,88.134,117.0
130238_1767676200,1,48.985,-0.944,102.452,56.0
134040_1767676200,1,103.779,13.875,198.654,188.0
130238_1767676500,1,56.931,24.313,123.889,76.0
134040_1767676500,1,89.148,-39.33,163.42,165.0
134040_1767676800,1,74.518,19.633,121.89,116.0
130238_1767676800,1,-9.244,-55.527,82.969,-9.0
130238_1767677100,1,55.876,17.781,137.764,38.0
134040_1767677100,1,87.916,15.825,137.667,112.0
131672_1767677400,1,53.344,-15.249,95.081,86.0
122048_1767679200,1,126.885,78.608,158.361,154.0
133300_1767679200,1,58.067,39.83,113.746,65.0
122048_1767679500,1,100.967,44.332,170.176,55.0
133300_1767679800,1,35.486,2.814,42.868,-49.0
122048_1767679800,1,13.517,-36.223,79.994,59.0
135081_1767679800,1,24.042,18.998,26.53,6.0
135081_1767680100,1,47.208,26.339,68.04,42.0
133300_1767680100,1,-14.982,-38.132,53.779,-49.0
133300_1767680400,1,-7.842,-49.62,76.866,-42.0
135081_1767680400,1,77.968,16.957,187.164,-2.0
133300_1767680700,1,31.906,-26.393,87.294,26.0
135081_1767680700,1,7.755,-29.887,57.788,-23.0
135081_1767681000,1,35.057,5.333,72.557,20.0
135081_1767681300,1,-35.661,-93.019,46.906,71.0
135081_1767681600,1,8.316,-53.949,91.456,-36.0
135081_1767681900,1,-24.829,-96.356,74.192,-25.0
135081_1767682200,1,-79.483,-141.905,4.165,-113.0
135081_1767682500,1,-94.143,-159.642,5.709,-145.0
122048_1767682800,1,254.018,196.257,356.041,542.0
134040_1767682800,1,1.409,-63.127,118.234,72.0
135081_1767682800,1,-31.88,-94.242,44.736,-127.0
122048_1767683100,1,268.342,222.642,447.75,542.0
135081_1767683100,1,-61.344,-119.181,8.855,-186.0
134040_1767683100,1,104.932,35.632,191.673,131.0
135081_1767683400,1,-84.863,-147.152,-4.251,-182.0
122048_1767683400,1,193.117,145.22,374.854,578.0
134040_1767683400,1,-20.42,-72.7,54.721,29.0
135081_1767683700,1,-63.988,-124.638,32.842,-134.0
134040_1767683700,1,40.136,-21.04,68.047,-62.0
122048_1767683700,1,308.405,299.942,388.018,446.0
134040_1767684000,1,58.074,-6.025,103.991,48.0
122048_1767684000,1,438.207,432.153,469.487,415.0
135081_1767684000,1,-101.374,-139.571,-23.816,-142.0
134040_1767684300,1,34.626,-16.313,103.093,86.0
122048_1767684300,1,441.037,389.028,461.382,408.0
135081_1767684300,1,-50.791,-71.14,-19.52,-79.0
133957_1767684600,1,50.678,-11.511,134.219,22.0
133957_1767684900,1,-0.435,-47.155,77.858,-55.0
133957_1767685200,1,1.856,-52.999,84.047,-36.0
133957_1767685500,1,-30.556,-85.684,68.974,-95.0
133957_1767685800,1,-35.77,-81.065,43.495,7.0
133957_1767686100,1,-88.102,-132.573,-13.772,-55.0
133957_1767686400,1,-6.46,-56.49,61.122,9.0
134040_1767686400,1,154.346,100.439,229.709,43.0
134040_1767686700,1,93.757,24.49,180.487,6.0
133957_1767686700,1,-37.4,-100.551,65.203,-42.0
134040_1767687000,1,45.564,-25.605,140.504,24.0
133957_1767687000,1,33.058,-12.394,119.667,3.0
134040_1767687300,1,33.183,-55.666,103.012,37.0
133957_1767687300,1,75.138,-4.45,124.191,79.0
133957_1767687600,1,3.59,-68.848,85.987,45.0
134040_1767687600,1,65.094,-15.369,116.463,113.0
134040_1767687900,1,26.76,-36.626,92.818,149.0
133957_1767687900,1,72.414,4.425,158.914,104.0
129964_1767688200,1,120.37,65.728,169.803,221.0
133957_1767688200,1,91.496,15.779,159.564,173.0
133957_1767688500,1,30.663,-36.092,116.855,190.0
133957_1767688800,1,110.927,42.078,194.442,103.0
129964_1767688800,1,3.646,0.506,47.288,-54.0
133957_1767689100,1,78.455,-17.935,172.716,-9.0
129964_1767689100,1,7.378,-29.526,105.348,-78.0
129964_1767689400,1,58.524,25.916,131.121,36.0
133957_1767689400,1,56.8,-12.953,134.636,-23.0
133957_1767689700,1,28.146,-41.834,94.455,-32.0
129964_1767689700,1,17.393,-46.192,61.701,81.0
132430_1767690000,1,114.425,-5.011,166.416,-66.0
132430_1767690300,1,18.831,-48.656,84.327,-139.0
122613_1767691800,1,52.939,8.507,72.322,69.0
131672_1767691800,1,-25.166,-91.733,50.526,-92.0
133300_1767691800,1,-28.474,-40.875,38.072,-58.0
133300_1767692100,1,-45.112,-70.012,21.135,-58.0
122613_1767692100,1,58.605,1.426,106.97,-16.0
122613_1767692400,1,-1.064,-71.398,51.217,-87.0
133300_1767692400,1,11.293,-26.531,95.255,-31.0
122613_1767692700,1,-35.1,-118.149,42.1,-160.0
133300_1767692700,1,30.921,-50.541,75.274,-41.0
122613_1767693000,1,-39.048,-81.837,40.259,-147.0
133300_1767693000,1,-28.083,-71.501,21.623,-24.0
133300_1767693300,1,-25.622,-80.83,47.539,47.0
122613_1767693300,1,-98.29,-184.851,-41.35,-146.0
130238_1767693600,1,-26.097,-46.497,-17.554,0.0
130238_1767695100,1,-31.763,-70.928,33.497,-47.0
133300_1767695400,1,47.701,-15.345,110.632,33.0
133300_1767695700,1,110.436,28.749,181.254,50.0
122658_1767695700,1,3.622,-16.164,42.265,9.0
122658_1767696000,1,48.667,-10.302,159.218,100.0
133300_1767696000,1,174.893,76.627,228.022,197.0
122658_1767696300,1,124.789,96.638,241.394,271.0
122658_1767696600,1,163.051,89.481,257.661,376.0
133300_1767696600,1,-34.98,-48.276,43.842,-52.0
133300_1767696900,1,-3.994,-21.878,2.591,-52.0
122658_1767696900,1,206.475,158.629,304.392,318.0
122613_1767697200,1,9.639,9.09,31.496,0.0
122658_1767697200,1,266.485,230.258,299.437,352.0
122048_1767697200,1,-93.401,-104.018,-88.634,-68.0
122613_1767697500,1,20.432,-9.144,30.75,0.0
122048_1767697500,1,-175.085,-188.589,-171.118,-129.0
122658_1767697500,1,49.197,39.214,130.257,0.0
122613_1767697800,1,9.882,-5.049,21.009,0.0
122658_1767697800,1,-32.649,-36.945,-11.176,0.0
122048_1767697800,1,-109.368,-117.306,-63.236,-129.0
122658_1767698100,1,38.137,33.291,44.964,0.0
122048_1767698100,1,-182.481,-219.262,-137.541,-181.0
122613_1767698100,1,9.686,7.714,16.97,0.0
122613_1767698400,1,-2.438,-5.704,31.636,0.0
122048_1767698400,1,-232.62,-258.82,-183.829,-194.0
122658_1767698400,1,-48.383,-55.168,-25.246,0.0
122658_1767698700,1,-17.295,-23.553,10.83,0.0
122048_1767698700,1,-197.112,-203.822,-151.876,-216.0
122613_1767698700,1,-20.277,-23.486,-10.64,0.0
122658_1767699000,1,-3.424,-3.505,1.972,0.0
122658_1767699300,1,-9.269,-15.36,-8.226,0.0
122658_1767699600,1,-7.769,-17.716,-1.453,0.0
122658_1767699900,1,2.397,-43.739,90.623,72.0
122658_1767700200,1,47.847,-37.569,156.811,183.0
122658_1767700500,1,83.438,24.428,155.443,192.0
129964_1767700800,1,7.002,-36.969,21.812,77.0
135081_1767700800,1,-71.628,-111.767,-37.855,-128.0
132430_1767700800,1,-132.341,-182.193,-63.142,-169.0
135081_1767701100,1,-59.749,-111.248,-2.51,-93.0
132430_1767701100,1,-89.749,-137.492,-8.527,-262.0
129964_1767701100,1,118.639,73.134,171.569,80.0
129964_1767701400,1,71.295,22.852,128.297,61.0
132430_1767701400,1,-126.52,-196.731,-63.14,-258.0
135081_1767701400,1,-121.228,-179.814,-35.81,-122.0
129964_1767701700,1,-12.26,-53.679,19.336,-43.0
135081_1767701700,1,-105.841,-158.078,-19.788,19.0
132430_1767701700,1,-49.273,-80.813,-16.942,84.0
129964_1767702000,1,-12.743,-80.447,54.538,-38.0
135081_1767702000,1,-131.36,-192.233,-56.831,9.0
132430_1767702000,1,77.83,74.698,108.913,87.0
132430_1767702300,1,58.212,-34.263,158.991,90.0
135081_1767702300,1,-67.409,-99.951,8.499,-39.0
129964_1767702300,1,-20.595,-87.943,52.809,-108.0
122613_1767702600,1,40.01,35.961,54.564,64.0
122613_1767702900,1,86.998,73.973,108.148,64.0
131672_1767704400,1,92.845,30.046,151.985,94.0
131672_1767704700,1,-40.598,-82.526,3.521,13.0
131672_1767705000,1,-30.081,-82.121,20.867,7.0
131672_1767705300,1,-46.58,-109.509,34.058,-23.0
131672_1767705600,1,-40.86,-109.861,18.582,24.0
131672_1767705900,1,-3.827,-80.354,66.783,9.0
135081_1767706200,1,71.278,-5.027,113.711,155.0
122613_1767706200,1,18.296,-1.184,35.58,0.0
133957_1767706200,1,138.141,125.528,166.109,222.0
135081_1767706500,1,96.648,29.353,156.718,156.0
122613_1767706500,1,18.403,17.77,31.913,0.0
133957_1767706500,1,143.624,68.861,220.624,296.0
133957_1767706800,1,101.717,51.944,195.701,294.0
135081_1767706800,1,128.368,51.573,212.135,113.0
122613_1767706800,1,4.188,-2.534,4.607,0.0
133957_1767707100,1,303.082,225.38,350.153,182.0
122613_1767707100,1,8.13,-6.177,11.989,0.0
135081_1767707100,1,163.831,107.261,237.412,130.0
122613_1767707400,1,2.951,-7.343,7.391,0.0
135081_1767707400,1,137.071,47.195,242.997,247.0
133957_1767707400,1,275.386,175.148,355.158,292.0
133957_1767707700,1,222.176,148.787,294.99,252.0
135081_1767707700,1,113.65,34.857,210.125,113.0
122613_1767707700,1,6.386,2.473,7.679,0.0
134040_1767708000,1,147.61,67.8,198.013,60.0
122048_1767708000,1,-25.354,-35.718,-17.969,0.0
134040_1767708300,1,96.215,57.516,145.741,25.0
122048_1767708300,1,-6.414,-26.932,-4.63,0.0
134040_1767708600,1,88.995,24.632,154.311,61.0
134040_1767708900,1,61.551,-11.889,133.372,61.0
134040_1767709200,1,70.778,32.077,136.097,81.0
134040_1767709500,1,63.368,-22.745,157.873,56.0
122048_1767709500,1,-74.047,-149.053,-34.34,-276.0
133957_1767710100,1,-54.526,-64.107,-6.693,102.0
133957_1767710400,1,22.194,-31.67,86.4,98.0
133957_1767710700,1,113.051,91.711,183.317,157.0
133957_1767711000,1,123.83,64.366,242.288,144.0
133957_1767711300,1,56.292,10.435,189.556,104.0
122048_1767711600,1,-0.417,-83.673,70.592,106.0
122613_1767711600,1,47.093,32.332,63.695,0.0
129964_1767711600,1,-104.335,-147.052,-41.51,-143.0
129964_1767711900,1,-62.477,-87.951,-18.616,-3.0
122613_1767711900,1,40.27,19.288,47.356,0.0
122048_1767711900,1,85.651,-0.44,150.644,85.0
129964_1767712200,1,-117.298,-164.039,-43.267,17.0
122048_1767712200,1,94.425,15.122,158.543,83.0
122048_1767712500,1,94.209,38.112,153.004,57.0
122613_1767712500,1,-55.413,-74.56,-33.732,0.0
129964_1767712800,1,-58.687,-81.177,24.172,-108.0
122048_1767712800,1,41.514,-28.404,118.349,-8.0
122613_1767712800,1,-47.907,-92.223,5.795,0.0
122613_1767713100,1,-20.71,-59.935,1.587,0.0
122048_1767713100,1,53.864,-6.214,115.529,92.0
129964_1767713100,1,-40.515,-64.411,12.272,-108.0
134040_1767713400,1,85.031,30.685,155.485,36.0
134040_1767713700,1,91.544,18.992,152.98,21.0
134040_1767714000,1,58.522,-9.06,148.359,108.0
134040_1767714300,1,-36.566,-65.59,33.261,-44.0
131672_1767715200,1,-93.941,-121.717,-11.612,-130.0
135081_1767715200,1,82.821,32.843,111.218,100.0
131672_1767715500,1,-89.383,-167.364,23.479,-99.0
135081_1767715500,1,70.323,-26.142,195.982,74.0
135081_1767715800,1,108.505,72.044,167.832,82.0
131672_1767715800,1,-120.162,-183.295,-19.849,-59.0
135081_1767716100,1,59.197,23.191,135.343,47.0
131672_1767716100,1,-111.83,-159.158,-52.867,-53.0
135081_1767716400,1,41.262,-15.007,132.012,118.0
131672_1767716400,1,-58.629,-106.859,33.917,-55.0
131672_1767716700,1,17.863,-48.475,74.889,-74.0
135081_1767716700,1,31.256,-37.994,117.422,137.0
133300_1767717000,1,-18.652,-40.266,56.692,-12.0
133957_1767717000,1,123.795,98.782,180.612,134.0
133957_1767717300,1,101.337,45.13,191.523,71.0
133300_1767717300,1,23.49,5.147,100.729,-28.0
133957_1767717600,1,33.151,-11.821,164.749,37.0
133300_1767717600,1,16.9,-46.369,124.562,-46.0
133957_1767717900,1,72.124,-0.341,212.11,-25.0
133300_1767717900,1,20.263,-15.176,85.793,25.0
133957_1767718200,1,38.127,-27.001,149.064,-42.0
133300_1767718200,1,18.922,-31.613,96.334,26.0
133300_1767718500,1,68.519,7.502,148.064,129.0
133957_1767718500,1,-3.387,-61.065,102.511,-28.0
132430_1767720600,1,117.505,88.944,122.495,141.0
133300_1767720600,1,53.757,12.957,114.6,99.0
132430_1767720900,1,197.038,149.853,208.069,216.0
133300_1767720900,1,136.862,44.323,189.923,154.0
133300_1767721200,1,149.224,99.364,206.588,113.0
132430_1767721200,1,274.973,212.685,297.363,309.0
132430_1767721500,1,218.713,140.011,305.95,359.0
134040_1767721500,1,28.499,13.129,66.399,7.0
133300_1767721500,1,-2.486,-36.271,-0.479,-28.0
132430_1767721800,1,231.258,122.414,329.325,295.0
133300_1767721800,1,-16.747,-38.51,53.165,-28.0
134040_1767721800,1,74.088,40.734,87.763,78.0
131672_1767721800,1,26.851,13.305,30.387,21.0
131672_1767722100,1,88.935,84.799,114.474,47.0
132430_1767722100,1,288.084,193.964,332.276,393.0
134040_1767722100,1,92.173,86.542,105.5,106.0
133300_1767722100,1,52.705,2.163,125.738,193.0
133957_1767722400,1,62.913,-10.568,112.508,0.0
133957_1767722700,1,-58.849,-90.925,22.428,-74.0
133957_1767723000,1,25.848,-13.973,82.091,100.0
133957_1767723300,1,-32.315,-87.2,8.522,89.0
133957_1767723600,1,136.542,63.131,203.545,114.0
133957_1767723900,1,146.068,52.84,174.327,163.0
135081_1767724500,1,78.767,40.107,132.071,112.0
135081_1767724800,1,89.101,38.536,155.391,246.0
135081_1767725100,1,117.974,107.761,144.063,166.0
135081_1767725400,1,207.864,140.611,278.822,241.0
135081_1767725700,1,265.256,197.592,284.631,313.0
132430_1767726000,1,119.286,19.586,180.213,156.0
132430_1767726300,1,125.759,57.305,200.481,141.0
132430_1767726600,1,61.79,-3.07,160.193,46.0
132430_1767726900,1,83.71,11.789,211.471,10.0
132430_1767727200,1,100.96,44.228,216.53,217.0
132430_1767727500,1,93.972,0.172,192.925,260.0
135081_1767727800,1,1.299,-68.832,77.285,-58.0
135081_1767728100,1,1.515,-62.072,96.506,58.0
135081_1767728400,1,39.355,-20.142,123.812,40.0
135081_1767728700,1,54.991,6.733,139.461,-16.0
135081_1767729000,1,8.51,-34.719,58.157,-62.0
135081_1767729300,1,7.528,-50.549,78.358,-45.0
135081_1767729600,1,34.464,-25.908,115.102,24.0
135081_1767729900,1,98.424,30.637,199.978,206.0
135081_1767730200,1,79.127,41.412,140.881,197.0
135081_1767730500,1,213.307,159.429,287.298,234.0
134040_1767730500,1,86.804,53.818,163.337,121.0
134040_1767730800,1,111.703,96.734,123.972,191.0
134040_1767731100,1,184.797,179.559,203.481,150.0
134040_1767731400,1,106.433,102.112,169.287,214.0
134040_1767731700,1,155.854,112.132,233.11,152.0
134040_1767732000,1,299.52,215.96,390.617,152.0
134040_1767732300,1,196.315,174.489,255.408,181.0
134040_1767732600,1,191.685,160.351,222.884,230.0
134040_1767732900,1,218.577,171.179,327.301,315.0
131672_1767733200,1,5.481,-52.199,53.562,-15.0
131672_1767733500,1,-32.477,-90.967,38.475,-60.0
131672_1767733800,1,-4.369,-59.26,35.505,-24.0
131672_1767734100,1,-5.433,-82.9,71.99,-1.0
131672_1767734400,1,-12.739,-81.602,38.475,26.0
131672_1767734700,1,13.308,-33.715,76.738,12.0
135081_1767735000,1,-89.761,-144.974,-27.152,-184.0
135081_1767735300,1,-63.727,-83.584,-50.312,-69.0
135081_1767735600,1,11.916,-41.23,33.788,-88.0
135081_1767735900,1,-84.898,-87.492,-10.168,-130.0
135081_1767736200,1,-25.267,-99.173,66.782,-161.0
135081_1767736500,1,-50.832,-118.028,-22.938,-191.0
132430_1767738600,1,92.176,76.43,118.163,110.0
130072_1767738600,1,-11.328,-16.934,8.461,0.0
132430_1767738900,1,165.543,137.537,201.957,112.0
130072_1767738900,1,21.505,12.433,22.704,0.0
132430_1767739200,1,95.992,80.762,99.596,81.0
132430_1767739500,1,103.33,55.163,189.501,-2.0
132430_1767739800,1,57.312,-3.534,166.213,8.0
132430_1767740100,1,61.889,7.148,142.614,175.0
134494_1767740400,1,-0.53,-10.303,12.403,0.0
134494_1767740700,1,-0.854,-6.888,3.805,0.0
134494_1767741000,1,-3.748,-12.374,11.975,0.0
134494_1767741300,1,1.035,-1.178,16.334,0.0
134494_1767741600,1,3.152,1.149,16.523,0.0
134494_1767741900,1,2.487,-5.229,12.45,0.0
122048_1767665400,2,-30.262,-50.962,-12.781,-25.0
122048_1767665700,2,-4.28,-9.259,-0.744,0.0
122048_1767666000,2,-40.051,-42.847,-31.173,0.0
122048_1767666300,2,-15.104,-28.662,-5.252,0.0
122048_1767666600,2,-28.044,-53.195,-25.241,0.0
133957_1767666600,2,24.906,-18.129,55.642,-32.0
129964_1767666600,2,-14.105,-75.559,21.328,44.0
133957_1767666900,2,-8.255,-10.935,44.698,-32.0
132430_1767666900,2,44.254,17.65,47.238,46.0
122048_1767666900,2,-6.538,-26.503,15.701,0.0
129964_1767666900,2,-32.641,-89.402,40.79,16.0
133957_1767667200,2,39.218,11.125,97.81,17.0
132430_1767667200,2,40.346,4.309,49.777,102.0
122048_1767667200,2,13.011,2.497,18.688,0.0
129964_1767667200,2,-18.064,-74.969,59.774,-27.0
132430_1767667500,2,-6.087,-62.483,59.583,-23.0
122048_1767667500,2,-24.589,-34.63,-10.255,0.0
129964_1767667500,2,38.322,-7.139,85.534,2.0
133957_1767667500,2,-18.807,-50.675,35.215,-66.0
122048_1767667800,2,-19.615,-33.031,23.54,0.0
133957_1767667800,2,25.941,-20.725,80.993,-74.0
132430_1767667800,2,52.86,-3.678,131.212,-2.0
129964_1767667800,2,-23.468,-79.184,29.191,-70.0
134040_1767667800,2,29.571,2.275,49.401,20.0
129964_1767668100,2,-34.059,-82.255,22.343,-76.0
132430_1767668100,2,33.435,-16.62,126.877,27.0
122048_1767668100,2,-11.385,-11.94,-6.797,0.0
133957_1767668100,2,5.757,-59.411,86.345,-61.0
134040_1767668100,2,50.271,-22.382,91.823,93.0
132430_1767668400,2,132.556,101.072,147.898,22.0
122048_1767668400,2,-18.228,-18.704,8.362,0.0
133957_1767668400,2,6.908,-35.925,55.197,-34.0
122048_1767668700,2,6.59,2.633,20.379,0.0
132430_1767668700,2,28.528,-38.229,103.493,74.0
122048_1767669000,2,-5.645,-18.923,19.022,0.0
132430_1767669000,2,16.584,-32.275,79.883,1.0
133957_1767669300,2,25.222,24.297,27.649,46.0
132430_1767669300,2,149.585,67.461,202.575,4.0
122048_1767669300,2,-16.315,-46.032,6.102,0.0
122048_1767669600,2,-3.94,-10.891,-3.674,0.0
133957_1767669600,2,40.839,16.766,55.116,58.0
132430_1767669600,2,62.946,-11.654,102.402,84.0
133957_1767669900,2,24.344,-22.15,53.673,40.0
122048_1767669900,2,-3.46,-18.486,-1.68,0.0
132430_1767669900,2,35.235,-8.58,61.099,58.0
133957_1767670200,2,49.861,12.719,135.411,133.0
134040_1767670200,2,66.363,4.885,126.708,110.0
129964_1767670200,2,80.849,56.045,132.949,74.0
135081_1767670200,2,39.315,2.608,79.407,14.0
122048_1767670200,2,9.221,1.416,11.095,0.0
122048_1767670500,2,15.86,8.395,18.23,0.0
129964_1767670500,2,30.614,-28.023,104.816,61.0
133957_1767670500,2,24.284,-5.836,93.497,55.0
134040_1767670500,2,92.791,4.324,181.216,129.0
135081_1767670500,2,51.512,-9.191,82.301,63.0
132430_1767670500,2,79.604,48.642,167.223,215.0
135081_1767670800,2,54.348,-11.327,130.349,54.0
129964_1767670800,2,79.976,16.763,162.34,-16.0
133957_1767670800,2,57.506,-14.09,128.952,-10.0
122048_1767670800,2,9.886,8.549,15.436,0.0
134040_1767670800,2,113.845,28.586,191.047,132.0
132430_1767670800,2,66.62,9.937,203.909,162.0
134040_1767671100,2,222.946,156.45,253.195,60.0
133957_1767671100,2,-1.045,-3.123,10.502,-86.0
129964_1767671100,2,47.418,-25.179,135.973,-55.0
132430_1767671100,2,85.359,11.751,157.652,137.0
122048_1767671100,2,0.546,-0.52,16.597,0.0
135081_1767671100,2,32.263,-14.872,110.982,45.0
122048_1767671400,2,-6.745,-7.949,-5.062,0.0
129964_1767671400,2,48.762,-21.44,120.486,22.0
132430_1767671400,2,162.189,65.131,235.686,244.0
134040_1767671400,2,75.837,-4.028,136.019,43.0
133957_1767671400,2,17.914,-55.162,127.175,-86.0
135081_1767671400,2,106.838,70.261,181.108,84.0
135081_1767671700,2,50.091,-1.687,130.689,104.0
132430_1767671700,2,192.086,155.61,267.448,324.0
133957_1767671700,2,10.278,-62.156,126.692,-40.0
134040_1767671700,2,47.175,-3.253,85.829,-29.0
122048_1767671700,2,27.711,5.148,36.901,0.0
129964_1767671700,2,-4.016,-63.46,79.231,-50.0
135081_1767672000,2,-8.739,-59.549,64.293,-33.0
132430_1767672000,2,173.366,94.856,266.178,364.0
129964_1767672000,2,38.648,-51.675,117.201,-7.0
133957_1767672000,2,-28.966,-85.503,24.866,-29.0
135081_1767672300,2,-50.441,-99.73,44.939,-40.0
133957_1767672300,2,-33.193,-110.176,24.784,-51.0
122048_1767672300,2,41.466,-5.482,47.871,66.0
132430_1767672300,2,181.121,98.493,261.447,275.0
129964_1767672300,2,38.213,-15.455,149.01,-9.0
133957_1767672600,2,-26.413,-70.621,68.283,-8.0
135081_1767672600,2,-65.506,-141.403,48.147,-145.0
122048_1767672600,2,24.678,-8.5,73.039,66.0
132430_1767672600,2,225.845,152.43,324.364,322.0
133957_1767672900,2,1.25,-45.553,92.8,-34.0
122048_1767672900,2,41.628,-14.931,102.954,170.0
132430_1767672900,2,195.385,134.744,294.491,130.0
130238_1767672900,2,25.257,-21.031,83.204,-23.0
135081_1767672900,2,-27.497,-78.076,49.454,-98.0
129964_1767672900,2,-10.517,-56.639,94.94,-29.0
129964_1767673200,2,10.369,-42.605,82.707,-57.0
130238_1767673200,2,83.043,22.008,125.192,39.0
122048_1767673200,2,73.155,-7.841,168.313,41.0
132430_1767673200,2,269.947,208.045,359.973,129.0
135081_1767673200,2,-27.146,-106.604,69.683,71.0
129964_1767673500,2,65.619,19.531,137.318,19.0
122048_1767673500,2,82.629,9.984,185.723,25.0
132430_1767673500,2,212.717,132.48,297.755,265.0
130238_1767673500,2,45.894,-13.175,127.153,26.0
135081_1767673500,2,-76.491,-100.795,41.849,64.0
130238_1767673800,2,111.466,52.888,198.718,10.0
131672_1767673800,2,-27.677,-53.966,54.658,-73.0
133957_1767673800,2,18.09,-15.617,99.563,32.0
129964_1767673800,2,15.634,-39.434,61.94,-15.0
135081_1767673800,2,25.865,-51.172,92.937,111.0
129964_1767674100,2,79.889,28.844,146.132,72.0
130238_1767674100,2,58.725,-13.887,128.18,131.0
135081_1767674100,2,139.903,86.768,201.566,80.0
131672_1767674100,2,-14.969,-75.697,92.93,121.0
133957_1767674100,2,68.421,43.391,128.91,43.0
133957_1767674400,2,99.248,56.159,129.409,74.0
135081_1767674400,2,125.417,47.31,175.415,122.0
129964_1767674400,2,26.298,-23.649,117.28,95.0
131672_1767674400,2,-71.104,-149.152,48.796,145.0
130238_1767674400,2,11.632,-39.535,86.43,168.0
130238_1767674700,2,145.432,62.525,246.13,240.0
131672_1767674700,2,2.34,-62.471,75.197,125.0
133957_1767674700,2,104.934,70.941,155.239,171.0
135081_1767674700,2,52.321,-9.429,117.907,94.0
129964_1767674700,2,-18.903,-73.489,79.555,46.0
130238_1767675000,2,158.981,94.444,212.028,233.0
135081_1767675000,2,76.49,-4.127,176.475,53.0
129964_1767675000,2,6.746,-57.786,117.179,38.0
131672_1767675000,2,138.883,75.29,215.833,166.0
133300_1767675000,2,32.454,27.805,57.567,99.0
133957_1767675000,2,34.64,5.761,121.072,92.0
135081_1767675300,2,139.467,84.19,229.331,208.0
133300_1767675300,2,84.208,25.961,145.741,99.0
131672_1767675300,2,80.838,29.884,131.434,88.0
129964_1767675300,2,38.675,-23.618,140.918,105.0
133957_1767675300,2,52.412,7.948,149.545,5.0
133957_1767675600,2,45.87,-15.206,111.151,-10.0
122048_1767675600,2,-10.512,-66.452,57.965,-68.0
133300_1767675600,2,107.278,-2.707,189.692,180.0
129964_1767675600,2,17.897,-25.886,70.371,46.0
135081_1767675600,2,102.977,25.387,206.247,299.0
133300_1767675900,2,144.311,118.395,234.444,135.0
122048_1767675900,2,-36.942,-62.313,17.954,-86.0
129964_1767675900,2,75.913,11.726,141.707,20.0
133957_1767675900,2,13.579,-48.609,82.168,-32.0
135081_1767675900,2,275.253,204.58,388.342,224.0
133300_1767676200,2,218.859,162.991,319.634,170.0
129964_1767676200,2,86.469,14.678,137.593,91.0
135081_1767676200,2,274.336,199.586,398.028,126.0
133957_1767676200,2,-20.109,-66.902,54.6,95.0
122048_1767676200,2,56.756,-19.652,127.539,25.0
135081_1767676500,2,5.026,-21.1,66.09,-30.0
122048_1767676500,2,30.486,-66.19,112.379,-41.0
133300_1767676500,2,147.434,123.556,174.785,169.0
133957_1767676500,2,1.362,-56.11,68.871,61.0
133300_1767676800,2,222.28,144.882,268.683,289.0
122048_1767676800,2,-5.571,-97.835,90.676,-163.0
133957_1767676800,2,-12.776,-78.633,72.509,7.0
122048_1767677100,2,-42.588,-109.356,22.19,-177.0
133957_1767677100,2,57.037,-29.438,112.134,-94.0
122048_1767677400,2,-32.189,-34.186,-24.645,-65.0
133957_1767677400,2,20.621,-19.335,99.631,-91.0
133300_1767677400,2,52.868,15.553,58.984,87.0
130238_1767677400,2,38.876,-49.592,114.266,-50.0
134040_1767677400,2,111.7,64.439,147.408,71.0
122048_1767677700,2,-43.28,-60.701,-21.337,12.0
134040_1767677700,2,129.671,42.749,183.274,174.0
133300_1767677700,2,64.956,43.524,77.463,87.0
130238_1767677700,2,15.612,-55.413,86.578,-47.0
130238_1767678000,2,62.235,-21.91,122.136,-45.0
133300_1767678000,2,125.233,71.978,157.217,108.0
134040_1767678000,2,-30.865,-57.169,5.895,-25.0
122048_1767678000,2,52.305,-6.986,103.719,47.0
133300_1767678300,2,75.544,39.936,160.034,59.0
130238_1767678300,2,-40.214,-70.017,20.37,-142.0
122048_1767678300,2,-30.731,-54.271,33.165,124.0
133300_1767678600,2,124.144,82.134,167.315,40.0
122048_1767678600,2,9.989,-36.228,63.186,172.0
133300_1767678900,2,56.548,20.085,83.05,-2.0
122048_1767678900,2,71.08,10.766,130.535,140.0
133957_1767679500,2,33.397,33.139,43.852,49.0
130238_1767679500,2,-26.468,-50.467,13.303,0.0
130238_1767679800,2,-29.776,-34.51,-22.144,0.0
133957_1767679800,2,54.702,49.056,64.382,71.0
132430_1767679800,2,58.751,14.411,82.508,73.0
134040_1767679800,2,-0.181,-6.502,31.705,23.0
132430_1767680100,2,87.905,51.094,89.285,73.0
134040_1767680100,2,24.862,12.651,44.983,26.0
133957_1767680100,2,37.743,28.348,58.76,111.0
130238_1767680100,2,-44.074,-53.183,-22.976,0.0
134040_1767680400,2,-14.978,-38.99,39.822,-52.0
133957_1767680400,2,-5.614,-21.426,40.143,18.0
130238_1767680400,2,-18.94,-39.463,24.405,0.0
132430_1767680400,2,-6.722,-36.28,5.468,-15.0
129964_1767680400,2,26.468,-45.959,97.974,-51.0
134040_1767680700,2,-18.939,-80.164,44.671,-87.0
132430_1767680700,2,9.25,-13.794,38.399,-42.0
133957_1767680700,2,9.06,-24.727,71.602,39.0
130238_1767680700,2,20.275,-17.04,51.573,0.0
129964_1767680700,2,15.302,-37.632,60.896,-106.0
133957_1767681000,2,-19.1,-61.255,37.947,-30.0
129964_1767681000,2,-38.068,-102.515,17.202,7.0
132430_1767681000,2,75.289,8.49,107.014,32.0
130238_1767681000,2,32.294,12.764,47.723,0.0
122658_1767681000,2,198.648,157.325,213.115,181.0
133300_1767681000,2,-5.826,-13.186,35.785,12.0
134040_1767681000,2,-2.072,-73.21,45.814,-111.0
134040_1767681300,2,-35.255,-99.495,50.407,-75.0
129964_1767681300,2,-10.357,-50.484,42.919,47.0
132430_1767681300,2,66.32,-1.391,125.968,126.0
133300_1767681300,2,42.631,5.381,91.937,-61.0
122658_1767681300,2,-20.58,-36.699,-16.422,0.0
130238_1767681300,2,41.738,-15.023,50.493,0.0
133957_1767681300,2,-29.016,-76.912,58.969,-59.0
130238_1767681600,2,0.673,-16.005,15.487,0.0
133300_1767681600,2,78.413,21.205,154.782,159.0
134040_1767681600,2,-40.842,-94.352,41.535,1.0
133957_1767681600,2,16.883,-45.639,99.918,-30.0
132430_1767681600,2,34.748,-71.759,172.734,65.0
122658_1767681600,2,-11.6,-16.901,31.263,0.0
129964_1767681600,2,-5.046,-40.288,50.092,39.0
131672_1767681900,2,21.404,4.786,69.935,37.0
133300_1767681900,2,19.877,11.683,23.564,79.0
130238_1767681900,2,-22.713,-25.242,-12.493,0.0
134040_1767681900,2,-13.319,-77.243,62.056,-38.0
129964_1767681900,2,59.098,27.643,133.026,148.0
122658_1767681900,2,10.014,-7.507,17.909,0.0
133957_1767681900,2,-4.268,-61.743,64.324,-58.0
132430_1767681900,2,12.034,-71.486,117.893,-62.0
133957_1767682200,2,-44.517,-74.048,7.685,-19.0
133300_1767682200,2,17.893,-18.8,109.775,79.0
131672_1767682200,2,24.784,-2.193,97.271,13.0
134040_1767682200,2,-26.575,-81.41,43.767,-71.0
129964_1767682200,2,53.731,-28.365,126.981,188.0
132430_1767682200,2,27.659,-54.406,100.501,-16.0
122658_1767682200,2,1.847,-24.655,10.443,0.0
129964_1767682500,2,60.246,6.177,132.226,84.0
132430_1767682500,2,22.246,-55.417,138.879,248.0
133300_1767682500,2,53.621,-11.41,140.464,173.0
131672_1767682500,2,58.957,44.065,128.34,16.0
133957_1767682500,2,21.734,-20.099,107.734,-45.0
122658_1767682500,2,23.833,8.81,28.811,0.0
134040_1767682500,2,18.474,-58.217,135.261,46.0
133957_1767682800,2,8.367,-42.875,119.733,-74.0
132430_1767682800,2,122.296,15.082,211.75,267.0
122658_1767682800,2,20.618,14.751,26.42,0.0
133300_1767682800,2,108.802,36.73,179.445,135.0
131672_1767682800,2,8.621,-28.136,62.947,-48.0
129964_1767682800,2,143.217,62.476,224.792,70.0
133957_1767683100,2,-1.353,-22.003,86.928,-8.0
133300_1767683100,2,204.577,137.756,272.064,169.0
131672_1767683100,2,-34.469,-80.382,9.459,-52.0
132430_1767683100,2,55.658,-56.068,153.131,408.0
129964_1767683100,2,171.48,90.012,241.533,154.0
122658_1767683100,2,15.689,-3.249,19.862,0.0
129964_1767683400,2,88.798,0.804,166.946,81.0
131672_1767683400,2,-129.349,-188.653,-35.156,-178.0
122658_1767683400,2,25.744,-57.69,114.149,-11.0
132430_1767683400,2,226.928,158.519,307.412,270.0
133300_1767683400,2,159.348,105.82,214.065,166.0
129964_1767683700,2,154.759,73.074,215.049,145.0
133300_1767683700,2,206.198,121.167,263.355,240.0
133957_1767683700,2,15.12,-21.306,77.754,10.0
122658_1767683700,2,108.845,8.097,220.129,96.0
132430_1767683700,2,215.949,175.348,270.717,163.0
131672_1767683700,2,-69.5,-121.617,49.102,-200.0
122658_1767684000,2,123.355,29.206,199.781,58.0
131672_1767684000,2,-45.903,-116.034,24.687,-74.0
133957_1767684000,2,56.406,-8.985,132.907,33.0
133300_1767684000,2,63.723,57.894,86.008,116.0
129964_1767684000,2,106.978,61.096,188.053,134.0
132430_1767684000,2,203.304,137.647,241.974,246.0
133300_1767684300,2,86.184,34.253,138.294,116.0
122658_1767684300,2,62.544,1.531,124.195,118.0
132430_1767684300,2,209.358,114.111,230.444,230.0
130238_1767684300,2,21.238,16.941,30.385,16.0
133957_1767684300,2,73.104,8.645,149.944,71.0
131672_1767684300,2,30.859,-33.799,94.083,24.0
131672_1767684600,2,-15.958,-74.778,86.945,-63.0
129964_1767684600,2,-48.295,-64.378,22.679,-29.0
122658_1767684600,2,83.093,-8.75,123.914,97.0
135081_1767684600,2,-103.334,-163.05,-20.723,-78.0
132430_1767684600,2,154.493,61.304,213.172,215.0
122048_1767684600,2,378.567,365.015,379.043,350.0
133300_1767684600,2,91.803,10.279,147.038,214.0
131672_1767684900,2,-8.207,-66.506,55.971,-96.0
135081_1767684900,2,-69.907,-110.23,28.108,-28.0
122048_1767684900,2,359.099,326.06,361.168,304.0
129964_1767684900,2,-24.846,-55.215,61.287,-70.0
132430_1767684900,2,197.999,129.709,246.729,183.0
133300_1767684900,2,119.628,49.604,195.303,244.0
122658_1767684900,2,83.747,74.487,138.014,97.0
135081_1767685200,2,-23.622,-91.822,64.764,59.0
122048_1767685200,2,276.844,263.946,306.79,183.0
133300_1767685200,2,237.276,169.127,294.592,255.0
122658_1767685200,2,-34.822,-43.677,-24.044,0.0
131672_1767685200,2,-27.864,-90.92,70.785,-126.0
129964_1767685200,2,23.492,5.984,114.479,-34.0
122048_1767685500,2,256.041,203.515,340.204,141.0
129964_1767685500,2,48.087,-3.722,115.134,-4.0
132430_1767685500,2,101.129,73.414,147.826,167.0
135081_1767685500,2,15.206,-37.816,142.319,275.0
122658_1767685500,2,7.685,0.651,30.713,0.0
133300_1767685500,2,302.181,225.891,345.314,286.0
135081_1767685800,2,83.051,54.459,159.895,288.0
133300_1767685800,2,312.093,233.494,404.013,404.0
132430_1767685800,2,47.904,4.277,111.257,64.0
129964_1767685800,2,61.479,8.267,116.827,17.0
122048_1767685800,2,101.433,42.223,223.994,45.0
122658_1767685800,2,26.07,12.633,28.532,0.0
135081_1767686100,2,218.178,114.83,309.335,247.0
132430_1767686100,2,62.525,8.269,89.716,53.0
122048_1767686100,2,52.889,21.915,101.921,-35.0
122658_1767686100,2,-17.386,-19.201,-12.811,0.0
129964_1767686100,2,51.155,-6.908,129.31,162.0
133300_1767686400,2,69.029,55.69,79.931,-26.0
132430_1767686400,2,65.789,-20.332,126.211,30.0
130238_1767686400,2,163.411,75.602,222.959,107.0
129964_1767686400,2,-26.631,-92.79,64.755,97.0
122048_1767686400,2,42.338,-27.22,99.78,-43.0
130238_1767686700,2,131.013,76.471,162.771,1.0
122048_1767686700,2,4.123,-56.619,97.948,-49.0
132430_1767686700,2,96.105,3.646,184.099,53.0
129964_1767686700,2,77.56,11.016,135.543,64.0
122048_1767687000,2,17.228,-37.635,89.421,104.0
132430_1767687000,2,38.215,-48.587,113.49,42.0
129964_1767687000,2,90.043,2.379,152.768,42.0
132430_1767687300,2,8.607,-49.091,103.553,-108.0
122048_1767687300,2,1.16,-65.831,81.305,99.0
129964_1767687300,2,78.318,13.002,135.558,108.0
132430_1767687600,2,1.003,-58.544,82.42,-132.0
122048_1767687600,2,45.66,-27.726,106.087,49.0
129964_1767687600,2,-10.279,-48.117,79.14,8.0
129964_1767687900,2,37.149,-32.022,94.532,95.0
132430_1767687900,2,40.184,-56.963,149.45,-101.0
122048_1767687900,2,115.428,25.39,169.898,80.0
122658_1767688200,2,28.025,-56.111,124.157,137.0
131672_1767688200,2,13.933,-10.372,14.882,16.0
130238_1767688200,2,111.317,60.944,175.137,27.0
132430_1767688200,2,27.153,-76.139,164.789,194.0
122048_1767688200,2,50.281,-20.763,118.527,68.0
134040_1767688200,2,54.493,-18.967,150.552,154.0
122048_1767688500,2,86.086,18.478,157.549,49.0
122658_1767688500,2,57.518,-37.894,122.399,-33.0
134040_1767688500,2,54.754,5.514,83.125,141.0
131672_1767688500,2,23.994,7.613,52.023,20.0
130238_1767688500,2,90.472,8.173,144.022,-8.0
132430_1767688500,2,18.767,-55.527,127.611,268.0
122048_1767688800,2,68.011,-1.072,131.935,76.0
134040_1767688800,2,65.347,23.0,130.097,128.0
132430_1767688800,2,204.957,122.47,297.945,284.0
131672_1767688800,2,-3.426,-24.858,66.588,-17.0
122658_1767688800,2,80.705,75.139,151.31,-34.0
130238_1767688800,2,54.984,-30.414,143.96,-92.0
131672_1767689100,2,46.538,-23.216,112.244,17.0
122658_1767689100,2,-30.384,-45.173,-27.356,-34.0
134040_1767689100,2,0.111,-7.807,43.177,26.0
122048_1767689100,2,22.307,-30.541,90.03,94.0
132430_1767689100,2,140.621,66.689,202.546,163.0
130238_1767689100,2,17.836,-31.327,100.257,-120.0
122658_1767689400,2,-27.875,-36.661,-11.317,-34.0
131672_1767689400,2,-21.247,-69.307,34.681,-72.0
130238_1767689400,2,-11.656,-59.955,27.646,37.0
133300_1767689400,2,11.555,6.587,16.797,9.0
134040_1767689400,2,13.882,-32.56,80.065,94.0
132430_1767689400,2,210.603,143.754,267.846,85.0
122048_1767689400,2,35.425,-24.11,99.887,121.0
130238_1767689700,2,-40.27,-111.594,41.469,57.0
122658_1767689700,2,-37.071,-40.681,-10.699,-34.0
122613_1767689700,2,53.174,16.225,65.926,49.0
122048_1767689700,2,-14.77,-87.247,62.099,116.0
132430_1767689700,2,172.179,86.049,239.549,7.0
134040_1767689700,2,6.604,-42.599,66.755,46.0
133300_1767689700,2,23.907,8.467,44.914,9.0
131672_1767689700,2,-52.863,-104.691,-1.867,-222.0
122048_1767690000,2,28.4,-20.964,74.289,73.0
134040_1767690000,2,53.891,-2.363,124.69,159.0
122658_1767690000,2,-43.749,-45.472,-43.482,-34.0
129964_1767690000,2,56.905,0.067,109.591,65.0
131672_1767690000,2,-69.229,-148.024,42.306,-208.0
130238_1767690000,2,24.524,-49.054,106.581,40.0
133300_1767690000,2,39.877,12.206,39.999,68.0
133957_1767690000,2,-59.079,-122.802,8.41,-116.0
122048_1767690300,2,31.182,-33.676,69.659,-33.0
129964_1767690300,2,31.959,-8.413,98.87,66.0
130238_1767690300,2,84.812,30.005,121.277,49.0
133300_1767690300,2,43.792,-8.997,92.001,69.0
122658_1767690300,2,-39.69,-57.532,-4.729,-34.0
134040_1767690300,2,24.048,-21.193,86.726,-28.0
131672_1767690300,2,-129.749,-216.567,-1.472,-157.0
133957_1767690300,2,-50.597,-100.867,15.88,-68.0
130238_1767690600,2,88.129,60.008,113.299,57.0
133300_1767690600,2,79.06,34.157,154.992,59.0
131672_1767690600,2,-72.601,-165.125,-64.733,-39.0
122658_1767690600,2,-20.512,-24.932,-14.574,-34.0
129964_1767690600,2,29.705,-58.371,110.469,79.0
133957_1767690600,2,-116.062,-173.31,-8.025,-88.0
122658_1767690900,2,-8.983,-18.213,-1.484,-34.0
133300_1767690900,2,104.162,50.268,154.422,62.0
133957_1767690900,2,-75.691,-140.741,13.483,-111.0
131672_1767690900,2,-68.866,-94.247,-27.274,-68.0
129964_1767690900,2,29.691,-45.63,79.248,58.0
131672_1767691200,2,-84.028,-152.168,-2.743,-65.0
129964_1767691200,2,28.223,-22.064,107.645,64.0
133957_1767691200,2,-44.773,-101.17,-5.651,9.0
130238_1767691200,2,-23.019,-25.292,-2.879,0.0
133300_1767691200,2,142.53,66.699,218.048,135.0
129964_1767691500,2,97.281,31.436,179.182,94.0
131672_1767691500,2,8.519,-47.03,77.098,-10.0
130238_1767691500,2,-25.577,-29.588,-11.586,0.0
133957_1767691800,2,0.581,-45.576,68.317,48.0
129964_1767691800,2,68.499,1.022,116.591,42.0
122048_1767691800,2,38.984,-10.011,167.556,233.0
130238_1767691800,2,-12.533,-27.267,-4.159,0.0
130238_1767692100,2,-9.823,-24.899,-1.318,0.0
133957_1767692100,2,54.376,-5.595,106.079,50.0
129964_1767692100,2,49.656,-19.803,94.408,16.0
122048_1767692100,2,70.806,-12.161,135.773,200.0
129964_1767692400,2,75.705,-4.307,123.211,106.0
130238_1767692400,2,-5.512,-20.898,9.958,0.0
133957_1767692400,2,100.468,37.672,133.573,223.0
122048_1767692400,2,-36.559,-84.919,63.024,91.0
130238_1767692700,2,-9.18,-17.031,-2.697,0.0
122048_1767692700,2,-4.868,-11.242,59.07,-63.0
133957_1767692700,2,74.298,10.356,136.794,191.0
130238_1767693000,2,16.885,-11.178,25.185,0.0
122048_1767693000,2,-31.807,-61.882,29.976,-67.0
133957_1767693000,2,77.87,14.483,158.933,80.0
130238_1767693300,2,-27.538,-35.003,-9.699,0.0
132430_1767693300,2,91.732,76.806,96.854,132.0
133957_1767693300,2,33.212,-17.525,122.085,23.0
122048_1767693300,2,-134.813,-191.914,-94.049,-115.0
122613_1767693600,2,-115.737,-192.04,-42.625,-180.0
122048_1767693600,2,-55.82,-118.942,-2.588,-142.0
133300_1767693600,2,99.831,24.96,175.736,168.0
132430_1767693600,2,13.25,-46.931,84.073,132.0
133957_1767693600,2,69.206,12.761,152.66,-24.0
122613_1767693900,2,-94.207,-128.216,-89.44,-108.0
122048_1767693900,2,-131.085,-157.837,-98.571,-110.0
133957_1767693900,2,63.488,4.685,107.393,13.0
132430_1767693900,2,43.106,41.335,59.469,33.0
133300_1767694200,2,-11.405,-48.758,53.345,-63.0
122613_1767694200,2,-125.622,-174.358,-82.5,-140.0
122048_1767694200,2,-108.437,-161.796,-33.241,-50.0
132430_1767694200,2,-3.49,-59.727,77.915,90.0
133957_1767694200,2,3.555,-83.285,60.302,21.0
122613_1767694500,2,-84.215,-125.528,-55.985,-70.0
132430_1767694500,2,4.705,-46.58,80.516,144.0
133957_1767694500,2,-64.149,-108.746,-18.816,-22.0
122048_1767694500,2,-76.006,-111.569,-35.751,-184.0
133300_1767694500,2,-25.741,-44.882,42.758,-63.0
132430_1767694800,2,72.296,-7.371,171.249,233.0
133957_1767694800,2,44.73,-38.068,113.009,24.0
122048_1767694800,2,-177.462,-179.909,-125.971,-250.0
122613_1767694800,2,-42.064,-100.136,-35.113,-38.0
133300_1767694800,2,1.701,-29.394,98.494,54.0
122613_1767695100,2,14.748,-69.706,53.413,30.0
122048_1767695100,2,-245.188,-250.442,-190.257,-359.0
133300_1767695100,2,39.563,-28.551,101.036,90.0
132430_1767695100,2,76.958,5.483,185.901,116.0
133957_1767695100,2,-17.926,-83.691,46.814,-17.0
132430_1767695400,2,67.332,11.72,183.843,26.0
129964_1767695400,2,8.429,-16.194,17.463,-51.0
130238_1767695400,2,34.971,-41.842,118.51,-12.0
122613_1767695400,2,71.182,-14.152,135.452,123.0
133957_1767695400,2,21.385,-38.858,82.975,28.0
129964_1767695700,2,32.807,-6.913,70.084,-51.0
132430_1767695700,2,112.241,59.741,192.205,30.0
130238_1767695700,2,87.095,-0.142,221.146,2.0
122613_1767695700,2,88.004,32.582,167.34,61.0
129964_1767696000,2,35.075,-7.795,79.763,-11.0
133957_1767696000,2,-18.433,-86.415,47.129,138.0
132430_1767696000,2,69.788,-46.072,144.386,-71.0
130238_1767696000,2,35.743,-23.081,126.393,-34.0
132430_1767696300,2,80.94,12.032,174.213,221.0
129964_1767696300,2,23.258,-59.02,99.546,73.0
133957_1767696300,2,0.017,-40.823,112.942,156.0
130238_1767696300,2,49.314,2.963,101.635,10.0
132430_1767696600,2,80.951,2.596,185.004,264.0
129964_1767696600,2,82.812,37.144,150.9,111.0
133957_1767696600,2,86.91,8.572,160.421,185.0
130238_1767696600,2,-48.663,-111.609,43.821,46.0
129964_1767696900,2,148.673,84.514,193.596,140.0
122613_1767696900,2,14.473,-3.145,29.15,0.0
133957_1767696900,2,178.624,128.346,273.181,111.0
132430_1767696900,2,145.793,81.393,232.024,113.0
130238_1767696900,2,-72.685,-115.33,-4.438,29.0
132430_1767697200,2,110.274,60.387,139.791,17.0
133300_1767697200,2,31.839,-21.45,95.708,49.0
133957_1767697200,2,105.274,33.908,242.004,64.0
129964_1767697200,2,51.5,-19.492,130.498,133.0
130238_1767697200,2,58.862,19.004,94.743,40.0
129964_1767697500,2,24.059,-12.97,85.362,75.0
133957_1767697500,2,49.224,-1.666,153.188,3.0
132430_1767697500,2,100.138,23.697,138.241,86.0
130238_1767697500,2,17.576,-10.446,36.397,32.0
133300_1767697500,2,39.034,-27.128,103.229,77.0
133957_1767697800,2,48.173,-30.713,99.482,18.0
135081_1767697800,2,24.747,6.701,46.66,77.0
132430_1767697800,2,75.306,-6.076,132.857,70.0
133300_1767697800,2,26.715,4.259,102.149,65.0
129964_1767697800,2,49.795,-5.48,124.363,26.0
135081_1767698100,2,43.941,21.668,72.659,95.0
133300_1767698100,2,53.558,42.753,125.636,151.0
132430_1767698100,2,82.054,45.109,114.096,49.0
133957_1767698100,2,-16.561,-44.128,53.132,-47.0
131672_1767698100,2,46.148,29.198,62.192,27.0
129964_1767698100,2,31.582,-19.099,123.214,10.0
135081_1767698400,2,88.076,55.094,130.154,135.0
129964_1767698400,2,37.254,-1.174,91.844,14.0
132430_1767698400,2,86.182,51.741,148.946,49.0
131672_1767698400,2,71.758,49.163,89.158,60.0
133957_1767698400,2,-14.698,-73.715,69.459,-69.0
133300_1767698400,2,167.669,89.021,232.174,225.0
131672_1767698700,2,110.608,69.691,131.469,82.0
129964_1767698700,2,-37.187,-95.414,42.617,0.0
135081_1767698700,2,98.147,51.308,182.659,126.0
133957_1767698700,2,-93.621,-140.949,-18.377,-145.0
133957_1767699000,2,-69.176,-104.165,36.576,-96.0
129964_1767699000,2,-10.979,-72.469,29.53,80.0
132430_1767699000,2,39.849,17.329,64.458,14.0
135081_1767699000,2,159.42,95.589,231.968,28.0
122613_1767699000,2,5.501,-3.964,8.559,0.0
131672_1767699000,2,52.475,36.674,120.845,4.0
132430_1767699300,2,58.522,31.524,81.848,14.0
122613_1767699300,2,-47.13,-71.882,-34.727,0.0
129964_1767699300,2,-7.766,-43.085,44.453,49.0
133957_1767699300,2,-121.831,-166.49,-30.79,-249.0
131672_1767699300,2,38.431,-5.567,95.08,40.0
135081_1767699300,2,127.67,47.274,221.065,45.0
131672_1767699600,2,-35.311,-107.407,20.05,-28.0
133957_1767699600,2,-199.489,-235.848,-91.255,-254.0
135081_1767699600,2,58.841,29.061,94.823,55.0
132430_1767699600,2,-2.457,-61.212,78.373,-87.0
122613_1767699600,2,-46.696,-61.655,-36.33,-145.0
135081_1767699900,2,22.562,-11.963,79.905,36.0
129964_1767699900,2,-26.041,-47.204,49.67,-53.0
132430_1767699900,2,24.025,-63.104,102.32,-110.0
131672_1767699900,2,-67.453,-121.363,-0.038,-29.0
133957_1767699900,2,-184.506,-230.603,-90.72,-158.0
122613_1767699900,2,-42.379,-180.339,73.753,-230.0
131672_1767700200,2,-15.091,-57.932,51.63,-23.0
129964_1767700200,2,-7.133,-20.613,72.847,-73.0
133957_1767700200,2,81.673,47.198,145.56,80.0
135081_1767700200,2,-48.666,-93.716,26.224,-24.0
132430_1767700200,2,-22.431,-119.724,104.704,-136.0
122613_1767700200,2,-51.488,-109.107,19.375,-116.0
129964_1767700500,2,22.033,-21.407,96.378,90.0
132430_1767700500,2,-155.512,-173.311,-134.49,-6.0
133957_1767700500,2,67.598,39.611,147.661,42.0
131672_1767700500,2,-9.474,-77.652,54.812,-47.0
122613_1767700500,2,-75.996,-102.319,-33.236,-79.0
135081_1767700500,2,-70.083,-137.141,1.394,-98.0
122048_1767700800,2,207.184,164.049,291.151,374.0
131672_1767700800,2,-108.238,-135.703,-69.605,-105.0
133300_1767700800,2,140.28,57.198,211.098,260.0
122613_1767700800,2,-77.141,-161.609,-47.113,-50.0
122658_1767700800,2,58.807,-25.513,109.401,143.0
122048_1767701100,2,275.186,189.496,312.199,312.0
122658_1767701100,2,178.465,136.942,220.982,121.0
122613_1767701100,2,-127.984,-137.925,-115.494,-155.0
131672_1767701100,2,-67.585,-119.714,-23.859,-83.0
122613_1767701400,2,-91.531,-141.087,-39.809,-175.0
122048_1767701400,2,306.964,281.396,330.361,354.0
133300_1767701400,2,-52.097,-53.061,-3.125,-7.0
131672_1767701400,2,-156.439,-163.108,-109.625,-207.0
133300_1767701700,2,34.069,3.5,44.281,-7.0
122658_1767701700,2,-2.594,-2.858,19.351,0.0
122048_1767701700,2,276.393,252.781,296.479,273.0
122613_1767701700,2,-42.353,-110.908,-0.415,-47.0
122658_1767702000,2,20.984,16.131,34.214,0.0
133300_1767702000,2,74.935,-3.478,110.105,132.0
122613_1767702000,2,-119.999,-163.581,-102.783,-61.0
122048_1767702000,2,216.005,206.481,234.664,252.0
122658_1767702300,2,8.145,-2.201,27.855,0.0
122048_1767702300,2,177.445,128.482,250.158,158.0
122613_1767702300,2,11.319,-64.414,53.048,66.0
133300_1767702300,2,58.277,-9.296,127.51,114.0
133957_1767702600,2,47.032,-8.24,137.817,172.0
133300_1767702600,2,100.306,41.578,169.439,47.0
132430_1767702600,2,129.271,68.646,227.627,-64.0
122658_1767702600,2,-0.964,-6.138,1.411,0.0
122048_1767702600,2,153.557,86.427,230.229,144.0
135081_1767702600,2,-86.113,-128.874,-22.717,-131.0
135081_1767702900,2,-113.724,-139.495,-49.328,-144.0
133300_1767702900,2,86.729,52.574,157.822,95.0
122658_1767702900,2,-9.656,-10.172,-8.866,0.0
122048_1767702900,2,188.443,105.065,247.352,138.0
133957_1767702900,2,45.052,-14.144,124.68,97.0
132430_1767702900,2,1.946,-59.958,63.967,-181.0
134040_1767703200,2,-9.194,-90.02,92.971,-35.0
122658_1767703200,2,-8.683,-17.497,0.482,0.0
131672_1767703200,2,19.724,1.662,39.663,17.0
132430_1767703200,2,12.022,-60.0,66.195,-100.0
122048_1767703200,2,95.384,39.477,147.576,87.0
133957_1767703200,2,53.256,-11.676,149.111,101.0
133300_1767703200,2,169.338,75.958,233.133,322.0
135081_1767703200,2,-80.529,-127.157,-15.987,-171.0
133957_1767703500,2,117.751,51.326,189.086,161.0
132430_1767703500,2,-77.767,-142.771,30.092,-75.0
134040_1767703500,2,10.84,-14.492,62.277,-35.0
122658_1767703500,2,-17.887,-21.722,-17.723,0.0
131672_1767703500,2,60.679,49.622,109.629,76.0
122048_1767703500,2,68.438,37.005,124.866,84.0
135081_1767703500,2,-117.467,-179.551,-27.812,-72.0
132430_1767703800,2,-77.543,-98.218,-51.717,-58.0
122658_1767703800,2,7.211,-65.721,76.166,103.0
135081_1767703800,2,-127.372,-191.418,-36.354,-16.0
131672_1767703800,2,49.489,39.45,89.836,53.0
134040_1767703800,2,61.819,49.233,75.031,52.0
133957_1767703800,2,61.779,-0.894,132.91,40.0
133300_1767703800,2,4.998,-30.477,83.979,-25.0
122048_1767703800,2,27.715,2.093,51.494,84.0
131672_1767704100,2,111.049,59.753,177.712,192.0
132430_1767704100,2,-83.082,-107.715,-40.801,-74.0
133957_1767704100,2,87.522,52.645,163.029,139.0
135081_1767704100,2,-14.298,-77.659,61.011,-27.0
122658_1767704100,2,30.474,-58.269,110.086,252.0
134040_1767704100,2,67.957,36.99,150.105,87.0
122048_1767704100,2,10.842,-24.525,41.233,0.0
122048_1767704400,2,16.277,-11.573,23.295,0.0
134040_1767704400,2,79.338,11.336,168.393,91.0
135081_1767704400,2,16.791,-18.744,79.425,11.0
122658_1767704400,2,118.164,51.729,223.254,289.0
129964_1767704400,2,-24.806,-92.403,32.389,-106.0
122048_1767704700,2,26.14,15.787,37.449,0.0
132430_1767704700,2,-29.27,-42.561,-4.024,16.0
134040_1767704700,2,86.77,18.883,194.441,-7.0
122658_1767704700,2,110.711,35.344,212.377,321.0
129964_1767704700,2,5.373,-80.195,61.971,-150.0
134040_1767705000,2,75.438,0.766,181.737,47.0
122658_1767705000,2,385.635,314.543,425.331,406.0
122048_1767705000,2,6.825,-51.797,51.853,0.0
129964_1767705000,2,-3.113,-57.916,28.099,-165.0
132430_1767705000,2,13.876,-26.485,36.875,16.0
132430_1767705300,2,-4.539,-58.659,28.72,17.0
122048_1767705300,2,2.929,-4.369,7.747,0.0
129964_1767705300,2,-37.483,-96.306,27.237,-95.0
134040_1767705300,2,52.644,-28.067,137.516,84.0
132430_1767705600,2,58.855,-11.157,116.358,77.0
133957_1767705600,2,86.887,65.449,119.359,113.0
129964_1767705600,2,-41.257,-94.992,9.919,11.0
122658_1767705600,2,60.421,28.804,94.79,0.0
122048_1767705600,2,-5.429,-6.656,-0.561,0.0
134040_1767705600,2,26.803,-34.084,109.668,113.0
122613_1767705900,2,-25.323,-26.735,-11.223,0.0
133957_1767705900,2,105.232,57.929,138.68,123.0
132430_1767705900,2,69.079,4.987,189.693,57.0
129964_1767705900,2,-112.415,-148.532,-78.937,-32.0
122658_1767705900,2,23.491,11.73,57.771,0.0
134040_1767705900,2,28.833,-42.604,80.476,37.0
122048_1767705900,2,14.265,5.507,30.218,0.0
135081_1767705900,2,50.193,-9.445,117.916,79.0
122048_1767706200,2,0.864,-1.739,1.077,0.0
131672_1767706200,2,-15.594,-74.505,37.347,37.0
129964_1767706200,2,-66.001,-121.42,-1.17,-50.0
132430_1767706200,2,137.842,25.706,243.758,196.0
134040_1767706200,2,75.65,18.565,121.109,123.0
134040_1767706500,2,108.516,37.967,179.347,172.0
132430_1767706500,2,129.27,7.383,239.809,103.0
131672_1767706500,2,77.502,18.296,115.635,131.0
122048_1767706500,2,7.234,-10.314,9.739,0.0
129964_1767706500,2,-29.014,-95.381,27.759,-51.0
129964_1767706800,2,-22.915,-93.189,41.079,-34.0
134040_1767706800,2,186.321,115.594,283.256,317.0
122048_1767706800,2,27.186,22.843,28.361,0.0
132430_1767706800,2,70.443,-9.706,194.886,53.0
134040_1767707100,2,124.169,40.628,180.024,231.0
129964_1767707100,2,-25.958,-71.138,22.288,25.0
122048_1767707100,2,-4.69,-21.453,1.254,0.0
132430_1767707100,2,102.31,26.81,205.402,78.0
122048_1767707400,2,-11.746,-15.449,-9.349,0.0
134040_1767707400,2,164.918,112.694,207.225,234.0
129964_1767707400,2,-13.831,-77.941,44.026,-62.0
132430_1767707400,2,103.741,16.818,204.424,39.0
122048_1767707700,2,-9.363,-17.916,-4.08,0.0
134040_1767707700,2,179.903,99.285,217.378,200.0
132430_1767707700,2,133.742,63.844,183.709,58.0
129964_1767707700,2,-6.266,-54.897,39.179,5.0
133957_1767708000,2,210.378,111.641,312.855,253.0
132430_1767708000,2,145.534,47.677,264.354,192.0
129964_1767708000,2,3.124,-52.482,85.921,-6.0
122613_1767708000,2,23.211,-21.313,27.259,0.0
135081_1767708000,2,149.174,80.308,234.815,19.0
133957_1767708300,2,156.474,69.751,222.174,180.0
122613_1767708300,2,-5.928,-45.559,-0.843,0.0
132430_1767708300,2,83.793,11.432,164.766,68.0
135081_1767708300,2,31.105,-16.713,113.756,-36.0
129964_1767708600,2,-107.158,-150.372,3.464,-114.0
122613_1767708600,2,-45.776,-75.404,-38.03,-77.0
135081_1767708600,2,-6.28,-75.062,58.155,-19.0
131672_1767708600,2,47.317,-16.403,117.794,60.0
132430_1767708600,2,47.508,-3.318,120.33,-7.0
133957_1767708600,2,164.137,113.326,195.242,238.0
131672_1767708900,2,95.78,17.644,157.004,90.0
132430_1767708900,2,101.186,34.666,181.839,115.0
122613_1767708900,2,-29.826,-51.851,-27.027,0.0
135081_1767708900,2,-16.116,-45.282,38.878,-17.0
129964_1767708900,2,-32.235,-128.415,77.874,-106.0
133957_1767708900,2,126.401,78.519,191.316,170.0
132430_1767709200,2,73.935,-6.751,133.855,98.0
122613_1767709200,2,-36.886,-46.307,-30.705,0.0
135081_1767709200,2,-62.761,-114.008,37.54,-17.0
133957_1767709200,2,92.516,67.266,128.317,81.0
131672_1767709200,2,103.032,21.441,145.954,91.0
129964_1767709200,2,21.849,-46.941,70.098,-77.0
131672_1767709500,2,123.302,90.405,181.055,115.0
132430_1767709500,2,153.529,79.156,245.197,158.0
122613_1767709500,2,-30.155,-41.675,-24.385,0.0
135081_1767709500,2,-53.053,-72.782,0.076,-102.0
129964_1767709500,2,-48.4,-83.424,-16.092,-93.0
122613_1767709800,2,-22.038,-30.281,-17.964,0.0
135081_1767709800,2,-66.258,-135.066,44.116,-84.0
134040_1767709800,2,49.681,-22.573,160.811,79.0
132430_1767709800,2,131.066,77.452,182.617,137.0
129964_1767709800,2,-34.812,-74.426,23.969,-69.0
122613_1767710100,2,10.312,-7.245,13.376,0.0
129964_1767710100,2,-40.035,-91.023,-0.936,-42.0
135081_1767710100,2,-45.853,-108.9,27.876,-126.0
134040_1767710100,2,0.167,-57.209,87.307,4.0
122613_1767710400,2,-18.069,-39.737,-16.713,0.0
132430_1767710400,2,-35.233,-53.275,-2.209,23.0
134040_1767710400,2,34.975,-27.061,137.327,68.0
129964_1767710400,2,-111.107,-165.502,-40.135,-145.0
135081_1767710400,2,-95.746,-119.613,-22.174,-128.0
135081_1767710700,2,-145.726,-182.739,-64.341,-145.0
122613_1767710700,2,19.001,3.743,24.481,0.0
134040_1767710700,2,44.019,-22.688,137.195,87.0
132430_1767710700,2,-5.34,-6.74,11.121,23.0
129964_1767710700,2,-82.737,-118.289,-25.805,-127.0
134040_1767711000,2,74.007,-1.361,183.17,187.0
129964_1767711000,2,-70.635,-138.719,20.968,-207.0
132430_1767711000,2,32.295,11.062,65.833,47.0
122613_1767711000,2,-1.99,-21.874,6.616,0.0
135081_1767711000,2,-143.554,-176.958,-38.007,-175.0
134040_1767711300,2,84.578,28.07,187.116,267.0
129964_1767711300,2,-59.378,-111.837,-18.024,-66.0
122613_1767711300,2,46.403,40.115,56.144,0.0
132430_1767711300,2,41.227,-11.873,80.23,33.0
135081_1767711300,2,-139.142,-169.868,-61.721,-168.0
135081_1767711600,2,-53.463,-124.102,41.072,11.0
131672_1767711600,2,-47.041,-91.87,8.242,-47.0
133957_1767711600,2,125.238,65.844,225.019,26.0
132430_1767711600,2,102.683,50.978,155.493,171.0
134040_1767711600,2,116.497,46.322,214.021,199.0
133957_1767711900,2,106.177,23.214,166.258,17.0
134040_1767711900,2,185.367,129.725,265.891,181.0
131672_1767711900,2,-30.249,-82.529,54.091,-52.0
132430_1767711900,2,141.242,58.088,229.82,384.0
135081_1767711900,2,7.557,-54.789,111.264,-12.0
132430_1767712200,2,122.98,39.068,216.781,291.0
135081_1767712200,2,38.79,-1.674,119.172,-28.0
133300_1767712200,2,-12.284,-25.211,-9.469,-35.0
134040_1767712200,2,200.907,117.683,303.849,202.0
133957_1767712200,2,20.325,-21.102,90.255,28.0
133957_1767712500,2,-14.129,-66.381,56.595,-36.0
135081_1767712500,2,-25.129,-50.296,36.784,59.0
133300_1767712500,2,2.732,-21.468,26.337,-35.0
132430_1767712500,2,180.044,115.852,262.416,226.0
134040_1767712500,2,158.095,69.05,234.386,199.0
130238_1767712500,2,3.559,2.194,28.105,10.0
134040_1767712800,2,136.666,50.965,192.766,183.0
130238_1767712800,2,-23.512,-30.795,-0.051,-40.0
132430_1767712800,2,253.151,188.645,305.48,258.0
133300_1767712800,2,25.527,-15.55,44.064,36.0
133957_1767712800,2,-50.435,-105.914,31.827,-93.0
134040_1767713100,2,116.633,73.379,187.394,91.0
130238_1767713100,2,-43.241,-51.893,-31.464,-124.0
132430_1767713100,2,225.949,168.49,295.482,199.0
133300_1767713100,2,10.312,-36.357,94.049,-9.0
133957_1767713100,2,-21.778,-75.189,59.826,74.0
122658_1767713100,2,28.405,23.375,67.093,27.0
122613_1767713400,2,26.674,23.501,34.752,0.0
122658_1767713400,2,66.214,59.451,76.53,86.0
131672_1767713400,2,27.247,-24.059,54.171,12.0
130238_1767713400,2,-32.259,-90.959,58.465,-99.0
133957_1767713400,2,-97.577,-141.21,-6.83,75.0
122048_1767713400,2,16.14,-2.185,31.666,0.0
129964_1767713400,2,-50.862,-98.077,6.274,-129.0
122613_1767713700,2,20.619,9.141,24.092,0.0
131672_1767713700,2,21.488,6.269,23.608,86.0
129964_1767713700,2,-57.178,-121.19,-4.482,-33.0
133957_1767713700,2,9.315,-32.437,78.422,-11.0
122658_1767713700,2,146.49,119.883,164.904,159.0
122048_1767713700,2,-19.01,-32.644,20.406,0.0
130238_1767713700,2,-79.544,-119.174,-5.083,-47.0
122613_1767714000,2,8.691,-13.601,36.714,0.0
131672_1767714000,2,23.043,-39.566,48.523,67.0
122048_1767714000,2,-30.656,-36.97,-6.312,0.0
130238_1767714000,2,-61.694,-127.095,-1.596,-41.0
122658_1767714000,2,214.012,127.328,279.592,225.0
129964_1767714000,2,-15.305,-62.918,25.79,25.0
122613_1767714300,2,1.781,-6.158,17.97,0.0
130238_1767714300,2,-109.061,-147.085,-26.477,-45.0
129964_1767714300,2,47.002,11.73,136.135,8.0
122048_1767714300,2,10.481,-27.691,22.955,0.0
131672_1767714300,2,82.084,27.704,195.8,70.0
122658_1767714300,2,104.463,12.211,209.605,348.0
122048_1767714600,2,-42.03,-51.574,-33.255,0.0
129964_1767714600,2,-18.671,-87.063,60.015,-49.0
122613_1767714600,2,-6.592,-11.746,8.959,0.0
130238_1767714600,2,-60.653,-135.558,7.177,-30.0
122658_1767714600,2,144.154,83.177,217.37,362.0
131672_1767714600,2,29.411,-21.028,88.641,13.0
122613_1767714900,2,-2.636,-7.256,2.417,0.0
130238_1767714900,2,21.475,-34.48,90.687,-78.0
122658_1767714900,2,-56.303,-83.409,-51.32,2.0
129964_1767714900,2,-35.656,-80.235,23.369,-82.0
122048_1767714900,2,2.002,-0.218,11.087,0.0
131672_1767714900,2,-30.812,-92.665,31.79,-150.0
122048_1767715200,2,22.72,17.555,28.388,0.0
122658_1767715200,2,13.148,1.966,26.136,0.0
132430_1767715200,2,347.065,255.845,467.486,485.0
122613_1767715200,2,-13.948,-15.9,-0.721,0.0
133300_1767715200,2,52.048,-22.374,132.478,22.0
129964_1767715200,2,-62.002,-119.882,22.765,-134.0
130238_1767715200,2,-72.734,-82.348,-11.709,-97.0
122658_1767715500,2,30.749,10.543,37.303,0.0
132430_1767715500,2,361.214,308.997,463.699,483.0
122048_1767715500,2,12.784,9.299,27.425,0.0
129964_1767715500,2,-53.928,-108.652,32.316,-115.0
122613_1767715500,2,-42.07,-70.856,-19.686,0.0
133300_1767715500,2,58.516,10.754,114.225,-24.0
122613_1767715800,2,-22.426,-86.016,89.825,-18.0
133300_1767715800,2,6.072,-9.478,89.484,-87.0
122048_1767715800,2,-3.352,-10.944,13.876,0.0
122658_1767715800,2,-64.48,-68.073,-36.285,0.0
129964_1767715800,2,-77.27,-87.057,-62.369,-2.0
133300_1767716100,2,-38.308,-71.587,50.341,-38.0
122613_1767716100,2,47.433,-32.132,146.718,11.0
129964_1767716100,2,-96.233,-113.571,-16.808,-46.0
122048_1767716100,2,4.119,-4.387,5.84,0.0
122658_1767716100,2,5.33,0.492,14.785,0.0
133300_1767716400,2,25.003,-32.4,125.18,207.0
122048_1767716400,2,15.954,-2.94,33.347,0.0
129964_1767716400,2,-37.089,-80.962,12.262,-13.0
133957_1767716400,2,81.239,75.617,106.691,115.0
122613_1767716400,2,-32.146,-89.792,38.235,-88.0
130238_1767716400,2,58.661,53.341,75.951,98.0
122658_1767716400,2,-6.376,-7.96,1.745,0.0
122613_1767716700,2,25.592,-9.925,123.929,-27.0
133957_1767716700,2,105.272,80.579,135.605,104.0
130238_1767716700,2,1.736,-40.171,29.307,9.0
122048_1767716700,2,0.219,-2.283,12.661,0.0
129964_1767716700,2,6.681,-42.726,58.983,303.0
122658_1767716700,2,-2.311,-10.633,6.783,0.0
122658_1767717000,2,18.408,-3.354,18.958,0.0
130238_1767717000,2,33.684,30.319,58.701,-55.0
135081_1767717000,2,71.676,15.689,161.674,92.0
122613_1767717000,2,-24.723,-87.051,30.731,-62.0
129964_1767717300,2,-74.692,-130.062,16.832,-111.0
135081_1767717300,2,-13.329,-55.652,109.9,-22.0
130238_1767717300,2,30.746,15.041,155.495,-41.0
122613_1767717300,2,-19.105,-50.112,61.442,-54.0
122613_1767717600,2,-23.47,-59.966,40.121,-11.0
130238_1767717600,2,-9.769,-53.665,73.954,-57.0
135081_1767717600,2,-0.194,-54.041,123.045,-133.0
129964_1767717600,2,-95.759,-147.889,-29.913,-126.0
122658_1767717600,2,1.269,-13.415,17.511,-46.0
135081_1767717900,2,-55.389,-105.314,52.28,-127.0
122613_1767717900,2,-45.139,-74.627,-6.525,55.0
122658_1767717900,2,5.264,-57.716,80.725,38.0
129964_1767717900,2,-34.046,-98.764,65.368,38.0
130238_1767717900,2,-48.789,-97.505,22.779,-92.0
129964_1767718200,2,-39.279,-84.272,-7.886,57.0
130238_1767718200,2,-15.718,-68.377,59.597,-38.0
122613_1767718200,2,45.167,36.844,51.381,72.0
122658_1767718200,2,34.218,-8.962,88.086,39.0
135081_1767718200,2,-60.651,-98.557,19.261,-51.0
122658_1767718500,2,78.331,23.502,164.917,63.0
122613_1767718500,2,73.044,65.363,76.662,72.0
129964_1767718500,2,8.722,-28.191,90.91,71.0
135081_1767718500,2,-55.969,-90.155,33.372,-77.0
130238_1767718500,2,-32.85,-53.967,28.809,-3.0
130238_1767718800,2,-80.34,-97.984,-42.506,-85.0
133957_1767718800,2,-64.82,-113.671,19.693,-35.0
122658_1767718800,2,-7.392,-72.702,103.046,107.0
129964_1767718800,2,94.896,37.129,177.852,39.0
135081_1767718800,2,-104.797,-153.77,-8.889,-153.0
133300_1767718800,2,74.419,24.971,147.747,231.0
129964_1767719100,2,-18.342,-60.449,68.966,-44.0
135081_1767719100,2,-40.503,-128.276,32.456,-144.0
130238_1767719100,2,-18.173,-71.521,67.206,99.0
133957_1767719100,2,-101.535,-139.892,-19.384,-113.0
122658_1767719100,2,145.623,82.536,185.119,88.0
122658_1767719400,2,14.866,7.658,14.91,0.0
135081_1767719400,2,-74.696,-130.344,-1.452,-123.0
133957_1767719400,2,-8.169,-49.053,75.498,-174.0
130238_1767719400,2,33.626,-47.889,128.282,160.0
133300_1767719400,2,-0.774,-9.675,49.56,-24.0
129964_1767719400,2,-52.555,-108.637,53.888,-130.0
135081_1767719700,2,-138.362,-171.537,-91.334,-137.0
122658_1767719700,2,-11.984,-22.933,2.781,0.0
130238_1767719700,2,25.265,-48.516,90.29,134.0
129964_1767719700,2,-69.929,-122.567,37.162,-135.0
133957_1767719700,2,-67.578,-138.302,20.832,-173.0
133300_1767719700,2,17.665,-17.157,92.824,22.0
133300_1767720000,2,53.864,-20.936,160.93,-46.0
122048_1767720000,2,-290.838,-345.667,-174.543,-336.0
133957_1767720000,2,-111.757,-175.124,-47.983,-218.0
130238_1767720000,2,85.914,0.679,179.945,35.0
122658_1767720000,2,23.25,14.465,29.122,0.0
129964_1767720000,2,-64.986,-104.884,12.871,-14.0
135081_1767720000,2,-167.839,-200.511,-66.825,-199.0
133300_1767720300,2,25.581,-25.893,119.834,-26.0
129964_1767720300,2,-93.684,-128.484,10.952,-105.0
135081_1767720300,2,-195.034,-228.58,-73.578,-231.0
122048_1767720300,2,-174.465,-228.783,-61.142,-130.0
130238_1767720300,2,43.271,-7.995,153.722,41.0
122658_1767720300,2,8.972,6.798,11.324,0.0
122048_1767720600,2,-45.74,-71.333,-26.32,-32.0
129964_1767720600,2,-24.349,-78.094,33.185,-10.0
122658_1767720600,2,-7.94,-9.905,8.785,0.0
135081_1767720600,2,-110.859,-162.282,-67.052,-180.0
130238_1767720600,2,27.16,-16.3,123.088,-64.0
122048_1767720900,2,-46.535,-112.941,7.86,-32.0
135081_1767720900,2,-98.964,-157.922,-54.593,-34.0
133957_1767720900,2,-3.095,-15.959,19.52,67.0
130238_1767720900,2,-18.514,-58.087,62.789,-125.0
122658_1767720900,2,47.102,21.09,73.089,0.0
129964_1767720900,2,-56.052,-115.725,24.79,49.0
130238_1767721200,2,-25.851,-76.172,51.411,-103.0
133957_1767721200,2,56.03,26.684,89.456,28.0
122048_1767721200,2,1.669,-27.093,58.363,-108.0
122658_1767721200,2,3.727,-1.764,15.025,0.0
135081_1767721200,2,-4.981,-10.877,39.709,4.0
135081_1767721500,2,14.485,-47.132,83.35,12.0
122048_1767721500,2,-114.657,-142.317,-50.171,-141.0
130238_1767721500,2,-42.62,-68.22,8.391,-170.0
133957_1767721500,2,84.615,50.555,108.319,83.0
122048_1767721800,2,-136.952,-171.426,-64.228,-174.0
133957_1767721800,2,50.014,12.874,125.847,-28.0
135081_1767721800,2,14.484,4.719,54.235,48.0
122048_1767722100,2,-89.363,-118.541,-64.909,-157.0
133957_1767722100,2,13.196,-25.792,110.225,-73.0
132430_1767722400,2,346.744,262.954,390.617,380.0
133300_1767722400,2,111.526,72.512,174.336,310.0
134040_1767722400,2,64.448,10.279,155.434,107.0
122048_1767722400,2,-138.149,-142.379,-133.878,-146.0
134040_1767722700,2,53.955,50.641,115.006,295.0
133300_1767722700,2,347.502,288.031,398.068,406.0
122048_1767722700,2,-101.817,-136.809,-70.968,-104.0
132430_1767722700,2,399.334,363.219,479.126,324.0
133300_1767723000,2,533.373,470.626,577.146,580.0
134040_1767723000,2,156.417,77.738,263.005,407.0
122048_1767723000,2,-21.366,-65.872,-19.742,-70.0
132430_1767723000,2,473.836,459.587,527.996,452.0
132430_1767723300,2,340.691,273.583,434.953,333.0
122048_1767723300,2,69.827,62.104,86.906,48.0
134040_1767723300,2,210.94,167.07,234.114,342.0
122048_1767723600,2,72.674,24.474,116.075,66.0
134040_1767723600,2,366.301,354.32,371.383,401.0
132430_1767723600,2,411.455,377.763,426.947,310.0
133300_1767723600,2,31.005,-46.79,53.294,-5.0
122048_1767723900,2,120.873,71.333,183.154,50.0
132430_1767723900,2,455.099,367.673,483.233,285.0
134040_1767723900,2,341.044,260.46,381.0,487.0
132430_1767724200,2,285.764,224.639,358.265,309.0
134040_1767724200,2,425.341,335.639,458.854,465.0
122048_1767724200,2,121.122,75.34,185.079,35.0
131672_1767724200,2,357.685,218.135,415.997,368.0
131672_1767724500,2,339.609,288.118,384.84,365.0
122048_1767724500,2,69.613,-6.089,135.257,133.0
134040_1767724500,2,388.228,349.379,431.221,409.0
132430_1767724500,2,344.143,264.926,416.823,299.0
132430_1767724800,2,162.88,98.953,184.147,45.0
122048_1767724800,2,89.085,19.236,197.459,250.0
132430_1767725100,2,168.791,124.048,177.125,45.0
122048_1767725100,2,239.273,172.715,341.687,274.0
132430_1767725400,2,130.747,49.754,136.851,-1.0
122048_1767725400,2,431.949,349.661,472.894,356.0
122048_1767725700,2,317.37,239.966,360.305,417.0
132430_1767725700,2,110.899,19.909,163.536,27.0
122048_1767726000,2,399.071,330.394,442.449,481.0
135081_1767726000,2,215.442,130.701,325.028,311.0
122048_1767726300,2,396.222,343.37,466.255,523.0
135081_1767726300,2,161.252,63.598,310.061,146.0
135081_1767726600,2,158.003,68.001,269.963,53.0
131672_1767726900,2,48.599,-59.355,113.652,-3.0
135081_1767726900,2,76.019,-1.031,201.117,-68.0
131672_1767727200,2,76.078,-47.783,137.602,-9.0
122048_1767727200,2,31.517,0.781,63.487,-54.0
135081_1767727200,2,89.368,-4.535,189.913,-32.0
135081_1767727500,2,9.235,-52.872,95.05,-15.0
131672_1767727500,2,163.016,-15.403,216.474,163.0
131672_1767727800,2,239.91,166.913,268.966,302.0
131672_1767728100,2,234.101,159.73,323.707,382.0
131672_1767728400,2,226.314,110.494,323.332,359.0
122048_1767728700,2,-283.325,-364.302,-184.159,-348.0
131672_1767728700,2,383.184,320.094,433.34,492.0
133957_1767729000,2,53.798,6.795,122.866,39.0
122048_1767729000,2,-107.134,-241.775,-33.607,-142.0
131672_1767729000,2,380.993,276.363,479.789,533.0
122048_1767729300,2,-33.924,-118.153,-26.943,36.0
131672_1767729300,2,451.066,380.323,539.989,478.0
133957_1767729300,2,90.525,38.908,165.998,171.0
131672_1767729600,2,486.654,485.575,516.109,557.0
133957_1767729600,2,153.689,85.149,185.077,141.0
122048_1767729600,2,52.17,13.107,80.033,41.0
132430_1767729600,2,66.687,8.31,146.988,21.0
122048_1767729900,2,138.152,85.307,192.453,93.0
133957_1767729900,2,216.591,151.254,317.174,126.0
132430_1767729900,2,41.052,-1.944,146.762,177.0
122048_1767730200,2,119.475,45.302,211.768,99.0
130072_1767730200,2,61.254,45.057,64.08,60.0
133957_1767730200,2,193.995,98.255,314.215,83.0
132430_1767730200,2,78.544,43.606,150.506,173.0
133957_1767730500,2,159.243,75.483,251.165,53.0
122048_1767730500,2,121.222,58.604,178.435,-3.0
132430_1767730500,2,71.779,-3.709,145.57,146.0
130072_1767730500,2,66.996,41.138,86.818,60.0
130072_1767730800,2,76.273,33.655,78.836,106.0
122048_1767730800,2,91.183,35.17,151.323,25.0
133957_1767730800,2,98.466,67.245,196.358,38.0
132430_1767730800,2,194.4,120.423,286.451,234.0
133957_1767731100,2,83.972,9.923,183.88,59.0
130072_1767731100,2,88.88,61.445,157.223,22.0
122048_1767731100,2,36.148,-1.743,100.822,4.0
132430_1767731100,2,245.315,214.005,297.006,277.0
132430_1767731400,2,253.082,191.611,353.4,192.0
133957_1767731400,2,11.533,-24.681,76.648,46.0
130072_1767731400,2,64.288,22.203,174.652,49.0
133957_1767731700,2,97.346,43.015,165.318,116.0
130072_1767731700,2,15.056,-33.889,94.774,78.0
132430_1767731700,2,242.273,150.925,326.073,201.0
131672_1767732000,2,60.396,39.337,72.819,32.0
132430_1767732000,2,225.197,137.557,329.191,167.0
130072_1767732000,2,64.701,-19.415,169.978,158.0
133957_1767732000,2,77.63,47.284,142.233,129.0
130072_1767732300,2,40.417,-38.235,141.804,161.0
132430_1767732300,2,233.281,124.96,340.119,337.0
131672_1767732300,2,25.967,17.05,89.753,16.0
132430_1767732600,2,210.285,166.013,303.515,338.0
133957_1767732600,2,-18.301,-30.49,67.763,39.0
131672_1767732600,2,87.495,71.592,126.12,34.0
135081_1767732600,2,35.722,-109.341,73.279,79.0
130072_1767732600,2,138.059,99.278,196.046,226.0
131672_1767732900,2,142.077,129.897,196.088,41.0
133957_1767732900,2,-9.754,-43.163,53.23,-49.0
130072_1767732900,2,193.312,120.424,248.489,187.0
132430_1767732900,2,311.518,236.938,436.875,238.0
135081_1767732900,2,35.659,-103.929,114.955,136.0
130072_1767733200,2,134.185,104.425,155.78,125.0
135081_1767733200,2,85.905,-56.965,136.49,40.0
133957_1767733200,2,48.304,-12.575,133.213,59.0
122048_1767733200,2,23.235,15.747,33.765,0.0
132430_1767733200,2,266.46,223.301,332.516,153.0
130072_1767733500,2,108.965,84.839,160.368,125.0
122048_1767733500,2,31.843,26.871,49.705,0.0
132430_1767733500,2,291.228,213.165,363.392,168.0
133957_1767733500,2,16.504,-30.331,92.353,28.0
135081_1767733500,2,130.618,51.57,236.73,44.0
130072_1767733800,2,94.875,90.759,105.057,168.0
135081_1767733800,2,90.587,44.17,160.748,51.0
133957_1767733800,2,-18.025,-49.417,66.733,15.0
122048_1767733800,2,10.803,-11.115,54.285,0.0
132430_1767733800,2,199.429,134.865,290.077,179.0
135081_1767734100,2,-9.327,-68.319,41.585,-16.0
133957_1767734100,2,26.288,-4.427,112.914,45.0
130072_1767734100,2,92.638,45.518,116.131,195.0
122048_1767734100,2,-5.404,-8.727,12.121,0.0
132430_1767734100,2,205.708,152.678,259.187,96.0
133957_1767734400,2,23.773,-10.291,83.414,7.0
135081_1767734400,2,1.753,-57.438,92.367,-59.0
122048_1767734400,2,3.52,-13.74,3.639,0.0
130072_1767734400,2,61.933,40.743,74.481,163.0
135081_1767734700,2,-43.016,-111.674,65.272,-170.0
130072_1767734700,2,-1.691,-58.048,22.13,0.0
122048_1767734700,2,49.587,21.642,98.612,0.0
133957_1767734700,2,15.886,-17.218,86.888,65.0
134040_1767735000,2,399.501,397.832,422.309,434.0
133957_1767735000,2,-0.543,-39.761,37.882,21.0
130072_1767735000,2,23.794,6.16,29.138,0.0
130072_1767735300,2,14.149,7.855,36.971,0.0
134040_1767735300,2,391.562,378.901,416.267,434.0
133957_1767735300,2,37.901,-23.291,115.311,50.0
133957_1767735600,2,68.397,20.425,140.265,77.0
130072_1767735600,2,-18.857,-48.294,10.39,0.0
134040_1767735900,2,-9.938,-78.459,90.773,0.0
130072_1767735900,2,1.074,-14.007,5.219,0.0
134040_1767736200,2,28.557,22.667,73.454,0.0
130072_1767736200,2,-2.064,-9.757,-1.133,0.0
134040_1767736500,2,39.67,20.91,42.467,0.0
130072_1767736500,2,9.377,-0.926,10.728,0.0
134040_1767736800,2,8.787,-18.956,42.471,0.0
135081_1767736800,2,-118.818,-140.104,-53.713,-98.0
133957_1767736800,2,44.407,-1.368,55.826,32.0
133957_1767737100,2,71.841,3.74,101.5,-8.0
135081_1767737100,2,-147.233,-147.752,-40.013,37.0
134040_1767737100,2,2.66,-2.526,4.635,0.0
133957_1767737400,2,71.307,15.741,111.642,27.0
135081_1767737400,2,-88.28,-137.323,8.552,13.0
134040_1767737400,2,-0.551,-5.61,5.358,0.0
133957_1767737700,2,23.061,-28.321,91.327,-22.0
135081_1767737700,2,35.726,5.307,128.923,172.0
134040_1767737700,2,-3.016,-5.333,1.877,0.0
134040_1767738000,2,-3.614,-4.054,-0.522,0.0
134494_1767738000,2,20.278,-10.244,56.815,0.0
132430_1767738000,2,42.231,31.408,65.148,90.0
135081_1767738000,2,88.217,50.492,111.016,87.0
133957_1767738000,2,5.823,-34.72,45.516,-77.0
135081_1767738300,2,97.209,68.361,137.778,73.0
134040_1767738300,2,-3.188,-4.28,-1.77,0.0
132430_1767738300,2,56.441,26.632,75.775,108.0
134494_1767738300,2,2.476,1.137,7.1,0.0
134494_1767738600,2,2.067,-1.373,11.661,0.0
134040_1767738600,2,-3.409,-8.887,16.684,0.0
134494_1767738900,2,-4.667,-10.259,-2.021,0.0
134040_1767738900,2,-6.087,-17.322,1.629,0.0
134494_1767739200,2,7.116,-14.245,26.191,0.0
134040_1767739200,2,-3.26,-8.011,0.505,0.0
134040_1767739500,2,-3.038,-4.582,0.777,0.0
134494_1767739500,2,-5.985,-10.064,-1.21,0.0
134040_1767739800,2,-32.584,-42.976,-26.555,0.0
134494_1767739800,2,-2.572,-9.927,2.628,0.0
134494_1767740100,2,-3.551,-28.104,-1.6,0.0
134040_1767740100,2,12.094,-11.05,20.68,0.0
134040_1767740400,2,-2.377,-14.168,2.86,0.0
132430_1767740400,2,114.409,32.943,218.109,151.0
130072_1767740700,2,4.127,-37.86,30.436,0.0
132430_1767740700,2,65.494,-13.503,162.489,124.0
134040_1767740700,2,-0.855,-5.56,5.881,0.0
132430_1767741000,2,126.099,112.822,184.971,60.0
130072_1767741000,2,9.9,-3.991,20.396,0.0
130072_1767741300,2,2.503,-8.027,4.259,0.0
132430_1767741300,2,70.662,16.682,148.553,85.0
132430_1767741600,2,95.248,49.375,167.489,189.0
130072_1767741600,2,24.418,9.884,35.612,0.0
132430_1767741900,2,53.58,21.195,83.441,160.0
130072_1767741900,2,13.981,11.677,37.791,0.0
132430_1767742200,2,68.54,56.621,100.35,74.0
134494_1767742200,2,-9.941,-11.924,-3.368,0.0
134494_1767742500,2,-4.926,-18.042,-0.53,0.0
134494_1767742800,2,8.129,6.925,23.541,0.0
134494_1767743100,2,-0.813,-34.108,6.625,0.0
132430_1767743400,2,119.062,113.81,126.53,91.0
132430_1767743700,2,134.094,98.143,161.792,154.0
129964_1767665100,2,-6.721,-50.327,33.304,-45.0
129964_1767665400,2,-22.804,-62.361,40.552,-37.0
129964_1767665700,2,-21.184,-70.767,30.912,-63.0
129964_1767666000,2,26.972,-24.863,82.205,-113.0
129964_1767666300,2,19.425,15.952,64.978,-3.0
131672_1767666900,2,52.108,46.625,54.243,79.0
131672_1767667200,2,12.819,-11.515,79.241,79.0
131672_1767667500,2,43.332,-1.678,124.212,212.0
131672_1767667800,2,249.341,226.787,268.032,312.0
131672_1767668100,2,259.339,232.55,285.514,273.0
129964_1767668400,2,-29.637,-75.276,53.504,-26.0
131672_1767668400,2,224.699,165.871,246.592,220.0
134040_1767668400,2,58.455,3.422,92.745,71.0
134040_1767668700,2,56.16,19.773,171.635,136.0
131672_1767668700,2,257.468,226.877,265.764,407.0
129964_1767669000,2,-1.478,-65.205,100.295,-51.0
134040_1767669000,2,50.508,-6.795,125.668,119.0
131672_1767669000,2,234.5,122.13,304.648,408.0
129964_1767669300,2,5.313,-82.321,87.813,-40.0
134040_1767669300,2,71.197,12.461,165.106,151.0
131672_1767669300,2,300.344,255.142,316.787,322.0
131672_1767669600,2,327.916,305.626,336.641,294.0
134040_1767669600,2,91.197,1.789,170.82,128.0
129964_1767669600,2,78.766,40.283,149.066,-21.0
129964_1767669900,2,42.525,0.028,98.609,10.0
134040_1767669900,2,90.289,-4.866,183.128,158.0
131672_1767672000,2,44.424,-15.484,47.118,72.0
131672_1767672300,2,4.559,-51.099,71.97,-66.0
131672_1767672600,2,94.241,54.643,134.667,10.0
131672_1767672900,2,22.589,-64.653,114.639,27.0
131672_1767673200,2,2.922,-59.71,76.048,-43.0
131672_1767673500,2,15.953,-44.245,87.672,-31.0
132430_1767673800,2,61.74,-22.237,119.658,137.0
134040_1767673800,2,99.751,48.243,176.164,332.0
132430_1767674100,2,139.521,27.158,203.623,35.0
134040_1767674100,2,131.438,48.913,224.525,369.0
132430_1767674400,2,150.39,42.049,222.235,161.0
134040_1767674400,2,281.298,232.119,338.863,362.0
134040_1767674700,2,302.002,213.57,337.473,317.0
132430_1767674700,2,78.587,0.273,141.072,145.0
134040_1767675000,2,259.421,187.192,307.78,253.0
132430_1767675000,2,186.972,81.014,244.33,118.0
132430_1767675300,2,81.179,18.231,148.712,0.0
134040_1767675300,2,91.184,76.269,117.215,100.0
134040_1767675600,2,90.852,66.815,109.763,83.0
130238_1767675900,2,62.637,30.78,86.44,37.0
134040_1767675900,2,25.159,2.798,111.912,117.0
130238_1767676200,2,24.495,-46.444,65.163,56.0
134040_1767676200,2,123.388,64.178,201.78,188.0
130238_1767676500,2,58.094,13.454,101.93,76.0
134040_1767676500,2,61.014,-40.96,147.55,165.0
134040_1767676800,2,66.272,21.341,118.493,116.0
130238_1767676800,2,11.463,-51.027,110.727,-9.0
130238_1767677100,2,58.944,26.199,123.459,38.0
134040_1767677100,2,67.633,37.657,85.453,112.0
131672_1767677400,2,53.28,-6.228,102.164,86.0
122048_1767679200,2,137.546,87.547,166.13,154.0
133300_1767679200,2,56.568,35.886,81.357,65.0
122048_1767679500,2,117.319,51.838,164.379,55.0
133300_1767679800,2,-18.298,-25.332,14.78,-49.0
122048_1767679800,2,42.737,-31.036,104.722,59.0
135081_1767679800,2,18.736,7.285,25.251,6.0
135081_1767680100,2,39.245,33.64,44.801,42.0
133300_1767680100,2,-15.958,-17.467,55.654,-49.0
133300_1767680400,2,-13.233,-42.303,80.156,-42.0
135081_1767680400,2,34.857,18.326,120.4,-2.0
133300_1767680700,2,41.832,-11.794,86.745,26.0
135081_1767680700,2,-23.114,-41.813,44.998,-23.0
135081_1767681000,2,24.509,0.259,78.703,20.0
135081_1767681300,2,-50.272,-97.259,34.501,71.0
135081_1767681600,2,4.247,-51.688,101.581,-36.0
135081_1767681900,2,-26.969,-89.72,75.192,-25.0
135081_1767682200,2,-73.473,-138.264,-2.878,-113.0
135081_1767682500,2,-86.703,-147.105,-30.768,-145.0
122048_1767682800,2,259.098,222.711,293.875,542.0
134040_1767682800,2,-6.523,-56.359,117.862,72.0
135081_1767682800,2,-32.607,-97.598,48.912,-127.0
122048_1767683100,2,188.135,134.716,408.932,542.0
135081_1767683100,2,-88.185,-137.805,10.061,-186.0
134040_1767683100,2,106.919,41.595,182.895,131.0
135081_1767683400,2,-94.234,-161.399,-5.175,-182.0
122048_1767683400,2,189.196,130.548,340.044,578.0
134040_1767683400,2,-12.227,-72.127,56.458,29.0
135081_1767683700,2,-44.713,-129.16,61.366,-134.0
134040_1767683700,2,5.749,-21.375,47.669,-62.0
122048_1767683700,2,390.828,379.364,426.259,446.0
134040_1767684000,2,51.216,-26.749,114.094,48.0
122048_1767684000,2,475.699,469.302,481.746,415.0
135081_1767684000,2,-137.494,-158.366,-38.891,-142.0
134040_1767684300,2,29.492,-35.789,110.742,86.0
122048_1767684300,2,453.297,411.961,513.438,408.0
135081_1767684300,2,-54.093,-98.963,-15.581,-79.0
133957_1767684600,2,69.987,-3.957,151.919,22.0
133957_1767684900,2,18.918,-34.925,103.97,-55.0
133957_1767685200,2,4.083,-59.257,95.299,-36.0
133957_1767685500,2,-26.22,-84.711,90.909,-95.0
133957_1767685800,2,-36.261,-77.807,52.9,7.0
133957_1767686100,2,-101.048,-159.786,-35.384,-55.0
133957_1767686400,2,-11.593,-43.139,54.56,9.0
134040_1767686400,2,144.356,89.221,244.447,43.0
134040_1767686700,2,78.52,12.974,174.63,6.0
133957_1767686700,2,-39.918,-93.543,62.416,-42.0
134040_1767687000,2,46.685,-31.947,139.237,24.0
133957_1767687000,2,32.595,-9.85,145.956,3.0
134040_1767687300,2,-7.276,-77.83,91.472,37.0
133957_1767687300,2,39.377,-14.729,90.664,79.0
133957_1767687600,2,9.815,-61.38,81.649,45.0
134040_1767687600,2,57.959,-33.167,130.235,113.0
134040_1767687900,2,34.848,-41.57,114.303,149.0
133957_1767687900,2,76.286,1.005,168.325,104.0
129964_1767688200,2,84.898,31.014,159.613,221.0
133957_1767688200,2,97.27,18.422,181.899,173.0
133957_1767688500,2,26.379,-28.93,106.539,190.0
133957_1767688800,2,117.554,77.07,177.922,103.0
129964_1767688800,2,1.348,-39.71,45.567,-54.0
133957_1767689100,2,77.781,-3.832,171.549,-9.0
129964_1767689100,2,-7.603,-64.814,51.468,-78.0
129964_1767689400,2,61.37,3.354,102.036,36.0
133957_1767689400,2,58.738,1.526,122.838,-23.0
133957_1767689700,2,31.978,-21.623,89.354,-32.0
129964_1767689700,2,20.298,-55.847,79.589,81.0
132430_1767690000,2,94.766,-6.915,144.286,-66.0
132430_1767690300,2,-8.896,-53.844,19.064,-139.0
122613_1767691800,2,41.152,17.471,72.898,69.0
131672_1767691800,2,-26.459,-94.162,52.429,-92.0
133300_1767691800,2,-33.257,-34.612,-4.884,-58.0
133300_1767692100,2,-47.406,-61.396,20.549,-58.0
122613_1767692100,2,43.764,2.631,75.995,-16.0
122613_1767692400,2,0.033,-71.077,70.038,-87.0
133300_1767692400,2,10.373,-38.266,97.854,-31.0
122613_1767692700,2,-46.16,-128.431,37.323,-160.0
133300_1767692700,2,42.466,-41.393,82.848,-41.0
122613_1767693000,2,-37.428,-75.972,55.97,-147.0
133300_1767693000,2,-31.201,-79.762,45.184,-24.0
133300_1767693300,2,-33.507,-74.782,55.571,47.0
122613_1767693300,2,-112.451,-199.413,-38.086,-146.0
130238_1767693600,2,-31.94,-41.336,-16.73,0.0
130238_1767695100,2,-17.803,-34.26,72.524,-47.0
133300_1767695400,2,39.402,-11.201,91.921,33.0
133300_1767695700,2,91.078,43.771,148.485,50.0
122658_1767695700,2,-10.385,-14.63,2.569,9.0
122658_1767696000,2,45.224,7.434,135.858,100.0
133300_1767696000,2,138.103,50.146,202.067,197.0
122658_1767696300,2,104.31,89.318,204.894,271.0
122658_1767696600,2,160.783,79.771,267.133,376.0
133300_1767696600,2,-31.574,-48.044,26.187,-52.0
133300_1767696900,2,-0.553,-8.446,9.092,-52.0
122658_1767696900,2,227.709,170.558,294.752,318.0
122613_1767697200,2,31.157,23.301,35.963,0.0
122658_1767697200,2,211.368,162.735,269.415,352.0
122048_1767697200,2,-107.037,-108.506,-96.558,-68.0
122613_1767697500,2,24.589,4.043,61.614,0.0
122048_1767697500,2,-150.539,-159.708,-128.973,-129.0
122658_1767697500,2,53.361,10.586,132.134,0.0
122613_1767697800,2,6.956,-2.651,11.939,0.0
122658_1767697800,2,-10.842,-11.505,-10.023,0.0
122048_1767697800,2,-51.517,-104.256,4.901,-129.0
122658_1767698100,2,12.583,-4.22,39.537,0.0
122048_1767698100,2,-181.029,-216.644,-109.047,-181.0
122613_1767698100,2,5.4,4.267,5.988,0.0
122613_1767698400,2,5.477,2.097,18.295,0.0
122048_1767698400,2,-211.908,-239.03,-166.77,-194.0
122658_1767698400,2,-56.372,-58.955,-51.552,0.0
122658_1767698700,2,-27.204,-37.403,-8.696,0.0
122048_1767698700,2,-198.162,-198.185,-175.932,-216.0
122613_1767698700,2,-16.325,-17.467,-9.977,0.0
122658_1767699000,2,-2.66,-4.566,-2.278,0.0
122658_1767699300,2,-18.035,-25.296,-17.172,0.0
122658_1767699600,2,-11.02,-30.498,-7.041,0.0
122658_1767699900,2,21.2,-24.679,66.416,72.0
122658_1767700200,2,70.316,-29.28,177.508,183.0
122658_1767700500,2,51.007,-18.696,169.463,192.0
129964_1767700800,2,22.52,-38.15,47.044,77.0
135081_1767700800,2,-82.876,-99.693,-44.27,-128.0
132430_1767700800,2,-141.83,-204.349,-74.012,-169.0
135081_1767701100,2,-52.338,-74.724,-14.832,-93.0
132430_1767701100,2,-102.532,-161.481,-4.682,-262.0
129964_1767701100,2,102.552,67.609,148.219,80.0
129964_1767701400,2,50.766,22.658,103.944,61.0
132430_1767701400,2,-123.715,-199.163,-39.833,-258.0
135081_1767701400,2,-124.826,-160.706,-25.161,-122.0
129964_1767701700,2,-36.345,-81.241,8.889,-43.0
135081_1767701700,2,-97.098,-150.336,-21.948,19.0
132430_1767701700,2,-57.385,-79.317,-16.662,84.0
129964_1767702000,2,-23.797,-100.167,56.124,-38.0
135081_1767702000,2,-106.361,-160.803,-60.298,9.0
132430_1767702000,2,45.284,21.362,123.023,87.0
132430_1767702300,2,53.488,-36.509,175.958,90.0
135081_1767702300,2,-59.45,-89.287,-9.628,-39.0
129964_1767702300,2,-27.512,-89.436,45.93,-108.0
122613_1767702600,2,64.001,54.895,89.946,64.0
122613_1767702900,2,117.987,111.509,122.645,64.0
131672_1767704400,2,110.054,60.443,157.421,94.0
131672_1767704700,2,-42.967,-78.239,14.201,13.0
131672_1767705000,2,-30.553,-80.525,26.365,7.0
131672_1767705300,2,-52.163,-99.054,37.71,-23.0
131672_1767705600,2,-41.085,-119.145,34.626,24.0
131672_1767705900,2,-5.73,-89.209,62.04,9.0
135081_1767706200,2,44.885,-36.709,95.662,155.0
122613_1767706200,2,20.614,-0.78,21.083,0.0
133957_1767706200,2,138.033,27.791,149.217,222.0
135081_1767706500,2,76.539,-1.918,136.29,156.0
122613_1767706500,2,9.484,-5.849,23.994,0.0
133957_1767706500,2,159.575,87.13,228.639,296.0
133957_1767706800,2,94.836,40.985,185.652,294.0
135081_1767706800,2,135.789,52.609,204.718,113.0
122613_1767706800,2,7.438,3.982,10.049,0.0
133957_1767707100,2,301.913,234.272,344.531,182.0
122613_1767707100,2,8.529,-0.365,13.691,0.0
135081_1767707100,2,194.185,105.574,259.778,130.0
122613_1767707400,2,8.149,7.028,9.707,0.0
135081_1767707400,2,140.536,61.264,225.883,247.0
133957_1767707400,2,250.959,185.624,310.909,292.0
133957_1767707700,2,220.883,152.941,279.488,252.0
135081_1767707700,2,113.993,30.057,213.498,113.0
122613_1767707700,2,7.242,0.496,12.639,0.0
134040_1767708000,2,108.934,61.947,154.651,60.0
122048_1767708000,2,-17.096,-21.013,-14.326,0.0
134040_1767708300,2,75.594,51.395,145.835,25.0
122048_1767708300,2,-26.256,-58.857,12.119,0.0
134040_1767708600,2,99.091,26.563,158.266,61.0
134040_1767708900,2,64.706,17.289,125.237,61.0
134040_1767709200,2,101.391,68.81,139.766,81.0
134040_1767709500,2,84.883,-4.834,162.252,56.0
122048_1767709500,2,-52.382,-160.892,18.809,-276.0
133957_1767710100,2,-70.264,-91.303,-25.5,102.0
133957_1767710400,2,6.897,-61.853,88.424,98.0
133957_1767710700,2,100.766,14.542,170.704,157.0
133957_1767711000,2,103.303,42.81,223.769,144.0
133957_1767711300,2,63.861,9.572,194.026,104.0
122048_1767711600,2,-20.856,-103.791,66.74,106.0
122613_1767711600,2,74.87,38.155,75.913,0.0
129964_1767711600,2,-108.16,-162.544,-57.954,-143.0
129964_1767711900,2,-65.159,-105.465,-0.135,-3.0
122613_1767711900,2,35.596,23.912,38.21,0.0
122048_1767711900,2,77.416,2.702,137.392,85.0
129964_1767712200,2,-128.856,-163.655,-34.228,17.0
122048_1767712200,2,87.111,5.542,163.431,83.0
122048_1767712500,2,87.041,1.744,176.048,57.0
122613_1767712500,2,-33.266,-62.872,-15.117,0.0
129964_1767712800,2,-57.781,-104.908,10.765,-108.0
122048_1767712800,2,68.094,-11.909,173.516,-8.0
122613_1767712800,2,-25.17,-89.118,1.853,0.0
122613_1767713100,2,-1.462,-73.338,-1.081,0.0
122048_1767713100,2,42.294,-17.574,94.761,92.0
129964_1767713100,2,-32.578,-64.397,33.594,-108.0
134040_1767713400,2,80.133,20.299,158.962,36.0
134040_1767713700,2,108.018,13.837,175.985,21.0
134040_1767714000,2,50.1,-21.895,145.325,108.0
134040_1767714300,2,-22.549,-61.664,51.301,-44.0
131672_1767715200,2,-23.666,-96.441,73.66,-130.0
135081_1767715200,2,75.939,41.852,111.46,100.0
131672_1767715500,2,-76.239,-154.685,40.959,-99.0
135081_1767715500,2,60.013,-6.348,147.974,74.0
135081_1767715800,2,83.749,44.526,162.724,82.0
131672_1767715800,2,-112.159,-154.802,-40.394,-59.0
135081_1767716100,2,64.317,45.267,157.044,47.0
131672_1767716100,2,-97.144,-145.521,-43.843,-53.0
135081_1767716400,2,22.446,-32.311,125.948,118.0
131672_1767716400,2,-48.862,-97.463,22.815,-55.0
131672_1767716700,2,21.368,-35.408,73.562,-74.0
135081_1767716700,2,22.843,-51.137,105.507,137.0
133300_1767717000,2,-17.253,-75.545,52.065,-12.0
133957_1767717000,2,125.157,95.3,155.079,134.0
133957_1767717300,2,77.683,33.556,173.934,71.0
133300_1767717300,2,21.758,5.103,82.623,-28.0
133957_1767717600,2,4.754,-25.128,157.013,37.0
133300_1767717600,2,20.003,-50.231,126.908,-46.0
133957_1767717900,2,69.912,-2.948,193.612,-25.0
133300_1767717900,2,8.611,-24.0,92.335,25.0
133957_1767718200,2,37.187,-32.965,131.866,-42.0
133300_1767718200,2,3.803,-37.868,108.55,26.0
133300_1767718500,2,48.081,-7.313,149.662,129.0
133957_1767718500,2,-6.573,-52.93,84.496,-28.0
132430_1767720600,2,119.781,115.329,136.319,141.0
133300_1767720600,2,21.974,-26.315,106.037,99.0
132430_1767720900,2,197.399,130.574,202.652,216.0
133300_1767720900,2,120.164,44.178,223.514,154.0
133300_1767721200,2,139.176,88.642,223.238,113.0
132430_1767721200,2,232.505,215.974,319.961,309.0
132430_1767721500,2,197.061,119.097,274.038,359.0
134040_1767721500,2,41.001,24.536,68.356,7.0
133300_1767721500,2,-52.123,-63.849,-28.111,-28.0
132430_1767721800,2,259.277,160.538,335.31,295.0
133300_1767721800,2,-11.577,-51.294,48.813,-28.0
134040_1767721800,2,75.486,45.167,107.923,78.0
131672_1767721800,2,27.803,12.345,30.877,21.0
131672_1767722100,2,85.945,69.16,90.523,47.0
132430_1767722100,2,272.24,209.796,306.174,393.0
134040_1767722100,2,68.85,63.631,73.752,106.0
133300_1767722100,2,26.398,-42.263,123.957,193.0
133957_1767722400,2,45.817,-19.435,121.626,0.0
133957_1767722700,2,-74.32,-95.516,1.99,-74.0
133957_1767723000,2,27.934,-5.062,89.373,100.0
133957_1767723300,2,-9.656,-67.485,23.962,89.0
133957_1767723600,2,155.093,67.39,201.257,114.0
133957_1767723900,2,120.844,60.682,165.744,163.0
135081_1767724500,2,94.872,33.9,122.887,112.0
135081_1767724800,2,118.125,64.757,156.541,246.0
135081_1767725100,2,124.756,74.401,183.814,166.0
135081_1767725400,2,203.167,124.995,277.112,241.0
135081_1767725700,2,249.036,209.894,308.942,313.0
132430_1767726000,2,98.655,48.214,172.946,156.0
132430_1767726300,2,127.176,65.216,187.716,141.0
132430_1767726600,2,48.315,-15.296,144.173,46.0
132430_1767726900,2,77.866,19.165,180.699,10.0
132430_1767727200,2,99.454,36.886,185.049,217.0
132430_1767727500,2,93.501,-2.735,199.246,260.0
135081_1767727800,2,8.752,-44.572,73.283,-58.0
135081_1767728100,2,10.587,-59.39,103.797,58.0
135081_1767728400,2,33.993,0.314,113.275,40.0
135081_1767728700,2,77.884,8.908,159.794,-16.0
135081_1767729000,2,-0.51,-60.624,64.835,-62.0
135081_1767729300,2,12.679,-38.486,100.803,-45.0
135081_1767729600,2,10.335,-43.388,79.092,24.0
135081_1767729900,2,69.053,-17.852,172.708,206.0
135081_1767730200,2,97.825,28.81,160.11,197.0
135081_1767730500,2,210.177,150.807,298.093,234.0
134040_1767730500,2,74.52,32.347,118.323,121.0
134040_1767730800,2,110.762,90.816,140.903,191.0
134040_1767731100,2,156.477,134.964,184.559,150.0
134040_1767731400,2,145.229,109.291,191.32,214.0
134040_1767731700,2,174.268,112.678,249.306,152.0
134040_1767732000,2,320.122,222.716,385.035,152.0
134040_1767732300,2,189.269,155.408,255.698,181.0
134040_1767732600,2,177.116,108.215,227.319,230.0
134040_1767732900,2,204.192,132.169,311.182,315.0
131672_1767733200,2,-2.876,-57.317,59.143,-15.0
131672_1767733500,2,-38.188,-95.15,41.94,-60.0
131672_1767733800,2,-13.955,-66.142,68.81,-24.0
131672_1767734100,2,6.123,-72.685,56.742,-1.0
131672_1767734400,2,-39.7,-94.351,37.244,26.0
131672_1767734700,2,7.717,-39.554,49.067,12.0
135081_1767735000,2,-83.335,-134.777,-11.203,-184.0
135081_1767735300,2,-35.778,-83.283,-25.507,-69.0
135081_1767735600,2,-54.827,-83.394,0.463,-88.0
135081_1767735900,2,-95.821,-114.023,-35.537,-130.0
135081_1767736200,2,-30.329,-120.404,64.583,-161.0
135081_1767736500,2,-66.961,-111.028,-42.68,-191.0
132430_1767738600,2,118.667,85.754,127.529,110.0
130072_1767738600,2,1.558,-14.783,3.872,0.0
132430_1767738900,2,156.789,140.328,216.717,112.0
130072_1767738900,2,28.745,23.561,40.175,0.0
132430_1767739200,2,68.784,65.859,136.721,81.0
132430_1767739500,2,97.261,51.044,148.619,-2.0
132430_1767739800,2,53.292,2.163,159.026,8.0
132430_1767740100,2,55.047,-13.749,155.58,175.0
134494_1767740400,2,-1.653,-9.404,-0.198,0.0
134494_1767740700,2,-1.645,-5.652,0.459,0.0
134494_1767741000,2,-7.513,-15.047,6.108,0.0
134494_1767741300,2,-3.558,-3.871,5.912,0.0
134494_1767741600,2,-0.562,-2.696,9.422,0.0
134494_1767741900,2,-1.034,-5.76,1.913,0.0
