sample_id,fold_repeat,oof_pred,y
122048_1767668400,0,4.465,0.0
122048_1767668700,0,4.336,0.0
122048_1767669000,0,5.921,0.0
122048_1767669300,0,4.923,0.0
122048_1767669600,0,-0.753,0.0
122048_1767669900,0,-7.513,0.0
133957_1767670200,0,104.443,133.0
133957_1767670500,0,48.486,55.0
133957_1767670800,0,81.432,-10.0
133957_1767671100,0,-20.29,-86.0
133957_1767671400,0,-38.115,-86.0
133957_1767671700,0,-44.483,-40.0
129964_1767672000,0,74.041,-7.0
129964_1767672300,0,-11.769,-9.0
129964_1767672900,0,7.887,-29.0
129964_1767673200,0,52.89,-57.0
129964_1767673500,0,79.962,19.0
129964_1767673800,0,37.757,-15.0
135081_1767673800,0,-85.272,111.0
129964_1767674100,0,101.397,72.0
135081_1767674100,0,67.442,80.0
135081_1767674400,0,108.552,122.0
129964_1767674400,0,29.598,95.0
135081_1767674700,0,88.329,94.0
129964_1767674700,0,-39.723,46.0
135081_1767675000,0,146.596,53.0
129964_1767675000,0,-9.088,38.0
133300_1767675000,0,26.965,99.0
135081_1767675300,0,117.019,208.0
133300_1767675300,0,42.375,99.0
129964_1767675300,0,27.558,105.0
129964_1767675600,0,35.276,46.0
129964_1767675900,0,77.318,20.0
129964_1767676200,0,97.239,91.0
122048_1767677400,0,-44.125,-65.0
130238_1767677400,0,47.791,-50.0
122048_1767677700,0,-100.959,12.0
130238_1767677700,0,35.647,-47.0
130238_1767678000,0,64.087,-45.0
122048_1767678000,0,-19.428,47.0
130238_1767678300,0,-12.051,-142.0
122048_1767678300,0,-14.974,124.0
122048_1767678600,0,26.268,172.0
122048_1767678900,0,84.465,140.0
134040_1767679800,0,38.001,23.0
134040_1767680100,0,74.623,26.0
134040_1767680400,0,101.799,-52.0
134040_1767680700,0,31.603,-87.0
132430_1767681000,0,38.186,32.0
133300_1767681000,0,70.143,12.0
132430_1767681300,0,43.53,126.0
133300_1767681300,0,57.181,-61.0
133300_1767681600,0,-20.257,159.0
132430_1767681600,0,50.217,65.0
133300_1767681900,0,-25.679,79.0
132430_1767681900,0,87.553,-62.0
133300_1767682200,0,-11.802,79.0
132430_1767682200,0,110.629,-16.0
132430_1767682500,0,31.829,248.0
133300_1767682500,0,30.067,173.0
131672_1767684600,0,29.594,-63.0
122048_1767684600,0,232.12,350.0
131672_1767684900,0,31.784,-96.0
122048_1767684900,0,260.811,304.0
122048_1767685200,0,256.341,183.0
131672_1767685200,0,22.759,-126.0
122048_1767685500,0,181.861,141.0
122048_1767685800,0,111.017,45.0
122048_1767686100,0,97.633,-35.0
130238_1767686400,0,154.486,107.0
130238_1767686700,0,125.961,1.0
130238_1767688200,0,44.764,27.0
130238_1767688500,0,64.658,-8.0
130238_1767688800,0,84.608,-92.0
130238_1767689100,0,14.654,-120.0
130238_1767689400,0,-53.077,37.0
133300_1767689400,0,66.22,9.0
130238_1767689700,0,-26.711,57.0
133300_1767689700,0,35.161,9.0
122048_1767690000,0,79.991,73.0
122048_1767690300,0,107.771,-33.0
122613_1767693600,0,-110.435,-180.0
122613_1767693900,0,-173.862,-108.0
122613_1767694200,0,-156.433,-140.0
122613_1767694500,0,-94.605,-70.0
122613_1767694800,0,-53.387,-38.0
122613_1767695100,0,-31.649,30.0
133300_1767697200,0,62.541,49.0
130238_1767697200,0,69.58,40.0
130238_1767697500,0,99.571,32.0
133300_1767697500,0,-2.204,77.0
133300_1767697800,0,6.086,65.0
133300_1767698100,0,42.737,151.0
131672_1767698100,0,28.857,27.0
131672_1767698400,0,44.952,60.0
133300_1767698400,0,58.114,225.0
131672_1767698700,0,62.605,82.0
135081_1767699000,0,197.104,28.0
135081_1767699300,0,119.932,45.0
135081_1767699600,0,64.299,55.0
135081_1767699900,0,15.46,36.0
135081_1767700200,0,-7.54,-24.0
135081_1767700500,0,-58.872,-98.0
131672_1767700800,0,-71.788,-105.0
131672_1767701100,0,-29.151,-83.0
131672_1767701400,0,-4.458,-207.0
122048_1767702600,0,128.949,144.0
122048_1767702900,0,102.578,138.0
131672_1767703200,0,44.203,17.0
122048_1767703200,0,74.598,87.0
131672_1767703500,0,57.888,76.0
122048_1767703500,0,70.961,84.0
131672_1767703800,0,97.367,53.0
122048_1767703800,0,36.195,84.0
131672_1767704100,0,36.425,192.0
122048_1767704100,0,-36.801,0.0
122658_1767704400,0,89.872,289.0
132430_1767704700,0,-81.1,16.0
122658_1767704700,0,138.76,321.0
122658_1767705000,0,231.555,406.0
132430_1767705000,0,41.724,16.0
132430_1767705300,0,35.664,17.0
132430_1767705600,0,65.893,77.0
122658_1767705600,0,123.395,0.0
132430_1767705900,0,-14.608,57.0
122658_1767705900,0,39.806,0.0
133957_1767708000,0,106.904,253.0
132430_1767708000,0,128.348,192.0
133957_1767708300,0,160.958,180.0
132430_1767708300,0,94.328,68.0
132430_1767708600,0,61.119,-7.0
133957_1767708600,0,190.855,238.0
132430_1767708900,0,96.108,115.0
133957_1767708900,0,177.905,170.0
132430_1767709200,0,45.834,98.0
133957_1767709200,0,164.947,81.0
132430_1767709500,0,87.189,158.0
131672_1767711600,0,-39.631,-47.0
134040_1767711600,0,159.712,199.0
134040_1767711900,0,174.525,181.0
131672_1767711900,0,5.876,-52.0
134040_1767712200,0,184.545,202.0
134040_1767712500,0,153.955,199.0
134040_1767712800,0,132.553,183.0
134040_1767713100,0,220.176,91.0
122613_1767713400,0,6.807,0.0
122613_1767713700,0,5.871,0.0
122613_1767714000,0,3.721,0.0
122613_1767714300,0,0.096,0.0
122613_1767714600,0,1.755,0.0
122613_1767714900,0,7.018,0.0
122048_1767715200,0,7.278,0.0
122658_1767715200,0,50.282,0.0
132430_1767715200,0,210.89,485.0
122658_1767715500,0,41.712,0.0
132430_1767715500,0,271.134,483.0
122048_1767715500,0,9.14,0.0
122048_1767715800,0,5.888,0.0
122658_1767715800,0,-8.571,0.0
122048_1767716100,0,4.926,0.0
122658_1767716100,0,-24.01,0.0
122048_1767716400,0,3.648,0.0
122658_1767716400,0,1.928,0.0
122048_1767716700,0,6.557,0.0
122658_1767716700,0,-17.417,0.0
133300_1767718800,0,98.866,231.0
133300_1767719400,0,-12.937,-24.0
133300_1767719700,0,50.726,22.0
133300_1767720000,0,72.123,-46.0
133300_1767720300,0,103.498,-26.0
130238_1767720600,0,92.691,-64.0
130238_1767720900,0,51.387,-125.0
130238_1767721200,0,80.14,-103.0
130238_1767721500,0,-26.577,-170.0
132430_1767722400,0,231.409,380.0
132430_1767722700,0,312.06,324.0
132430_1767723000,0,347.959,452.0
132430_1767723300,0,301.079,333.0
132430_1767723600,0,332.156,310.0
132430_1767723900,0,258.437,285.0
131672_1767726900,0,-4.173,-3.0
131672_1767727200,0,77.582,-9.0
131672_1767727500,0,115.79,163.0
131672_1767729600,0,388.933,557.0
134040_1767735000,0,298.677,434.0
134040_1767735300,0,297.866,434.0
134040_1767735900,0,134.111,0.0
134040_1767736200,0,183.159,0.0
134040_1767736500,0,200.755,0.0
134494_1767738000,0,-33.561,0.0
134494_1767738300,0,-21.658,0.0
134494_1767738600,0,-19.397,0.0
134494_1767738900,0,-0.88,0.0
134494_1767739200,0,-0.381,0.0
134494_1767739500,0,2.373,0.0
134494_1767739800,0,3.922,0.0
134494_1767740100,0,1.418,0.0
132430_1767742200,0,145.388,74.0
132430_1767743400,0,37.045,91.0
132430_1767743700,0,80.247,154.0
129964_1767668400,0,6.473,-26.0
129964_1767669000,0,-17.883,-51.0
129964_1767669300,0,7.609,-40.0
129964_1767669600,0,77.399,-21.0
129964_1767669900,0,31.281,10.0
131672_1767672000,0,78.708,72.0
131672_1767672300,0,64.619,-66.0
131672_1767672600,0,100.967,10.0
131672_1767672900,0,23.276,27.0
131672_1767673200,0,14.222,-43.0
131672_1767673500,0,31.142,-31.0
130238_1767675900,0,66.589,37.0
130238_1767676200,0,75.96,56.0
130238_1767676500,0,94.277,76.0
130238_1767676800,0,96.754,-9.0
130238_1767677100,0,83.715,38.0
122048_1767682800,0,22.793,542.0
122048_1767683100,0,47.703,542.0
122048_1767683400,0,60.282,578.0
122048_1767683700,0,318.539,446.0
122048_1767684000,0,315.234,415.0
122048_1767684300,0,305.436,408.0
133300_1767691800,0,-38.575,-58.0
133300_1767692100,0,15.672,-58.0
133300_1767692400,0,17.162,-31.0
133300_1767692700,0,43.917,-41.0
133300_1767693000,0,24.946,-24.0
133300_1767693300,0,1.706,47.0
122048_1767697200,0,-48.69,-68.0
122048_1767697500,0,-79.303,-129.0
122048_1767697800,0,-12.759,-129.0
122048_1767698100,0,-41.493,-181.0
122048_1767698400,0,-58.638,-194.0
122048_1767698700,0,-97.523,-216.0
129964_1767700800,0,-2.701,77.0
132430_1767700800,0,-69.082,-169.0
132430_1767701100,0,35.449,-262.0
129964_1767701100,0,71.678,80.0
129964_1767701400,0,81.245,61.0
132430_1767701400,0,2.964,-258.0
129964_1767701700,0,-14.647,-43.0
132430_1767701700,0,-89.493,84.0
129964_1767702000,0,-33.703,-38.0
132430_1767702000,0,-76.72,87.0
132430_1767702300,0,86.129,90.0
129964_1767702300,0,-33.426,-108.0
122613_1767702600,0,-33.606,64.0
122613_1767702900,0,29.571,64.0
134040_1767708000,0,117.181,60.0
134040_1767708300,0,95.84,25.0
134040_1767708600,0,27.572,61.0
134040_1767708900,0,-40.321,61.0
134040_1767709200,0,-16.095,81.0
134040_1767709500,0,-29.579,56.0
131672_1767721800,0,13.933,21.0
131672_1767722100,0,24.703,47.0
132430_1767726000,0,1.857,156.0
132430_1767726300,0,57.153,141.0
132430_1767726600,0,105.334,46.0
132430_1767726900,0,171.009,10.0
132430_1767727200,0,129.619,217.0
132430_1767727500,0,59.975,260.0
135081_1767727800,0,-24.725,-58.0
135081_1767728100,0,-37.789,58.0
135081_1767728400,0,25.067,40.0
135081_1767728700,0,64.977,-16.0
135081_1767729000,0,56.377,-62.0
135081_1767729300,0,27.764,-45.0
135081_1767735000,0,-19.649,-184.0
135081_1767735300,0,-71.341,-69.0
135081_1767735600,0,-112.992,-88.0
135081_1767735900,0,-29.942,-130.0
135081_1767736200,0,-23.156,-161.0
135081_1767736500,0,-77.884,-191.0
132430_1767738600,0,85.083,110.0
130072_1767738600,0,11.457,0.0
132430_1767738900,0,96.078,112.0
130072_1767738900,0,-20.414,0.0
132430_1767739200,0,95.351,81.0
132430_1767739500,0,179.025,-2.0
132430_1767739800,0,139.932,8.0
132430_1767740100,0,72.686,175.0
134040_1767667800,0,15.812,20.0
134040_1767668100,0,45.978,93.0
133957_1767668400,0,-28.504,-34.0
133957_1767669300,0,31.27,46.0
133957_1767669600,0,31.583,58.0
133957_1767669900,0,38.945,40.0
135081_1767672000,0,25.41,-33.0
135081_1767672300,0,8.274,-40.0
135081_1767672600,0,12.827,-145.0
130238_1767672900,0,26.023,-23.0
135081_1767672900,0,-27.861,-98.0
130238_1767673200,0,45.11,39.0
135081_1767673200,0,-86.036,71.0
130238_1767673500,0,53.69,26.0
135081_1767673500,0,-106.839,64.0
130238_1767673800,0,109.289,10.0
130238_1767674100,0,92.6,131.0
130238_1767674400,0,32.234,168.0
130238_1767674700,0,110.997,240.0
130238_1767675000,0,145.972,233.0
135081_1767675600,0,59.608,299.0
135081_1767675900,0,177.445,224.0
135081_1767676200,0,244.971,126.0
135081_1767676500,0,191.843,-30.0
130238_1767679500,0,-55.262,0.0
130238_1767679800,0,-48.117,0.0
130238_1767680100,0,-35.751,0.0
130238_1767680400,0,3.52,0.0
130238_1767680700,0,5.682,0.0
130238_1767681000,0,8.074,0.0
130238_1767681300,0,13.208,0.0
130238_1767681600,0,-2.12,0.0
130238_1767681900,0,-6.339,0.0
132430_1767682800,0,50.959,267.0
131672_1767682800,0,69.632,-48.0
129964_1767682800,0,136.694,70.0
131672_1767683100,0,13.19,-52.0
132430_1767683100,0,21.598,408.0
129964_1767683100,0,102.55,154.0
129964_1767683400,0,58.806,81.0
131672_1767683400,0,-58.989,-178.0
132430_1767683400,0,203.518,270.0
129964_1767683700,0,155.093,145.0
132430_1767683700,0,221.465,163.0
131672_1767683700,0,-92.847,-200.0
131672_1767684000,0,-74.39,-74.0
129964_1767684000,0,73.672,134.0
132430_1767684000,0,182.899,246.0
132430_1767684300,0,101.407,230.0
131672_1767684300,0,-88.425,24.0
122658_1767684600,0,80.257,97.0
122658_1767684900,0,120.198,97.0
122658_1767685200,0,-31.709,0.0
122658_1767685500,0,13.443,0.0
122658_1767685800,0,10.747,0.0
122658_1767686100,0,-3.673,0.0
131672_1767688200,0,91.993,16.0
131672_1767688500,0,23.463,20.0
131672_1767688800,0,34.136,-17.0
131672_1767689100,0,67.801,17.0
131672_1767689400,0,28.525,-72.0
131672_1767689700,0,-16.243,-222.0
131672_1767690000,0,-59.812,-208.0
131672_1767690300,0,-82.417,-157.0
131672_1767690600,0,-171.04,-39.0
131672_1767690900,0,-92.357,-68.0
131672_1767691200,0,-13.605,-65.0
131672_1767691500,0,-3.369,-10.0
133300_1767693600,0,50.433,168.0
133300_1767694200,0,-19.374,-63.0
133300_1767694500,0,20.45,-63.0
133300_1767694800,0,11.067,54.0
133300_1767695100,0,9.037,90.0
122613_1767695400,0,-11.84,123.0
122613_1767695700,0,30.983,61.0
122613_1767696900,0,-90.53,0.0
133957_1767697200,0,139.274,64.0
133957_1767697500,0,109.033,3.0
133957_1767697800,0,6.28,18.0
133957_1767698100,0,-31.626,-47.0
133957_1767698400,0,20.505,-69.0
133957_1767698700,0,-30.787,-145.0
132430_1767699000,0,-8.639,14.0
132430_1767699300,0,8.504,14.0
132430_1767699600,0,40.956,-87.0
132430_1767699900,0,53.261,-110.0
132430_1767700200,0,53.568,-136.0
132430_1767700500,0,-71.968,-6.0
122048_1767700800,0,-19.417,374.0
122658_1767700800,0,65.994,143.0
122048_1767701100,0,206.587,312.0
122658_1767701100,0,144.249,121.0
122048_1767701400,0,202.492,354.0
122658_1767701700,0,-19.479,0.0
122048_1767701700,0,216.473,273.0
122658_1767702000,0,23.96,0.0
122048_1767702000,0,160.363,252.0
122658_1767702300,0,33.732,0.0
122048_1767702300,0,172.158,158.0
133300_1767702600,0,76.186,47.0
122658_1767702600,0,-12.906,0.0
133300_1767702900,0,54.973,95.0
122658_1767702900,0,-6.666,0.0
134040_1767703200,0,-38.281,-35.0
122658_1767703200,0,-6.666,0.0
133300_1767703200,0,49.633,322.0
134040_1767703500,0,45.243,-35.0
122658_1767703500,0,9.773,0.0
122658_1767703800,0,4.03,103.0
134040_1767703800,0,57.33,52.0
133300_1767703800,0,-30.727,-25.0
122658_1767704100,0,24.753,252.0
134040_1767704100,0,48.005,87.0
122048_1767706200,0,1.754,0.0
131672_1767706200,0,13.866,37.0
131672_1767706500,0,66.984,131.0
122048_1767706500,0,-20.623,0.0
122048_1767706800,0,-2.259,0.0
122048_1767707100,0,-2.235,0.0
122048_1767707400,0,-1.269,0.0
122048_1767707700,0,-2.898,0.0
132430_1767709800,0,92.794,137.0
132430_1767710400,0,42.669,23.0
132430_1767710700,0,20.628,23.0
132430_1767711000,0,39.32,47.0
132430_1767711300,0,62.187,33.0
135081_1767711600,0,-54.513,11.0
135081_1767711900,0,-21.011,-12.0
135081_1767712200,0,48.177,-28.0
135081_1767712500,0,32.164,59.0
122658_1767713100,0,54.277,27.0
122658_1767713400,0,57.415,86.0
131672_1767713400,0,17.485,12.0
130238_1767713400,0,48.786,-99.0
131672_1767713700,0,34.423,86.0
122658_1767713700,0,67.408,159.0
130238_1767713700,0,-72.209,-47.0
131672_1767714000,0,38.185,67.0
130238_1767714000,0,-55.94,-41.0
122658_1767714000,0,108.66,225.0
130238_1767714300,0,-52.168,-45.0
131672_1767714300,0,80.668,70.0
122658_1767714300,0,79.309,348.0
130238_1767714600,0,-17.075,-30.0
122658_1767714600,0,78.218,362.0
131672_1767714600,0,46.053,13.0
130238_1767714900,0,20.854,-78.0
122658_1767714900,0,65.317,2.0
131672_1767714900,0,-21.634,-150.0
122613_1767715200,0,-0.638,0.0
122613_1767715500,0,-29.052,0.0
122613_1767715800,0,-57.424,-18.0
122613_1767716100,0,-15.077,11.0
122613_1767716400,0,-50.593,-88.0
122613_1767716700,0,64.256,-27.0
122658_1767718800,0,-9.79,107.0
135081_1767718800,0,-88.152,-153.0
135081_1767719100,0,-22.096,-144.0
122658_1767719100,0,86.565,88.0
122658_1767719400,0,62.488,0.0
135081_1767719400,0,-76.107,-123.0
135081_1767719700,0,-55.76,-137.0
122658_1767719700,0,27.097,0.0
122048_1767720000,0,-21.703,-336.0
122658_1767720000,0,27.023,0.0
135081_1767720000,0,-77.219,-199.0
135081_1767720300,0,-46.702,-231.0
122048_1767720300,0,11.095,-130.0
122658_1767720300,0,0.437,0.0
135081_1767720600,0,-157.997,-180.0
135081_1767720900,0,-112.457,-34.0
135081_1767721200,0,-122.436,4.0
135081_1767721500,0,-0.785,12.0
135081_1767721800,0,79.123,48.0
122048_1767724200,0,50.113,35.0
122048_1767724500,0,53.887,133.0
122048_1767724800,0,28.174,250.0
122048_1767725100,0,108.52,274.0
122048_1767725400,0,190.953,356.0
122048_1767725700,0,243.839,417.0
135081_1767726000,0,186.65,311.0
135081_1767726300,0,188.917,146.0
135081_1767726600,0,196.884,53.0
135081_1767726900,0,168.9,-68.0
135081_1767727200,0,74.909,-32.0
135081_1767727500,0,-15.01,-15.0
131672_1767727800,0,55.932,302.0
131672_1767728100,0,102.037,382.0
131672_1767728400,0,190.985,359.0
131672_1767728700,0,202.275,492.0
133957_1767729000,0,102.156,39.0
131672_1767729000,0,257.858,533.0
131672_1767729300,0,356.426,478.0
133957_1767729300,0,112.08,171.0
130072_1767730200,0,39.656,60.0
130072_1767730500,0,41.907,60.0
130072_1767730800,0,50.623,106.0
130072_1767731100,0,99.049,22.0
133957_1767735000,0,-38.779,21.0
133957_1767735300,0,61.662,50.0
133957_1767735600,0,30.651,77.0
135081_1767736800,0,-87.43,-98.0
135081_1767737100,0,-132.424,37.0
135081_1767737400,0,-36.576,13.0
135081_1767737700,0,74.372,172.0
132430_1767738000,0,53.074,90.0
135081_1767738000,0,55.169,87.0
135081_1767738300,0,107.433,73.0
132430_1767738300,0,82.534,108.0
134040_1767740400,0,-28.973,0.0
134040_1767740700,0,-26.449,0.0
134494_1767742200,0,2.821,0.0
134494_1767742500,0,2.202,0.0
134494_1767742800,0,2.491,0.0
134494_1767743100,0,6.088,0.0
135081_1767681000,0,54.411,20.0
135081_1767681300,0,-28.671,71.0
135081_1767681600,0,46.168,-36.0
135081_1767681900,0,29.223,-25.0
135081_1767682200,0,-22.365,-113.0
135081_1767682500,0,-79.423,-145.0
133957_1767686400,0,-12.955,9.0
134040_1767686400,0,121.374,43.0
134040_1767686700,0,115.534,6.0
133957_1767686700,0,-45.084,-42.0
134040_1767687000,0,36.347,24.0
133957_1767687000,0,-15.458,3.0
134040_1767687300,0,38.072,37.0
133957_1767687300,0,-10.518,79.0
133957_1767687600,0,15.912,45.0
134040_1767687600,0,93.63,113.0
134040_1767687900,0,41.132,149.0
133957_1767687900,0,24.296,104.0
132430_1767690000,0,109.803,-66.0
132430_1767690300,0,36.727,-139.0
122613_1767697200,0,0.011,0.0
122613_1767697500,0,33.277,0.0
122613_1767697800,0,31.442,0.0
122613_1767698100,0,24.213,0.0
122613_1767698400,0,5.491,0.0
122613_1767698700,0,1.656,0.0
135081_1767706200,0,59.505,155.0
122613_1767706200,0,-2.26,0.0
133957_1767706200,0,88.901,222.0
135081_1767706500,0,73.47,156.0
122613_1767706500,0,4.652,0.0
133957_1767706500,0,83.802,296.0
133957_1767706800,0,128.712,294.0
135081_1767706800,0,143.475,113.0
122613_1767706800,0,-1.266,0.0
133957_1767707100,0,191.639,182.0
122613_1767707100,0,-15.504,0.0
135081_1767707100,0,120.986,130.0
122613_1767707400,0,-24.667,0.0
135081_1767707400,0,146.336,247.0
133957_1767707400,0,229.244,292.0
133957_1767707700,0,95.217,252.0
135081_1767707700,0,77.481,113.0
122613_1767707700,0,-19.209,0.0
122048_1767711600,0,-21.539,106.0
122048_1767711900,0,34.619,85.0
122048_1767712200,0,22.593,83.0
122048_1767712500,0,28.61,57.0
122048_1767712800,0,89.988,-8.0
122048_1767713100,0,33.555,92.0
131672_1767715200,0,-60.565,-130.0
131672_1767715500,0,-54.435,-99.0
131672_1767715800,0,-127.079,-59.0
131672_1767716100,0,-75.015,-53.0
131672_1767716400,0,-16.811,-55.0
131672_1767716700,0,36.164,-74.0
132430_1767720600,0,181.151,141.0
133300_1767720600,0,25.348,99.0
132430_1767720900,0,74.167,216.0
133300_1767720900,0,64.61,154.0
133300_1767721200,0,56.068,113.0
132430_1767721200,0,159.161,309.0
132430_1767721500,0,185.344,359.0
134040_1767721500,0,25.386,7.0
133300_1767721500,0,13.106,-28.0
132430_1767721800,0,225.822,295.0
133300_1767721800,0,42.367,-28.0
134040_1767721800,0,44.023,78.0
132430_1767722100,0,232.133,393.0
134040_1767722100,0,54.748,106.0
133300_1767722100,0,70.319,193.0
133957_1767722400,0,-5.888,0.0
133957_1767722700,0,-72.026,-74.0
133957_1767723000,0,-25.022,100.0
133957_1767723300,0,-75.344,89.0
133957_1767723600,0,85.362,114.0
133957_1767723900,0,71.136,163.0
134040_1767730500,0,129.278,121.0
134040_1767730800,0,223.0,191.0
134040_1767731100,0,207.792,150.0
122048_1767665400,0,-8.29,-25.0
122048_1767665700,0,17.473,0.0
122048_1767666000,0,32.877,0.0
122048_1767666300,0,34.955,0.0
129964_1767666600,0,-45.804,44.0
129964_1767666900,0,-79.023,16.0
129964_1767667200,0,-10.371,-27.0
129964_1767667500,0,42.186,2.0
129964_1767667800,0,17.562,-70.0
129964_1767668100,0,16.037,-76.0
134040_1767670200,0,122.338,110.0
134040_1767670500,0,124.457,129.0
134040_1767670800,0,92.136,132.0
134040_1767671100,0,161.894,60.0
134040_1767671400,0,145.923,43.0
134040_1767671700,0,119.515,-29.0
131672_1767673800,0,20.738,-73.0
133957_1767673800,0,-2.691,32.0
131672_1767674100,0,-24.983,121.0
133957_1767674100,0,49.275,43.0
133957_1767674400,0,65.812,74.0
131672_1767674400,0,-1.434,145.0
131672_1767674700,0,51.336,125.0
133957_1767674700,0,112.565,171.0
131672_1767675000,0,162.546,166.0
133957_1767675000,0,61.133,92.0
131672_1767675300,0,60.885,88.0
133957_1767675300,0,103.781,5.0
133300_1767677400,0,17.531,87.0
133300_1767677700,0,39.103,87.0
133300_1767678000,0,28.135,108.0
133300_1767678300,0,107.268,59.0
133300_1767678600,0,136.17,40.0
133300_1767678900,0,64.896,-2.0
129964_1767680400,0,13.776,-51.0
129964_1767680700,0,47.046,-106.0
129964_1767681000,0,75.361,7.0
129964_1767681300,0,33.895,47.0
129964_1767681600,0,50.69,39.0
131672_1767681900,0,14.902,37.0
129964_1767681900,0,40.068,148.0
131672_1767682200,0,47.796,13.0
129964_1767682200,0,27.005,188.0
129964_1767682500,0,-6.113,84.0
131672_1767682500,0,68.276,16.0
133957_1767682800,0,-42.183,-74.0
122658_1767682800,0,11.016,0.0
133957_1767683100,0,45.501,-8.0
122658_1767683100,0,7.017,0.0
122658_1767683400,0,26.866,-11.0
133957_1767683700,0,-34.852,10.0
122658_1767683700,0,49.182,96.0
122658_1767684000,0,87.281,58.0
133957_1767684000,0,45.953,33.0
122658_1767684300,0,50.485,118.0
133957_1767684300,0,60.497,71.0
135081_1767684600,0,-51.958,-78.0
135081_1767684900,0,-44.066,-28.0
135081_1767685200,0,-32.87,59.0
135081_1767685500,0,-23.386,275.0
135081_1767685800,0,40.184,288.0
135081_1767686100,0,165.687,247.0
133300_1767686400,0,34.488,-26.0
122048_1767686400,0,77.707,-43.0
122048_1767686700,0,-32.278,-49.0
122048_1767687000,0,-37.602,104.0
122048_1767687300,0,-19.383,99.0
122048_1767687600,0,73.81,49.0
122048_1767687900,0,137.26,80.0
134040_1767688200,0,11.53,154.0
134040_1767688500,0,125.945,141.0
134040_1767688800,0,146.732,128.0
134040_1767689100,0,158.515,26.0
134040_1767689400,0,60.788,94.0
122613_1767689700,0,30.631,49.0
134040_1767689700,0,52.69,46.0
129964_1767690000,0,8.934,65.0
129964_1767690300,0,7.302,66.0
129964_1767690600,0,25.065,79.0
129964_1767690900,0,17.229,58.0
129964_1767691200,0,48.375,64.0
129964_1767691500,0,49.361,94.0
122048_1767691800,0,0.13,233.0
122048_1767692100,0,45.856,200.0
122048_1767692400,0,53.412,91.0
122048_1767692700,0,154.933,-63.0
122048_1767693000,0,102.202,-67.0
122048_1767693300,0,-66.253,-115.0
122048_1767693600,0,-47.745,-142.0
132430_1767693600,0,9.14,132.0
133957_1767693600,0,27.764,-24.0
122048_1767693900,0,-116.635,-110.0
133957_1767693900,0,-38.015,13.0
132430_1767693900,0,4.682,33.0
122048_1767694200,0,-111.056,-50.0
132430_1767694200,0,76.352,90.0
133957_1767694200,0,28.713,21.0
132430_1767694500,0,89.627,144.0
133957_1767694500,0,-23.743,-22.0
122048_1767694500,0,-105.75,-184.0
132430_1767694800,0,85.181,233.0
133957_1767694800,0,35.191,24.0
122048_1767694800,0,-74.878,-250.0
122048_1767695100,0,-89.661,-359.0
132430_1767695100,0,133.615,116.0
133957_1767695100,0,8.642,-17.0
132430_1767695400,0,169.276,26.0
130238_1767695400,0,39.277,-12.0
133957_1767695400,0,2.697,28.0
132430_1767695700,0,112.425,30.0
130238_1767695700,0,57.677,2.0
133957_1767696000,0,-31.144,138.0
132430_1767696000,0,18.848,-71.0
130238_1767696000,0,24.919,-34.0
132430_1767696300,0,74.695,221.0
133957_1767696300,0,33.759,156.0
130238_1767696300,0,51.018,10.0
132430_1767696600,0,57.677,264.0
133957_1767696600,0,80.74,185.0
130238_1767696600,0,13.495,46.0
133957_1767696900,0,151.248,111.0
132430_1767696900,0,205.491,113.0
130238_1767696900,0,-35.016,29.0
135081_1767697800,0,-8.192,77.0
135081_1767698100,0,28.746,95.0
135081_1767698400,0,55.756,135.0
135081_1767698700,0,130.508,126.0
133957_1767705600,0,37.961,113.0
133957_1767705900,0,83.076,123.0
122613_1767708000,0,21.268,0.0
135081_1767708000,0,194.755,19.0
122613_1767708300,0,-38.428,0.0
135081_1767708300,0,84.942,-36.0
122613_1767708600,0,-62.625,-77.0
135081_1767708600,0,17.818,-19.0
131672_1767708600,0,-5.966,60.0
131672_1767708900,0,59.336,90.0
122613_1767708900,0,-101.571,0.0
135081_1767708900,0,25.517,-17.0
122613_1767709200,0,-35.66,0.0
135081_1767709200,0,-33.032,-17.0
131672_1767709200,0,88.693,91.0
131672_1767709500,0,111.788,115.0
122613_1767709500,0,-39.899,0.0
135081_1767709500,0,-59.096,-102.0
134040_1767709800,0,70.058,79.0
134040_1767710100,0,34.477,4.0
134040_1767710400,0,69.971,68.0
134040_1767710700,0,75.715,87.0
134040_1767711000,0,76.054,187.0
134040_1767711300,0,93.588,267.0
133957_1767711600,0,167.214,26.0
133957_1767711900,0,76.034,17.0
133957_1767712200,0,-15.697,28.0
133957_1767712500,0,56.112,-36.0
133957_1767712800,0,23.92,-93.0
133957_1767713100,0,-1.382,74.0
129964_1767713400,0,95.637,-129.0
129964_1767713700,0,-16.933,-33.0
129964_1767714000,0,-43.113,25.0
129964_1767714300,0,90.959,8.0
129964_1767714600,0,24.574,-49.0
129964_1767714900,0,10.562,-82.0
130238_1767717000,0,41.113,-55.0
129964_1767717300,0,-23.485,-111.0
130238_1767717300,0,79.289,-41.0
130238_1767717600,0,-6.853,-57.0
129964_1767717600,0,5.521,-126.0
129964_1767717900,0,73.433,38.0
130238_1767717900,0,-33.772,-92.0
129964_1767718200,0,-81.866,57.0
130238_1767718200,0,-6.682,-38.0
129964_1767718500,0,130.048,71.0
130238_1767718500,0,-28.299,-3.0
130238_1767718800,0,-14.545,-85.0
133957_1767718800,0,29.349,-35.0
130238_1767719100,0,33.273,99.0
133957_1767719100,0,-17.156,-113.0
133957_1767719400,0,13.97,-174.0
130238_1767719400,0,20.53,160.0
130238_1767719700,0,34.023,134.0
133957_1767719700,0,-42.127,-173.0
133957_1767720000,0,-59.809,-218.0
130238_1767720000,0,161.055,35.0
130238_1767720300,0,92.496,41.0
131672_1767724200,0,265.209,368.0
131672_1767724500,0,291.839,365.0
122048_1767726000,0,312.448,481.0
122048_1767726300,0,351.357,523.0
122048_1767727200,0,233.492,-54.0
132430_1767731400,0,218.446,192.0
132430_1767731700,0,270.458,201.0
131672_1767732000,0,20.88,32.0
132430_1767732000,0,152.322,167.0
132430_1767732300,0,155.529,337.0
131672_1767732300,0,108.459,16.0
132430_1767732600,0,191.06,338.0
131672_1767732600,0,141.967,34.0
135081_1767732600,0,12.51,79.0
131672_1767732900,0,137.019,41.0
132430_1767732900,0,308.896,238.0
135081_1767732900,0,91.126,136.0
132430_1767733200,0,288.739,153.0
132430_1767733500,0,235.206,168.0
132430_1767733800,0,177.25,179.0
132430_1767734100,0,194.291,96.0
130072_1767735000,0,75.119,0.0
130072_1767735300,0,72.678,0.0
130072_1767735600,0,35.207,0.0
130072_1767735900,0,-9.066,0.0
130072_1767736200,0,17.903,0.0
130072_1767736500,0,-4.548,0.0
133957_1767736800,0,63.805,32.0
133957_1767737100,0,125.336,-8.0
133957_1767737400,0,125.82,27.0
133957_1767737700,0,44.403,-22.0
133957_1767738000,0,46.418,-77.0
134040_1767738600,0,-2.483,0.0
134040_1767738900,0,-6.978,0.0
134040_1767739200,0,63.204,0.0
134040_1767739500,0,1.401,0.0
134040_1767739800,0,13.71,0.0
134040_1767740100,0,-12.839,0.0
130072_1767740700,0,-17.765,0.0
130072_1767741000,0,10.776,0.0
130072_1767741300,0,31.528,0.0
130072_1767741600,0,106.614,0.0
130072_1767741900,0,24.344,0.0
131672_1767666900,0,39.403,79.0
131672_1767667200,0,45.631,79.0
131672_1767667500,0,67.102,212.0
131672_1767667800,0,149.689,312.0
131672_1767668100,0,194.531,273.0
131672_1767668400,0,190.56,220.0
131672_1767668700,0,170.498,407.0
131672_1767669000,0,114.894,408.0
131672_1767669300,0,272.948,322.0
131672_1767669600,0,252.737,294.0
132430_1767673800,0,126.489,137.0
132430_1767674100,0,106.694,35.0
132430_1767674400,0,132.233,161.0
132430_1767674700,0,32.275,145.0
132430_1767675000,0,158.916,118.0
132430_1767675300,0,91.628,0.0
134040_1767675600,0,103.257,83.0
134040_1767675900,0,69.588,117.0
134040_1767676200,0,73.894,188.0
134040_1767676500,0,87.437,165.0
134040_1767676800,0,137.263,116.0
134040_1767677100,0,109.502,112.0
135081_1767679800,0,10.258,6.0
135081_1767680100,0,34.637,42.0
135081_1767680400,0,53.508,-2.0
135081_1767680700,0,89.098,-23.0
135081_1767682800,0,-21.239,-127.0
135081_1767683100,0,-68.307,-186.0
135081_1767683400,0,-151.651,-182.0
135081_1767683700,0,-56.175,-134.0
135081_1767684000,0,-100.414,-142.0
135081_1767684300,0,-58.609,-79.0
129964_1767688200,0,39.439,221.0
129964_1767688800,0,-2.902,-54.0
129964_1767689100,0,12.876,-78.0
129964_1767689400,0,47.128,36.0
129964_1767689700,0,27.441,81.0
131672_1767691800,0,-41.119,-92.0
130238_1767693600,0,-11.815,0.0
130238_1767695100,0,-10.051,-47.0
135081_1767700800,0,16.382,-128.0
135081_1767701100,0,-24.014,-93.0
135081_1767701400,0,-51.866,-122.0
135081_1767701700,0,-98.668,19.0
135081_1767702000,0,-71.185,9.0
135081_1767702300,0,-100.616,-39.0
129964_1767711600,0,-103.846,-143.0
129964_1767711900,0,-71.477,-3.0
129964_1767712200,0,-69.054,17.0
129964_1767712800,0,0.936,-108.0
129964_1767713100,0,122.732,-108.0
134040_1767713400,0,127.957,36.0
134040_1767713700,0,136.771,21.0
134040_1767714000,0,76.467,108.0
134040_1767714300,0,13.514,-44.0
133957_1767717000,0,107.015,134.0
133957_1767717300,0,148.121,71.0
133957_1767717600,0,106.169,37.0
133957_1767717900,0,162.688,-25.0
133957_1767718200,0,110.668,-42.0
133957_1767718500,0,-44.232,-28.0
135081_1767724500,0,24.322,112.0
135081_1767724800,0,93.437,246.0
135081_1767725100,0,106.034,166.0
135081_1767725400,0,228.39,241.0
135081_1767725700,0,224.872,313.0
131672_1767733200,0,48.759,-15.0
131672_1767733500,0,-6.445,-60.0
131672_1767733800,0,-4.913,-24.0
131672_1767734100,0,12.802,-1.0
131672_1767734400,0,-9.521,26.0
131672_1767734700,0,31.965,12.0
122048_1767666600,0,-45.872,0.0
132430_1767666900,0,12.326,46.0
122048_1767666900,0,-42.444,0.0
132430_1767667200,0,49.607,102.0
122048_1767667200,0,-45.828,0.0
132430_1767667500,0,79.114,-23.0
122048_1767667500,0,-41.458,0.0
122048_1767667800,0,-46.446,0.0
132430_1767667800,0,134.448,-2.0
132430_1767668100,0,97.382,27.0
122048_1767668100,0,-17.875,0.0
135081_1767670200,0,40.61,14.0
135081_1767670500,0,56.313,63.0
135081_1767670800,0,73.026,54.0
135081_1767671100,0,82.936,45.0
135081_1767671400,0,81.703,84.0
135081_1767671700,0,40.509,104.0
132430_1767672000,0,156.032,364.0
133957_1767672000,0,-39.345,-29.0
133957_1767672300,0,-46.941,-51.0
132430_1767672300,0,185.319,275.0
133957_1767672600,0,8.749,-8.0
132430_1767672600,0,199.328,322.0
133957_1767672900,0,-20.142,-34.0
132430_1767672900,0,209.031,130.0
132430_1767673200,0,236.633,129.0
132430_1767673500,0,185.223,265.0
133957_1767675600,0,-1.373,-10.0
133300_1767675600,0,62.998,180.0
133300_1767675900,0,119.146,135.0
133957_1767675900,0,-37.458,-32.0
133300_1767676200,0,191.268,170.0
133957_1767676200,0,-5.417,95.0
133300_1767676500,0,135.971,169.0
133957_1767676500,0,-7.925,61.0
133300_1767676800,0,104.736,289.0
133957_1767676800,0,8.479,7.0
133957_1767677100,0,90.522,-94.0
133957_1767677400,0,27.918,-91.0
134040_1767677400,0,71.474,71.0
134040_1767677700,0,42.292,174.0
134040_1767678000,0,2.958,-25.0
133957_1767679500,0,12.947,49.0
133957_1767679800,0,33.425,71.0
133957_1767680100,0,64.529,111.0
133957_1767680400,0,51.504,18.0
133957_1767680700,0,76.092,39.0
133957_1767681000,0,68.426,-30.0
122658_1767681000,0,171.803,181.0
122658_1767681300,0,15.796,0.0
133957_1767681300,0,-13.715,-59.0
133957_1767681600,0,-38.857,-30.0
122658_1767681600,0,53.875,0.0
122658_1767681900,0,-44.898,0.0
133957_1767681900,0,-9.291,-58.0
133957_1767682200,0,-55.96,-19.0
122658_1767682200,0,14.35,0.0
133957_1767682500,0,-2.683,-45.0
122658_1767682500,0,-1.847,0.0
133300_1767682800,0,76.842,135.0
133300_1767683100,0,131.165,169.0
133300_1767683400,0,116.496,166.0
133300_1767683700,0,95.349,240.0
133300_1767684000,0,29.283,116.0
133300_1767684300,0,12.197,116.0
133300_1767684600,0,54.732,214.0
133300_1767684900,0,73.757,244.0
133300_1767685200,0,138.152,255.0
133300_1767685500,0,157.716,286.0
133300_1767685800,0,143.237,404.0
129964_1767686400,0,-59.712,97.0
129964_1767686700,0,29.963,64.0
129964_1767687000,0,81.151,42.0
129964_1767687300,0,8.602,108.0
129964_1767687600,0,6.7,8.0
129964_1767687900,0,68.495,95.0
132430_1767688200,0,-3.108,194.0
132430_1767688500,0,22.361,268.0
132430_1767688800,0,186.605,284.0
132430_1767689100,0,148.251,163.0
132430_1767689400,0,187.748,85.0
132430_1767689700,0,134.015,7.0
134040_1767690000,0,47.926,159.0
133300_1767690000,0,40.62,68.0
133957_1767690000,0,-25.632,-116.0
133300_1767690300,0,66.997,69.0
134040_1767690300,0,19.479,-28.0
133957_1767690300,0,-26.991,-68.0
133300_1767690600,0,112.536,59.0
133957_1767690600,0,-64.772,-88.0
133300_1767690900,0,74.979,62.0
133957_1767690900,0,-61.379,-111.0
133957_1767691200,0,-21.992,9.0
133300_1767691200,0,99.024,135.0
132430_1767693300,0,73.31,132.0
129964_1767697200,0,44.961,133.0
129964_1767697500,0,55.723,75.0
129964_1767697800,0,42.42,26.0
129964_1767698100,0,70.479,10.0
129964_1767698400,0,4.731,14.0
129964_1767698700,0,-0.926,0.0
133957_1767699000,0,-36.857,-96.0
133957_1767699300,0,-75.062,-249.0
133957_1767699600,0,-61.792,-254.0
133957_1767699900,0,-56.621,-158.0
133957_1767700200,0,-2.065,80.0
133957_1767700500,0,39.749,42.0
133300_1767700800,0,25.395,260.0
133300_1767701400,0,-63.688,-7.0
133300_1767701700,0,43.574,-7.0
133300_1767702000,0,46.981,132.0
133300_1767702300,0,63.3,114.0
133957_1767702600,0,11.501,172.0
133957_1767702900,0,91.905,97.0
133957_1767703200,0,105.55,101.0
133957_1767703500,0,136.319,161.0
133957_1767703800,0,66.649,40.0
133957_1767704100,0,125.413,139.0
122048_1767704400,0,6.547,0.0
135081_1767704400,0,29.455,11.0
129964_1767704400,0,-20.579,-106.0
122048_1767704700,0,-6.466,0.0
129964_1767704700,0,6.762,-150.0
122048_1767705000,0,7.699,0.0
129964_1767705000,0,-46.68,-165.0
122048_1767705300,0,7.956,0.0
129964_1767705300,0,-13.598,-95.0
129964_1767705600,0,-71.655,11.0
122048_1767705600,0,6.996,0.0
122613_1767705900,0,-52.879,0.0
129964_1767705900,0,-151.083,-32.0
122048_1767705900,0,0.921,0.0
135081_1767705900,0,6.392,79.0
129964_1767706200,0,-79.913,-50.0
134040_1767706200,0,117.336,123.0
134040_1767706500,0,91.619,172.0
129964_1767706500,0,0.769,-51.0
129964_1767706800,0,-35.293,-34.0
134040_1767706800,0,137.292,317.0
134040_1767707100,0,115.805,231.0
129964_1767707100,0,-45.403,25.0
134040_1767707400,0,159.813,234.0
129964_1767707400,0,-55.469,-62.0
134040_1767707700,0,144.367,200.0
129964_1767707700,0,21.478,5.0
135081_1767709800,0,2.844,-84.0
135081_1767710100,0,4.451,-126.0
135081_1767710400,0,-15.113,-128.0
135081_1767710700,0,-20.567,-145.0
135081_1767711000,0,-21.578,-175.0
135081_1767711300,0,-36.981,-168.0
133300_1767712200,0,42.801,-35.0
133300_1767712500,0,66.192,-35.0
130238_1767712500,0,41.149,10.0
130238_1767712800,0,72.445,-40.0
133300_1767712800,0,84.45,36.0
130238_1767713100,0,88.219,-124.0
133300_1767713100,0,66.371,-9.0
133957_1767713400,0,-23.975,75.0
122048_1767713400,0,-46.2,0.0
133957_1767713700,0,25.077,-11.0
122048_1767713700,0,-8.666,0.0
122048_1767714000,0,-41.601,0.0
122048_1767714300,0,22.336,0.0
122048_1767714600,0,6.104,0.0
122048_1767714900,0,7.182,0.0
130238_1767715200,0,-38.627,-97.0
133957_1767716400,0,54.225,115.0
130238_1767716400,0,42.443,98.0
133957_1767716700,0,67.872,104.0
130238_1767716700,0,32.947,9.0
122658_1767717000,0,33.608,0.0
135081_1767717000,0,107.594,92.0
135081_1767717300,0,97.598,-22.0
135081_1767717600,0,120.437,-133.0
122658_1767717600,0,42.466,-46.0
135081_1767717900,0,28.11,-127.0
122658_1767717900,0,67.633,38.0
122658_1767718200,0,74.419,39.0
135081_1767718200,0,-110.517,-51.0
122658_1767718500,0,104.598,63.0
135081_1767718500,0,-94.284,-77.0
129964_1767718800,0,77.677,39.0
129964_1767719100,0,-1.31,-44.0
129964_1767719400,0,-37.887,-130.0
129964_1767719700,0,18.677,-135.0
129964_1767720000,0,-37.481,-14.0
129964_1767720300,0,-49.343,-105.0
122048_1767720600,0,19.348,-32.0
122658_1767720600,0,48.741,0.0
122048_1767720900,0,-115.772,-32.0
122658_1767720900,0,15.406,0.0
122048_1767721200,0,67.455,-108.0
122658_1767721200,0,16.563,0.0
122048_1767721500,0,-18.563,-141.0
122048_1767721800,0,-66.187,-174.0
122048_1767722100,0,-122.806,-157.0
133300_1767722400,0,85.046,310.0
122048_1767722400,0,-168.527,-146.0
133300_1767722700,0,181.384,406.0
122048_1767722700,0,-108.165,-104.0
133300_1767723000,0,251.406,580.0
122048_1767723000,0,-137.352,-70.0
122048_1767723300,0,-79.947,48.0
122048_1767723600,0,-56.931,66.0
133300_1767723600,0,155.163,-5.0
122048_1767723900,0,44.003,50.0
132430_1767724200,0,220.27,309.0
134040_1767724200,0,271.578,465.0
134040_1767724500,0,278.959,409.0
132430_1767724500,0,260.537,299.0
132430_1767724800,0,137.59,45.0
132430_1767725100,0,168.726,45.0
132430_1767725400,0,125.585,-1.0
132430_1767725700,0,23.6,27.0
122048_1767728700,0,-23.393,-348.0
122048_1767729000,0,8.02,-142.0
122048_1767729300,0,27.53,36.0
135081_1767733200,0,113.892,40.0
122048_1767733200,0,16.645,0.0
122048_1767733500,0,19.795,0.0
135081_1767733500,0,165.517,44.0
135081_1767733800,0,105.306,51.0
122048_1767733800,0,21.48,0.0
135081_1767734100,0,9.308,-16.0
122048_1767734100,0,11.977,0.0
135081_1767734400,0,84.599,-59.0
122048_1767734400,0,8.847,0.0
135081_1767734700,0,60.679,-170.0
122048_1767734700,0,21.141,0.0
134040_1767668400,0,69.859,71.0
134040_1767668700,0,111.149,136.0
134040_1767669000,0,71.266,119.0
134040_1767669300,0,132.567,151.0
134040_1767669600,0,100.582,128.0
134040_1767669900,0,130.527,158.0
131672_1767677400,0,68.669,86.0
133300_1767679200,0,-1.702,65.0
133300_1767679800,0,-10.206,-49.0
133300_1767680100,0,2.801,-49.0
133300_1767680400,0,37.126,-42.0
133300_1767680700,0,44.84,26.0
134040_1767682800,0,-12.104,72.0
134040_1767683100,0,84.923,131.0
134040_1767683400,0,35.412,29.0
134040_1767683700,0,88.288,-62.0
134040_1767684000,0,64.833,48.0
134040_1767684300,0,-4.457,86.0
133957_1767684600,0,54.444,22.0
133957_1767684900,0,22.849,-55.0
133957_1767685200,0,-8.053,-36.0
133957_1767685500,0,-95.356,-95.0
133957_1767685800,0,-69.877,7.0
133957_1767686100,0,-91.948,-55.0
122613_1767691800,0,47.694,69.0
122613_1767692100,0,78.218,-16.0
122613_1767692400,0,40.705,-87.0
122613_1767692700,0,-66.119,-160.0
122613_1767693000,0,-36.344,-147.0
122613_1767693300,0,-106.519,-146.0
133300_1767695400,0,36.476,33.0
133300_1767695700,0,51.926,50.0
133300_1767696000,0,9.804,197.0
133300_1767696600,0,-30.659,-52.0
133300_1767696900,0,50.836,-52.0
122658_1767697200,0,179.795,352.0
122658_1767697500,0,134.631,0.0
122658_1767697800,0,103.987,0.0
122658_1767698100,0,127.364,0.0
122658_1767698400,0,-4.504,0.0
122658_1767698700,0,-15.173,0.0
131672_1767704400,0,50.689,94.0
131672_1767704700,0,1.691,13.0
131672_1767705000,0,-22.992,7.0
131672_1767705300,0,-50.757,-23.0
131672_1767705600,0,-31.596,24.0
131672_1767705900,0,-1.871,9.0
133957_1767710100,0,-5.483,102.0
133957_1767710400,0,44.727,98.0
133957_1767710700,0,82.649,157.0
133957_1767711000,0,94.165,144.0
133957_1767711300,0,108.1,104.0
122613_1767711600,0,22.857,0.0
122613_1767711900,0,21.932,0.0
122613_1767712500,0,-50.507,0.0
122613_1767712800,0,-42.729,0.0
122613_1767713100,0,-31.906,0.0
135081_1767729600,0,-10.268,24.0
135081_1767729900,0,-10.517,206.0
135081_1767730200,0,69.67,197.0
135081_1767730500,0,210.67,234.0
133957_1767666600,0,45.614,-32.0
133957_1767666900,0,50.729,-32.0
133957_1767667200,0,66.387,17.0
133957_1767667500,0,70.218,-66.0
133957_1767667800,0,79.262,-74.0
133957_1767668100,0,32.471,-61.0
132430_1767668400,0,97.386,22.0
132430_1767668700,0,69.553,74.0
132430_1767669000,0,40.968,1.0
132430_1767669300,0,98.714,4.0
132430_1767669600,0,24.489,84.0
132430_1767669900,0,0.036,58.0
129964_1767670200,0,43.717,74.0
122048_1767670200,0,-14.002,0.0
122048_1767670500,0,-5.611,0.0
129964_1767670500,0,-7.816,61.0
132430_1767670500,0,-23.527,215.0
129964_1767670800,0,56.274,-16.0
122048_1767670800,0,12.738,0.0
132430_1767670800,0,-1.71,162.0
129964_1767671100,0,47.814,-55.0
132430_1767671100,0,55.641,137.0
122048_1767671100,0,3.847,0.0
122048_1767671400,0,3.141,0.0
129964_1767671400,0,6.104,22.0
132430_1767671400,0,178.266,244.0
132430_1767671700,0,127.73,324.0
122048_1767671700,0,16.727,0.0
129964_1767671700,0,-12.545,-50.0
122048_1767672300,0,29.67,66.0
122048_1767672600,0,30.354,66.0
122048_1767672900,0,39.696,170.0
122048_1767673200,0,120.58,41.0
122048_1767673500,0,106.667,25.0
122048_1767675600,0,-14.347,-68.0
122048_1767675900,0,-57.386,-86.0
122048_1767676200,0,-87.651,25.0
122048_1767676500,0,-58.583,-41.0
122048_1767676800,0,8.494,-163.0
122048_1767677100,0,35.072,-177.0
132430_1767679800,0,28.899,73.0
132430_1767680100,0,37.342,73.0
132430_1767680400,0,29.17,-15.0
132430_1767680700,0,79.823,-42.0
134040_1767681000,0,-4.959,-111.0
134040_1767681300,0,-40.796,-75.0
134040_1767681600,0,-0.9,1.0
134040_1767681900,0,-6.005,-38.0
134040_1767682200,0,35.449,-71.0
134040_1767682500,0,33.974,46.0
130238_1767684300,0,35.158,16.0
129964_1767684600,0,20.725,-29.0
132430_1767684600,0,119.301,215.0
129964_1767684900,0,41.519,-70.0
132430_1767684900,0,137.958,183.0
129964_1767685200,0,79.73,-34.0
129964_1767685500,0,-31.088,-4.0
132430_1767685500,0,-5.896,167.0
132430_1767685800,0,6.387,64.0
129964_1767685800,0,29.131,17.0
132430_1767686100,0,51.258,53.0
129964_1767686100,0,-3.221,162.0
132430_1767686400,0,62.842,30.0
132430_1767686700,0,37.888,53.0
132430_1767687000,0,33.025,42.0
132430_1767687300,0,53.019,-108.0
132430_1767687600,0,4.284,-132.0
132430_1767687900,0,-18.845,-101.0
122658_1767688200,0,47.872,137.0
122048_1767688200,0,20.139,68.0
122048_1767688500,0,88.736,49.0
122658_1767688500,0,28.544,-33.0
122048_1767688800,0,81.272,76.0
122658_1767688800,0,97.514,-34.0
122658_1767689100,0,-54.714,-34.0
122048_1767689100,0,38.96,94.0
122658_1767689400,0,-0.064,-34.0
122048_1767689400,0,83.372,121.0
122658_1767689700,0,-31.03,-34.0
122048_1767689700,0,56.226,116.0
122658_1767690000,0,-19.155,-34.0
130238_1767690000,0,7.908,40.0
130238_1767690300,0,74.828,49.0
122658_1767690300,0,5.484,-34.0
130238_1767690600,0,48.407,57.0
122658_1767690600,0,-21.538,-34.0
122658_1767690900,0,-88.799,-34.0
130238_1767691200,0,-22.898,0.0
130238_1767691500,0,-41.096,0.0
133957_1767691800,0,52.246,48.0
129964_1767691800,0,26.544,42.0
130238_1767691800,0,-42.242,0.0
130238_1767692100,0,41.013,0.0
133957_1767692100,0,68.711,50.0
129964_1767692100,0,52.657,16.0
129964_1767692400,0,69.427,106.0
130238_1767692400,0,28.6,0.0
133957_1767692400,0,74.427,223.0
130238_1767692700,0,24.942,0.0
133957_1767692700,0,46.998,191.0
130238_1767693000,0,-9.577,0.0
133957_1767693000,0,145.843,80.0
130238_1767693300,0,27.926,0.0
133957_1767693300,0,114.557,23.0
129964_1767695400,0,25.851,-51.0
129964_1767695700,0,50.486,-51.0
129964_1767696000,0,82.322,-11.0
129964_1767696300,0,74.59,73.0
129964_1767696600,0,92.516,111.0
129964_1767696900,0,119.853,140.0
132430_1767697200,0,147.105,17.0
132430_1767697500,0,96.921,86.0
132430_1767697800,0,29.834,70.0
132430_1767698100,0,40.401,49.0
132430_1767698400,0,64.949,49.0
129964_1767699000,0,10.916,80.0
122613_1767699000,0,38.704,0.0
131672_1767699000,0,122.562,4.0
122613_1767699300,0,21.837,0.0
129964_1767699300,0,-22.572,49.0
131672_1767699300,0,33.605,40.0
131672_1767699600,0,23.807,-28.0
122613_1767699600,0,-44.815,-145.0
129964_1767699900,0,25.061,-53.0
131672_1767699900,0,-83.547,-29.0
122613_1767699900,0,-21.746,-230.0
131672_1767700200,0,-63.443,-23.0
129964_1767700200,0,52.255,-73.0
122613_1767700200,0,-15.648,-116.0
129964_1767700500,0,93.81,90.0
131672_1767700500,0,-24.337,-47.0
122613_1767700500,0,-180.739,-79.0
122613_1767700800,0,-87.356,-50.0
122613_1767701100,0,-87.274,-155.0
122613_1767701400,0,-79.292,-175.0
122613_1767701700,0,-51.686,-47.0
122613_1767702000,0,-121.456,-61.0
122613_1767702300,0,-30.274,66.0
132430_1767702600,0,155.171,-64.0
135081_1767702600,0,-23.205,-131.0
135081_1767702900,0,1.299,-144.0
132430_1767702900,0,47.309,-181.0
132430_1767703200,0,-8.428,-100.0
135081_1767703200,0,-42.869,-171.0
132430_1767703500,0,-95.686,-75.0
135081_1767703500,0,-94.878,-72.0
132430_1767703800,0,-98.066,-58.0
135081_1767703800,0,-88.936,-16.0
132430_1767704100,0,-82.708,-74.0
135081_1767704100,0,-38.972,-27.0
134040_1767704400,0,87.661,91.0
134040_1767704700,0,102.899,-7.0
134040_1767705000,0,68.786,47.0
134040_1767705300,0,3.159,84.0
134040_1767705600,0,38.462,113.0
134040_1767705900,0,107.456,37.0
132430_1767706200,0,20.085,196.0
132430_1767706500,0,72.953,103.0
132430_1767706800,0,93.41,53.0
132430_1767707100,0,125.483,78.0
132430_1767707400,0,91.166,39.0
132430_1767707700,0,139.227,58.0
129964_1767708000,0,-22.411,-6.0
129964_1767708600,0,15.279,-114.0
129964_1767708900,0,47.436,-106.0
129964_1767709200,0,28.401,-77.0
129964_1767709500,0,-132.788,-93.0
122613_1767709800,0,-16.661,0.0
129964_1767709800,0,-7.229,-69.0
122613_1767710100,0,-28.649,0.0
129964_1767710100,0,-76.592,-42.0
122613_1767710400,0,-18.507,0.0
129964_1767710400,0,-103.796,-145.0
122613_1767710700,0,0.737,0.0
129964_1767710700,0,-58.555,-127.0
129964_1767711000,0,-73.187,-207.0
122613_1767711000,0,-12.3,0.0
129964_1767711300,0,-81.135,-66.0
122613_1767711300,0,10.379,0.0
132430_1767711600,0,-7.21,171.0
132430_1767711900,0,44.971,384.0
132430_1767712200,0,120.839,291.0
132430_1767712500,0,214.809,226.0
132430_1767712800,0,261.983,258.0
132430_1767713100,0,253.545,199.0
133300_1767715200,0,42.648,22.0
129964_1767715200,0,1.846,-134.0
129964_1767715500,0,-49.203,-115.0
133300_1767715500,0,94.157,-24.0
133300_1767715800,0,47.346,-87.0
129964_1767715800,0,-103.523,-2.0
133300_1767716100,0,-16.477,-38.0
129964_1767716100,0,-127.957,-46.0
133300_1767716400,0,56.901,207.0
129964_1767716400,0,-10.998,-13.0
129964_1767716700,0,-22.519,303.0
122613_1767717000,0,-48.459,-62.0
122613_1767717300,0,-9.134,-54.0
122613_1767717600,0,-13.172,-11.0
122613_1767717900,0,-65.1,55.0
122613_1767718200,0,35.119,72.0
122613_1767718500,0,32.765,72.0
129964_1767720600,0,-37.484,-10.0
133957_1767720900,0,39.772,67.0
129964_1767720900,0,-31.876,49.0
133957_1767721200,0,28.962,28.0
133957_1767721500,0,-5.576,83.0
133957_1767721800,0,30.374,-28.0
133957_1767722100,0,51.603,-73.0
134040_1767722400,0,105.726,107.0
134040_1767722700,0,121.062,295.0
134040_1767723000,0,169.642,407.0
134040_1767723300,0,194.001,342.0
134040_1767723600,0,311.078,401.0
134040_1767723900,0,257.726,487.0
133957_1767729600,0,132.692,141.0
122048_1767729600,0,-104.51,41.0
132430_1767729600,0,37.245,21.0
122048_1767729900,0,50.608,93.0
133957_1767729900,0,220.676,126.0
132430_1767729900,0,-17.187,177.0
122048_1767730200,0,50.982,99.0
133957_1767730200,0,182.052,83.0
132430_1767730200,0,-20.319,173.0
133957_1767730500,0,185.267,53.0
122048_1767730500,0,51.071,-3.0
132430_1767730500,0,37.09,146.0
122048_1767730800,0,60.198,25.0
133957_1767730800,0,55.382,38.0
132430_1767730800,0,181.066,234.0
133957_1767731100,0,27.567,59.0
122048_1767731100,0,16.0,4.0
132430_1767731100,0,148.06,277.0
133957_1767731400,0,16.928,46.0
130072_1767731400,0,119.957,49.0
133957_1767731700,0,92.96,116.0
130072_1767731700,0,6.51,78.0
130072_1767732000,0,48.398,158.0
133957_1767732000,0,37.57,129.0
130072_1767732300,0,41.678,161.0
133957_1767732600,0,52.774,39.0
130072_1767732600,0,204.054,226.0
133957_1767732900,0,74.182,-49.0
130072_1767732900,0,167.611,187.0
130072_1767733200,0,106.297,125.0
133957_1767733200,0,66.496,59.0
130072_1767733500,0,101.484,125.0
133957_1767733500,0,-7.397,28.0
130072_1767733800,0,71.199,168.0
133957_1767733800,0,19.049,15.0
133957_1767734100,0,38.405,45.0
130072_1767734100,0,63.114,195.0
133957_1767734400,0,-20.232,7.0
130072_1767734400,0,27.849,163.0
130072_1767734700,0,52.948,0.0
133957_1767734700,0,40.132,65.0
134040_1767736800,0,4.83,0.0
134040_1767737100,0,4.166,0.0
134040_1767737400,0,9.893,0.0
134040_1767737700,0,8.784,0.0
134040_1767738000,0,10.431,0.0
134040_1767738300,0,6.469,0.0
132430_1767740400,0,91.419,151.0
132430_1767740700,0,65.244,124.0
132430_1767741000,0,197.397,60.0
132430_1767741300,0,90.847,85.0
132430_1767741600,0,88.955,189.0
132430_1767741900,0,43.914,160.0
129964_1767665100,0,42.856,-45.0
129964_1767665400,0,56.294,-37.0
129964_1767665700,0,78.06,-63.0
129964_1767666000,0,51.155,-113.0
129964_1767666300,0,24.98,-3.0
134040_1767673800,0,114.928,332.0
134040_1767674100,0,138.206,369.0
134040_1767674400,0,236.857,362.0
134040_1767674700,0,267.294,317.0
134040_1767675000,0,232.702,253.0
134040_1767675300,0,105.265,100.0
122048_1767679200,0,145.592,154.0
122048_1767679500,0,147.322,55.0
122048_1767679800,0,112.839,59.0
133957_1767688200,0,121.224,173.0
133957_1767688500,0,47.069,190.0
133957_1767688800,0,135.928,103.0
133957_1767689100,0,120.545,-9.0
133957_1767689400,0,28.402,-23.0
133957_1767689700,0,48.202,-32.0
122658_1767695700,0,38.993,9.0
122658_1767696000,0,48.392,100.0
122658_1767696300,0,65.54,271.0
122658_1767696600,0,106.975,376.0
122658_1767696900,0,148.316,318.0
122658_1767699000,0,-20.972,0.0
122658_1767699300,0,-3.367,0.0
122658_1767699600,0,10.496,0.0
122658_1767699900,0,28.213,72.0
122658_1767700200,0,-2.74,183.0
122658_1767700500,0,72.51,192.0
122048_1767708000,0,-1.006,0.0
122048_1767708300,0,17.717,0.0
122048_1767709500,0,5.524,-276.0
135081_1767715200,0,51.248,100.0
135081_1767715500,0,93.216,74.0
135081_1767715800,0,109.815,82.0
135081_1767716100,0,182.893,47.0
135081_1767716400,0,74.078,118.0
135081_1767716700,0,74.679,137.0
133300_1767717000,0,-11.692,-12.0
133300_1767717300,0,11.734,-28.0
133300_1767717600,0,52.84,-46.0
133300_1767717900,0,82.125,25.0
133300_1767718200,0,97.053,26.0
133300_1767718500,0,61.342,129.0
134040_1767731400,0,189.528,214.0
134040_1767731700,0,189.442,152.0
134040_1767732000,0,183.53,152.0
134040_1767732300,0,157.008,181.0
134040_1767732600,0,121.772,230.0
134040_1767732900,0,167.363,315.0
134494_1767740400,0,-6.081,0.0
134494_1767740700,0,-2.544,0.0
134494_1767741000,0,-1.21,0.0
134494_1767741300,0,-1.495,0.0
134494_1767741600,0,-1.286,0.0
134494_1767741900,0,-3.959,0.0
133957_1767670200,1,97.286,133.0
134040_1767670200,1,127.372,110.0
133957_1767670500,1,51.688,55.0
134040_1767670500,1,103.04,129.0
133957_1767670800,1,87.354,-10.0
134040_1767670800,1,89.705,132.0
134040_1767671100,1,133.753,60.0
133957_1767671100,1,-38.019,-86.0
134040_1767671400,1,126.202,43.0
133957_1767671400,1,-40.733,-86.0
133957_1767671700,1,-51.868,-40.0
134040_1767671700,1,92.045,-29.0
130238_1767673800,1,112.614,10.0
130238_1767674100,1,84.982,131.0
130238_1767674400,1,5.265,168.0
130238_1767674700,1,105.34,240.0
130238_1767675000,1,145.659,233.0
133300_1767675600,1,56.706,180.0
133300_1767675900,1,122.456,135.0
133300_1767676200,1,224.086,170.0
133300_1767676500,1,144.086,169.0
133300_1767676800,1,130.807,289.0
130238_1767679500,1,-69.011,0.0
130238_1767679800,1,-64.344,0.0
132430_1767679800,1,27.765,73.0
132430_1767680100,1,55.405,73.0
130238_1767680100,1,-59.724,0.0
130238_1767680400,1,-2.498,0.0
132430_1767680400,1,55.083,-15.0
132430_1767680700,1,82.204,-42.0
130238_1767680700,1,-1.276,0.0
129964_1767681000,1,108.99,7.0
129964_1767681300,1,20.245,47.0
129964_1767681600,1,38.158,39.0
131672_1767681900,1,37.304,37.0
129964_1767681900,1,-8.08,148.0
131672_1767682200,1,72.313,13.0
129964_1767682200,1,19.335,188.0
129964_1767682500,1,18.963,84.0
131672_1767682500,1,91.357,16.0
132430_1767682800,1,40.916,267.0
122658_1767682800,1,7.92,0.0
129964_1767682800,1,115.56,70.0
132430_1767683100,1,10.289,408.0
129964_1767683100,1,102.338,154.0
122658_1767683100,1,2.358,0.0
129964_1767683400,1,47.026,81.0
122658_1767683400,1,14.443,-11.0
132430_1767683400,1,229.982,270.0
129964_1767683700,1,140.22,145.0
122658_1767683700,1,33.57,96.0
132430_1767683700,1,258.333,163.0
122658_1767684000,1,63.157,58.0
129964_1767684000,1,78.151,134.0
132430_1767684000,1,175.68,246.0
122658_1767684300,1,39.079,118.0
132430_1767684300,1,123.949,230.0
130238_1767684300,1,22.668,16.0
122658_1767684600,1,86.319,97.0
132430_1767684600,1,124.839,215.0
132430_1767684900,1,133.128,183.0
122658_1767684900,1,115.307,97.0
122658_1767685200,1,-46.697,0.0
132430_1767685500,1,-23.244,167.0
122658_1767685500,1,-6.089,0.0
132430_1767685800,1,4.842,64.0
122658_1767685800,1,-38.285,0.0
132430_1767686100,1,56.42,53.0
122658_1767686100,1,-5.424,0.0
132430_1767686400,1,92.871,30.0
132430_1767686700,1,57.071,53.0
132430_1767687000,1,35.529,42.0
132430_1767687300,1,63.348,-108.0
132430_1767687600,1,25.592,-132.0
132430_1767687900,1,-12.26,-101.0
130238_1767688200,1,48.771,27.0
130238_1767688500,1,69.911,-8.0
130238_1767688800,1,83.939,-92.0
130238_1767689100,1,34.982,-120.0
130238_1767689400,1,-44.44,37.0
130238_1767689700,1,-51.16,57.0
134040_1767690000,1,40.953,159.0
131672_1767690000,1,-70.664,-208.0
134040_1767690300,1,36.915,-28.0
131672_1767690300,1,-104.885,-157.0
131672_1767690600,1,-158.234,-39.0
131672_1767690900,1,-117.575,-68.0
131672_1767691200,1,-30.562,-65.0
131672_1767691500,1,-4.388,-10.0
133957_1767691800,1,45.704,48.0
130238_1767691800,1,-51.377,0.0
130238_1767692100,1,11.819,0.0
133957_1767692100,1,66.393,50.0
130238_1767692400,1,11.063,0.0
133957_1767692400,1,81.108,223.0
130238_1767692700,1,7.211,0.0
133957_1767692700,1,63.149,191.0
130238_1767693000,1,-7.987,0.0
133957_1767693000,1,160.461,80.0
130238_1767693300,1,-5.883,0.0
133957_1767693300,1,93.225,23.0
132430_1767693600,1,-9.246,132.0
132430_1767693900,1,5.643,33.0
132430_1767694200,1,100.836,90.0
132430_1767694500,1,104.625,144.0
132430_1767694800,1,64.586,233.0
132430_1767695100,1,111.168,116.0
132430_1767697200,1,167.592,17.0
133300_1767697200,1,39.39,49.0
132430_1767697500,1,91.456,86.0
133300_1767697500,1,-8.882,77.0
132430_1767697800,1,39.929,70.0
133300_1767697800,1,21.673,65.0
133300_1767698100,1,42.763,151.0
132430_1767698100,1,49.855,49.0
132430_1767698400,1,70.24,49.0
133300_1767698400,1,53.038,225.0
132430_1767702600,1,133.603,-64.0
135081_1767702600,1,-20.334,-131.0
135081_1767702900,1,-4.399,-144.0
132430_1767702900,1,52.707,-181.0
131672_1767703200,1,23.882,17.0
132430_1767703200,1,-3.745,-100.0
135081_1767703200,1,-29.809,-171.0
132430_1767703500,1,-70.817,-75.0
131672_1767703500,1,28.887,76.0
135081_1767703500,1,-87.459,-72.0
132430_1767703800,1,-91.45,-58.0
135081_1767703800,1,-102.781,-16.0
131672_1767703800,1,66.054,53.0
131672_1767704100,1,47.73,192.0
132430_1767704100,1,-79.603,-74.0
135081_1767704100,1,-49.5,-27.0
122048_1767704400,1,-4.984,0.0
122048_1767704700,1,-13.671,0.0
122048_1767705000,1,2.253,0.0
122048_1767705300,1,3.435,0.0
122048_1767705600,1,5.365,0.0
122048_1767705900,1,4.643,0.0
134040_1767706200,1,97.107,123.0
134040_1767706500,1,63.658,172.0
134040_1767706800,1,99.15,317.0
134040_1767707100,1,119.548,231.0
134040_1767707400,1,179.184,234.0
134040_1767707700,1,171.619,200.0
133957_1767708000,1,114.896,253.0
132430_1767708000,1,124.112,192.0
135081_1767708000,1,181.743,19.0
133957_1767708300,1,167.806,180.0
132430_1767708300,1,75.957,68.0
135081_1767708300,1,93.527,-36.0
135081_1767708600,1,12.88,-19.0
132430_1767708600,1,75.864,-7.0
133957_1767708600,1,174.813,238.0
132430_1767708900,1,90.946,115.0
135081_1767708900,1,-12.772,-17.0
133957_1767708900,1,189.313,170.0
132430_1767709200,1,51.103,98.0
135081_1767709200,1,-77.681,-17.0
133957_1767709200,1,176.994,81.0
132430_1767709500,1,82.9,158.0
135081_1767709500,1,-58.942,-102.0
134040_1767711600,1,157.223,199.0
134040_1767711900,1,187.441,181.0
134040_1767712200,1,178.248,202.0
134040_1767712500,1,140.622,199.0
134040_1767712800,1,139.911,183.0
134040_1767713100,1,185.381,91.0
133957_1767713400,1,-40.518,75.0
129964_1767713400,1,77.882,-129.0
129964_1767713700,1,-23.063,-33.0
133957_1767713700,1,21.522,-11.0
129964_1767714000,1,-30.489,25.0
129964_1767714300,1,58.492,8.0
129964_1767714600,1,3.426,-49.0
129964_1767714900,1,17.6,-82.0
122048_1767715200,1,3.741,0.0
122048_1767715500,1,5.69,0.0
122048_1767715800,1,2.896,0.0
122048_1767716100,1,4.056,0.0
122048_1767716400,1,10.579,0.0
122048_1767716700,1,12.7,0.0
135081_1767717000,1,81.471,92.0
135081_1767717300,1,83.627,-22.0
135081_1767717600,1,107.017,-133.0
135081_1767717900,1,19.736,-127.0
135081_1767718200,1,-105.499,-51.0
135081_1767718500,1,-84.992,-77.0
130238_1767718800,1,-8.069,-85.0
122658_1767718800,1,-2.117,107.0
130238_1767719100,1,40.262,99.0
122658_1767719100,1,81.019,88.0
122658_1767719400,1,36.642,0.0
130238_1767719400,1,4.116,160.0
122658_1767719700,1,17.242,0.0
130238_1767719700,1,28.912,134.0
122048_1767720000,1,-22.343,-336.0
130238_1767720000,1,149.684,35.0
122658_1767720000,1,-5.359,0.0
122048_1767720300,1,-3.976,-130.0
130238_1767720300,1,85.622,41.0
122658_1767720300,1,14.639,0.0
122048_1767722400,1,-162.118,-146.0
122048_1767722700,1,-111.926,-104.0
122048_1767723000,1,-114.763,-70.0
122048_1767723300,1,-81.036,48.0
122048_1767723600,1,-48.651,66.0
122048_1767723900,1,43.161,50.0
131672_1767724200,1,224.424,368.0
131672_1767724500,1,281.197,365.0
132430_1767733200,1,287.01,153.0
132430_1767733500,1,221.349,168.0
132430_1767733800,1,163.788,179.0
132430_1767734100,1,189.502,96.0
134494_1767738600,1,-36.251,0.0
134494_1767738900,1,2.72,0.0
134494_1767739200,1,-0.639,0.0
134494_1767739500,1,-0.541,0.0
134494_1767739800,1,-2.847,0.0
134494_1767740100,1,-5.759,0.0
132430_1767742200,1,132.729,74.0
132430_1767743400,1,29.228,91.0
132430_1767743700,1,80.951,154.0
129964_1767665100,1,40.579,-45.0
129964_1767665400,1,58.76,-37.0
129964_1767665700,1,77.346,-63.0
129964_1767666000,1,11.968,-113.0
129964_1767666300,1,17.607,-3.0
129964_1767668400,1,2.211,-26.0
131672_1767668400,1,196.324,220.0
131672_1767668700,1,167.886,407.0
129964_1767669000,1,-51.2,-51.0
131672_1767669000,1,129.126,408.0
129964_1767669300,1,-21.512,-40.0
131672_1767669300,1,241.963,322.0
131672_1767669600,1,271.462,294.0
129964_1767669600,1,69.321,-21.0
129964_1767669900,1,16.797,10.0
122048_1767679200,1,143.233,154.0
122048_1767679500,1,159.109,55.0
122048_1767679800,1,113.311,59.0
135081_1767679800,1,29.841,6.0
135081_1767680100,1,51.948,42.0
135081_1767680400,1,68.859,-2.0
135081_1767680700,1,69.607,-23.0
135081_1767682800,1,-52.002,-127.0
135081_1767683100,1,-128.857,-186.0
135081_1767683400,1,-141.594,-182.0
135081_1767683700,1,-47.617,-134.0
135081_1767684000,1,-91.149,-142.0
135081_1767684300,1,-38.238,-79.0
134040_1767686400,1,132.45,43.0
134040_1767686700,1,111.648,6.0
134040_1767687000,1,36.636,24.0
134040_1767687300,1,34.016,37.0
134040_1767687600,1,92.58,113.0
134040_1767687900,1,35.525,149.0
133300_1767691800,1,-29.807,-58.0
133300_1767692100,1,-17.947,-58.0
133300_1767692400,1,-9.344,-31.0
133300_1767692700,1,17.494,-41.0
133300_1767693000,1,-4.298,-24.0
133300_1767693300,1,-28.466,47.0
122658_1767699000,1,-17.98,0.0
122658_1767699300,1,-3.037,0.0
122658_1767699600,1,10.53,0.0
122658_1767699900,1,24.809,72.0
122658_1767700200,1,13.597,183.0
122658_1767700500,1,53.814,192.0
129964_1767700800,1,-19.088,77.0
132430_1767700800,1,-61.62,-169.0
132430_1767701100,1,0.265,-262.0
129964_1767701100,1,76.552,80.0
129964_1767701400,1,72.245,61.0
132430_1767701400,1,-6.871,-258.0
129964_1767701700,1,2.942,-43.0
132430_1767701700,1,-121.849,84.0
129964_1767702000,1,-10.425,-38.0
132430_1767702000,1,-103.208,87.0
132430_1767702300,1,69.704,90.0
129964_1767702300,1,5.076,-108.0
134040_1767708000,1,128.411,60.0
134040_1767708300,1,105.604,25.0
134040_1767708600,1,13.029,61.0
134040_1767708900,1,-29.379,61.0
134040_1767709200,1,-15.794,81.0
134040_1767709500,1,2.525,56.0
122613_1767711600,1,13.484,0.0
122613_1767711900,1,10.405,0.0
122613_1767712500,1,-55.732,0.0
122613_1767712800,1,-52.542,0.0
122613_1767713100,1,-43.72,0.0
133300_1767720600,1,31.703,99.0
133300_1767720900,1,51.707,154.0
133300_1767721200,1,59.235,113.0
133300_1767721500,1,17.924,-28.0
133300_1767721800,1,15.196,-28.0
133300_1767722100,1,66.714,193.0
135081_1767724500,1,26.827,112.0
135081_1767724800,1,78.534,246.0
135081_1767725100,1,100.043,166.0
135081_1767725400,1,216.75,241.0
135081_1767725700,1,196.504,313.0
135081_1767727800,1,-29.074,-58.0
135081_1767728100,1,-2.437,58.0
135081_1767728400,1,15.242,40.0
135081_1767728700,1,68.558,-16.0
135081_1767729000,1,43.155,-62.0
135081_1767729300,1,32.699,-45.0
135081_1767735000,1,-8.093,-184.0
135081_1767735300,1,-92.886,-69.0
135081_1767735600,1,-141.055,-88.0
135081_1767735900,1,-41.699,-130.0
135081_1767736200,1,-18.444,-161.0
135081_1767736500,1,-81.347,-191.0
122048_1767665400,1,-31.093,-25.0
122048_1767665700,1,-3.275,0.0
122048_1767666000,1,18.495,0.0
122048_1767666300,1,19.079,0.0
122048_1767666600,1,-80.139,0.0
122048_1767666900,1,-53.976,0.0
122048_1767667200,1,-74.706,0.0
122048_1767667500,1,-52.833,0.0
122048_1767667800,1,-72.293,0.0
134040_1767667800,1,31.036,20.0
122048_1767668100,1,-31.622,0.0
134040_1767668100,1,58.491,93.0
135081_1767670200,1,25.635,14.0
135081_1767670500,1,53.834,63.0
135081_1767670800,1,76.827,54.0
135081_1767671100,1,85.358,45.0
135081_1767671400,1,83.57,84.0
135081_1767671700,1,43.828,104.0
129964_1767672000,1,65.886,-7.0
122048_1767672300,1,8.148,66.0
129964_1767672300,1,-27.267,-9.0
122048_1767672600,1,20.561,66.0
122048_1767672900,1,35.781,170.0
130238_1767672900,1,8.998,-23.0
129964_1767672900,1,3.228,-29.0
129964_1767673200,1,66.805,-57.0
130238_1767673200,1,54.2,39.0
122048_1767673200,1,111.08,41.0
129964_1767673500,1,78.836,19.0
122048_1767673500,1,116.597,25.0
130238_1767673500,1,72.799,26.0
122048_1767675600,1,-14.666,-68.0
129964_1767675600,1,23.735,46.0
122048_1767675900,1,-36.793,-86.0
129964_1767675900,1,75.988,20.0
129964_1767676200,1,92.334,91.0
122048_1767676200,1,-53.57,25.0
122048_1767676500,1,-52.128,-41.0
122048_1767676800,1,49.454,-163.0
122048_1767677100,1,44.011,-177.0
133957_1767677400,1,29.564,-91.0
133957_1767679500,1,22.922,49.0
133957_1767679800,1,40.151,71.0
133957_1767680100,1,77.292,111.0
133957_1767680400,1,58.173,18.0
129964_1767680400,1,22.843,-51.0
133957_1767680700,1,88.272,39.0
129964_1767680700,1,46.782,-106.0
129964_1767684600,1,28.571,-29.0
122048_1767684600,1,230.298,350.0
122048_1767684900,1,214.959,304.0
129964_1767684900,1,61.694,-70.0
122048_1767685200,1,247.693,183.0
129964_1767685200,1,89.977,-34.0
122048_1767685500,1,106.559,141.0
129964_1767685500,1,-28.734,-4.0
129964_1767685800,1,39.829,17.0
122048_1767685800,1,63.158,45.0
122048_1767686100,1,72.09,-35.0
129964_1767686100,1,-0.752,162.0
129964_1767686400,1,-57.449,97.0
129964_1767686700,1,-1.188,64.0
129964_1767687000,1,75.065,42.0
129964_1767687300,1,44.082,108.0
129964_1767687600,1,23.041,8.0
129964_1767687900,1,67.557,95.0
131672_1767688200,1,43.711,16.0
122048_1767688200,1,13.34,68.0
122048_1767688500,1,97.224,49.0
131672_1767688500,1,29.195,20.0
122048_1767688800,1,88.352,76.0
131672_1767688800,1,54.377,-17.0
131672_1767689100,1,93.711,17.0
122048_1767689100,1,45.341,94.0
131672_1767689400,1,12.62,-72.0
122048_1767689400,1,75.948,121.0
122613_1767689700,1,26.687,49.0
122048_1767689700,1,60.079,116.0
131672_1767689700,1,-19.481,-222.0
122613_1767693600,1,-114.544,-180.0
122048_1767693600,1,-31.038,-142.0
133957_1767693600,1,11.285,-24.0
122613_1767693900,1,-147.827,-108.0
122048_1767693900,1,-109.832,-110.0
133957_1767693900,1,-30.882,13.0
122613_1767694200,1,-155.781,-140.0
122048_1767694200,1,-105.01,-50.0
133957_1767694200,1,34.341,21.0
122613_1767694500,1,-76.76,-70.0
133957_1767694500,1,-27.303,-22.0
122048_1767694500,1,-99.364,-184.0
133957_1767694800,1,34.362,24.0
122048_1767694800,1,-68.545,-250.0
122613_1767694800,1,-73.317,-38.0
122613_1767695100,1,-36.957,30.0
122048_1767695100,1,-75.494,-359.0
133957_1767695100,1,11.533,-17.0
131672_1767698100,1,18.149,27.0
131672_1767698400,1,52.005,60.0
131672_1767698700,1,76.584,82.0
122658_1767702600,1,-15.714,0.0
122048_1767702600,1,115.774,144.0
122658_1767702900,1,-8.689,0.0
122048_1767702900,1,67.579,138.0
122658_1767703200,1,-10.054,0.0
122048_1767703200,1,14.152,87.0
122658_1767703500,1,2.647,0.0
122048_1767703500,1,-11.377,84.0
122658_1767703800,1,-6.932,103.0
122048_1767703800,1,-21.94,84.0
122658_1767704100,1,50.969,252.0
122048_1767704100,1,-76.116,0.0
135081_1767704400,1,31.621,11.0
135081_1767705900,1,26.848,79.0
129964_1767708000,1,-19.516,-6.0
129964_1767708600,1,4.812,-114.0
131672_1767708600,1,29.621,60.0
131672_1767708900,1,72.824,90.0
129964_1767708900,1,47.691,-106.0
131672_1767709200,1,98.859,91.0
129964_1767709200,1,50.248,-77.0
131672_1767709500,1,92.961,115.0
129964_1767709500,1,-118.739,-93.0
122613_1767709800,1,-24.613,0.0
135081_1767709800,1,62.011,-84.0
134040_1767709800,1,85.291,79.0
122613_1767710100,1,-70.215,0.0
135081_1767710100,1,21.677,-126.0
134040_1767710100,1,29.786,4.0
122613_1767710400,1,-33.301,0.0
134040_1767710400,1,63.82,68.0
135081_1767710400,1,-19.593,-128.0
135081_1767710700,1,-24.151,-145.0
122613_1767710700,1,-40.447,0.0
134040_1767710700,1,59.769,87.0
134040_1767711000,1,72.972,187.0
122613_1767711000,1,-15.169,0.0
135081_1767711000,1,-33.31,-175.0
134040_1767711300,1,77.679,267.0
122613_1767711300,1,-3.902,0.0
135081_1767711300,1,-18.036,-168.0
131672_1767711600,1,-23.787,-47.0
133957_1767711600,1,136.583,26.0
133957_1767711900,1,40.006,17.0
131672_1767711900,1,7.057,-52.0
133300_1767712200,1,25.117,-35.0
133957_1767712200,1,-19.035,28.0
133957_1767712500,1,51.034,-36.0
133300_1767712500,1,41.36,-35.0
133300_1767712800,1,66.015,36.0
133957_1767712800,1,24.039,-93.0
133300_1767713100,1,71.588,-9.0
133957_1767713100,1,3.199,74.0
122658_1767713400,1,57.832,86.0
130238_1767713400,1,80.537,-99.0
122048_1767713400,1,-88.722,0.0
122658_1767713700,1,81.829,159.0
122048_1767713700,1,-27.641,0.0
130238_1767713700,1,-40.034,-47.0
122048_1767714000,1,-92.386,0.0
130238_1767714000,1,-34.299,-41.0
122658_1767714000,1,130.511,225.0
130238_1767714300,1,-36.34,-45.0
122048_1767714300,1,45.312,0.0
122658_1767714300,1,91.089,348.0
122048_1767714600,1,6.46,0.0
130238_1767714600,1,-7.117,-30.0
122658_1767714600,1,79.28,362.0
130238_1767714900,1,35.867,-78.0
122658_1767714900,1,17.888,2.0
122048_1767714900,1,3.853,0.0
122613_1767715200,1,-0.661,0.0
133300_1767715200,1,85.536,22.0
122613_1767715500,1,-62.664,0.0
133300_1767715500,1,102.166,-24.0
122613_1767715800,1,-66.526,-18.0
133300_1767715800,1,62.764,-87.0
133300_1767716100,1,-10.814,-38.0
122613_1767716100,1,-1.444,11.0
133300_1767716400,1,70.829,207.0
122613_1767716400,1,-31.923,-88.0
122613_1767716700,1,62.29,-27.0
122613_1767717000,1,-56.142,-62.0
129964_1767717300,1,10.846,-111.0
122613_1767717300,1,27.02,-54.0
122613_1767717600,1,-16.096,-11.0
129964_1767717600,1,51.576,-126.0
122613_1767717900,1,-49.191,55.0
129964_1767717900,1,108.984,38.0
129964_1767718200,1,-36.613,57.0
122613_1767718200,1,22.205,72.0
122613_1767718500,1,16.475,72.0
129964_1767718500,1,119.284,71.0
135081_1767718800,1,-87.257,-153.0
133300_1767718800,1,103.789,231.0
135081_1767719100,1,71.406,-144.0
135081_1767719400,1,-57.023,-123.0
133300_1767719400,1,2.736,-24.0
135081_1767719700,1,-16.621,-137.0
133300_1767719700,1,88.444,22.0
133300_1767720000,1,115.699,-46.0
135081_1767720000,1,-41.179,-199.0
133300_1767720300,1,113.955,-26.0
135081_1767720300,1,-42.498,-231.0
122048_1767720600,1,31.851,-32.0
135081_1767720600,1,-120.721,-180.0
130238_1767720600,1,98.391,-64.0
122048_1767720900,1,-90.297,-32.0
135081_1767720900,1,-75.446,-34.0
130238_1767720900,1,41.003,-125.0
130238_1767721200,1,83.738,-103.0
122048_1767721200,1,50.436,-108.0
135081_1767721200,1,-78.598,4.0
135081_1767721500,1,27.616,12.0
122048_1767721500,1,-20.186,-141.0
130238_1767721500,1,-38.788,-170.0
122048_1767721800,1,-64.07,-174.0
135081_1767721800,1,108.701,48.0
122048_1767722100,1,-113.567,-157.0
133300_1767722400,1,83.023,310.0
134040_1767722400,1,92.835,107.0
134040_1767722700,1,100.427,295.0
133300_1767722700,1,182.839,406.0
133300_1767723000,1,248.05,580.0
134040_1767723000,1,135.859,407.0
134040_1767723300,1,189.498,342.0
134040_1767723600,1,283.437,401.0
133300_1767723600,1,198.658,-5.0
134040_1767723900,1,260.092,487.0
132430_1767724200,1,197.134,309.0
134040_1767724200,1,284.587,465.0
134040_1767724500,1,271.508,409.0
132430_1767724500,1,241.589,299.0
132430_1767724800,1,148.223,45.0
132430_1767725100,1,150.941,45.0
132430_1767725400,1,138.382,-1.0
132430_1767725700,1,21.238,27.0
122048_1767728700,1,-14.033,-348.0
133957_1767729000,1,82.893,39.0
122048_1767729000,1,11.161,-142.0
122048_1767729300,1,23.021,36.0
133957_1767729300,1,102.899,171.0
133957_1767729600,1,131.189,141.0
133957_1767729900,1,210.901,126.0
133957_1767730200,1,184.426,83.0
133957_1767730500,1,164.246,53.0
133957_1767730800,1,-4.001,38.0
133957_1767731100,1,53.785,59.0
132430_1767731400,1,215.536,192.0
132430_1767731700,1,255.654,201.0
131672_1767732000,1,114.868,32.0
132430_1767732000,1,138.763,167.0
132430_1767732300,1,158.18,337.0
131672_1767732300,1,151.453,16.0
132430_1767732600,1,214.438,338.0
131672_1767732600,1,185.183,34.0
131672_1767732900,1,138.276,41.0
132430_1767732900,1,271.379,238.0
135081_1767733200,1,146.662,40.0
135081_1767733500,1,163.525,44.0
135081_1767733800,1,108.732,51.0
135081_1767734100,1,0.183,-16.0
135081_1767734400,1,72.118,-59.0
135081_1767734700,1,76.972,-170.0
131672_1767666900,1,47.396,79.0
131672_1767667200,1,51.071,79.0
131672_1767667500,1,69.362,212.0
131672_1767667800,1,143.935,312.0
131672_1767668100,1,173.332,273.0
134040_1767673800,1,130.892,332.0
134040_1767674100,1,129.589,369.0
134040_1767674400,1,266.291,362.0
134040_1767674700,1,287.425,317.0
134040_1767675000,1,258.527,253.0
134040_1767675300,1,171.283,100.0
133300_1767679200,1,-0.344,65.0
133300_1767679800,1,-16.926,-49.0
133300_1767680100,1,27.168,-49.0
133300_1767680400,1,60.235,-42.0
133300_1767680700,1,65.132,26.0
133957_1767684600,1,61.556,22.0
133957_1767684900,1,46.926,-55.0
133957_1767685200,1,1.0,-36.0
133957_1767685500,1,-88.134,-95.0
133957_1767685800,1,-54.613,7.0
133957_1767686100,1,-90.805,-55.0
133957_1767706200,1,96.007,222.0
133957_1767706500,1,66.765,296.0
133957_1767706800,1,121.993,294.0
133957_1767707100,1,180.975,182.0
133957_1767707400,1,220.326,292.0
133957_1767707700,1,94.663,252.0
133300_1767717000,1,4.243,-12.0
133300_1767717300,1,52.16,-28.0
133300_1767717600,1,98.091,-46.0
133300_1767717900,1,67.696,25.0
133300_1767718200,1,118.937,26.0
133300_1767718500,1,70.579,129.0
132430_1767666900,1,-6.824,46.0
132430_1767667200,1,40.894,102.0
132430_1767667500,1,84.592,-23.0
132430_1767667800,1,147.111,-2.0
132430_1767668100,1,103.948,27.0
122048_1767668400,1,1.806,0.0
133957_1767668400,1,-26.488,-34.0
122048_1767668700,1,3.647,0.0
122048_1767669000,1,7.097,0.0
133957_1767669300,1,33.155,46.0
122048_1767669300,1,8.358,0.0
122048_1767669600,1,2.787,0.0
133957_1767669600,1,-2.635,58.0
133957_1767669900,1,35.732,40.0
122048_1767669900,1,3.211,0.0
129964_1767670200,1,69.448,74.0
122048_1767670200,1,-2.934,0.0
122048_1767670500,1,0.757,0.0
129964_1767670500,1,19.001,61.0
132430_1767670500,1,-10.058,215.0
129964_1767670800,1,26.894,-16.0
122048_1767670800,1,17.048,0.0
132430_1767670800,1,-9.687,162.0
129964_1767671100,1,33.614,-55.0
132430_1767671100,1,35.802,137.0
122048_1767671100,1,12.114,0.0
122048_1767671400,1,11.355,0.0
129964_1767671400,1,-28.492,22.0
132430_1767671400,1,173.158,244.0
132430_1767671700,1,140.088,324.0
122048_1767671700,1,23.585,0.0
129964_1767671700,1,-1.461,-50.0
135081_1767672000,1,3.951,-33.0
132430_1767672000,1,186.068,364.0
135081_1767672300,1,-0.841,-40.0
132430_1767672300,1,199.947,275.0
135081_1767672600,1,-9.492,-145.0
132430_1767672600,1,183.886,322.0
132430_1767672900,1,248.712,130.0
135081_1767672900,1,-25.858,-98.0
132430_1767673200,1,275.446,129.0
135081_1767673200,1,-76.108,71.0
132430_1767673500,1,209.726,265.0
135081_1767673500,1,-112.255,64.0
135081_1767673800,1,-84.302,111.0
135081_1767674100,1,49.287,80.0
135081_1767674400,1,102.712,122.0
135081_1767674700,1,61.066,94.0
135081_1767675000,1,105.852,53.0
135081_1767675300,1,80.821,208.0
133957_1767675600,1,-6.506,-10.0
135081_1767675600,1,55.562,299.0
133957_1767675900,1,-33.022,-32.0
135081_1767675900,1,193.031,224.0
135081_1767676200,1,253.312,126.0
133957_1767676200,1,3.446,95.0
135081_1767676500,1,180.923,-30.0
133957_1767676500,1,-23.922,61.0
133957_1767676800,1,23.233,7.0
133957_1767677100,1,97.656,-94.0
133300_1767677400,1,-42.644,87.0
134040_1767677400,1,69.797,71.0
134040_1767677700,1,40.635,174.0
133300_1767677700,1,74.49,87.0
133300_1767678000,1,52.134,108.0
134040_1767678000,1,13.522,-25.0
133300_1767678300,1,71.224,59.0
133300_1767678600,1,134.425,40.0
133300_1767678900,1,67.566,-2.0
134040_1767679800,1,25.597,23.0
134040_1767680100,1,39.153,26.0
134040_1767680400,1,66.247,-52.0
134040_1767680700,1,26.918,-87.0
133957_1767682800,1,-53.208,-74.0
133300_1767682800,1,45.258,135.0
133957_1767683100,1,0.811,-8.0
133300_1767683100,1,150.927,169.0
133300_1767683400,1,145.622,166.0
133300_1767683700,1,112.062,240.0
133957_1767683700,1,15.389,10.0
133957_1767684000,1,44.965,33.0
133300_1767684000,1,51.321,116.0
133300_1767684300,1,24.838,116.0
133957_1767684300,1,31.487,71.0
131672_1767684600,1,25.793,-63.0
131672_1767684900,1,11.62,-96.0
131672_1767685200,1,29.665,-126.0
132430_1767688200,1,-30.053,194.0
132430_1767688500,1,-7.806,268.0
132430_1767688800,1,219.648,284.0
132430_1767689100,1,179.962,163.0
132430_1767689400,1,201.724,85.0
132430_1767689700,1,162.009,7.0
122658_1767690000,1,-31.134,-34.0
130238_1767690000,1,-27.88,40.0
130238_1767690300,1,95.206,49.0
122658_1767690300,1,-16.739,-34.0
130238_1767690600,1,39.529,57.0
122658_1767690600,1,-39.093,-34.0
122658_1767690900,1,-118.741,-34.0
130238_1767691200,1,22.482,0.0
130238_1767691500,1,-12.299,0.0
133300_1767693600,1,18.164,168.0
133300_1767694200,1,-43.452,-63.0
133300_1767694500,1,29.21,-63.0
133300_1767694800,1,11.512,54.0
133300_1767695100,1,-11.645,90.0
132430_1767695400,1,146.839,26.0
122613_1767695400,1,-12.354,123.0
132430_1767695700,1,201.309,30.0
122613_1767695700,1,22.204,61.0
132430_1767696000,1,48.045,-71.0
132430_1767696300,1,82.177,221.0
132430_1767696600,1,80.547,264.0
122613_1767696900,1,-104.387,0.0
132430_1767696900,1,209.943,113.0
129964_1767697200,1,44.245,133.0
129964_1767697500,1,46.42,75.0
129964_1767697800,1,26.937,26.0
129964_1767698100,1,50.713,10.0
129964_1767698400,1,-22.288,14.0
129964_1767698700,1,3.453,0.0
133957_1767699000,1,-50.202,-96.0
132430_1767699000,1,-30.742,14.0
131672_1767699000,1,114.265,4.0
132430_1767699300,1,-25.327,14.0
133957_1767699300,1,-89.773,-249.0
131672_1767699300,1,28.462,40.0
131672_1767699600,1,-22.092,-28.0
133957_1767699600,1,-97.196,-254.0
132430_1767699600,1,23.96,-87.0
132430_1767699900,1,48.792,-110.0
131672_1767699900,1,-91.094,-29.0
133957_1767699900,1,-90.417,-158.0
131672_1767700200,1,-73.652,-23.0
133957_1767700200,1,-18.072,80.0
132430_1767700200,1,-9.072,-136.0
132430_1767700500,1,-80.664,-6.0
133957_1767700500,1,28.729,42.0
131672_1767700500,1,-13.681,-47.0
133300_1767700800,1,-16.738,260.0
133300_1767701400,1,-71.667,-7.0
133300_1767701700,1,73.771,-7.0
133300_1767702000,1,59.358,132.0
133300_1767702300,1,31.255,114.0
134040_1767704400,1,85.69,91.0
122658_1767704400,1,91.123,289.0
132430_1767704700,1,-95.538,16.0
134040_1767704700,1,96.189,-7.0
122658_1767704700,1,137.472,321.0
134040_1767705000,1,76.509,47.0
122658_1767705000,1,244.63,406.0
132430_1767705000,1,26.093,16.0
132430_1767705300,1,41.652,17.0
134040_1767705300,1,2.461,84.0
132430_1767705600,1,61.37,77.0
133957_1767705600,1,19.763,113.0
122658_1767705600,1,166.668,0.0
134040_1767705600,1,23.973,113.0
133957_1767705900,1,81.863,123.0
132430_1767705900,1,-2.459,57.0
122658_1767705900,1,125.817,0.0
134040_1767705900,1,93.643,37.0
122048_1767706200,1,-3.167,0.0
131672_1767706200,1,12.236,37.0
131672_1767706500,1,62.727,131.0
122048_1767706500,1,-10.032,0.0
122048_1767706800,1,-2.669,0.0
122048_1767707100,1,11.476,0.0
122048_1767707400,1,12.238,0.0
122048_1767707700,1,12.015,0.0
122658_1767713100,1,64.526,27.0
122658_1767715200,1,124.869,0.0
129964_1767715200,1,-22.024,-134.0
122658_1767715500,1,141.564,0.0
129964_1767715500,1,-73.482,-115.0
122658_1767715800,1,-7.679,0.0
129964_1767715800,1,-79.11,-2.0
129964_1767716100,1,-92.534,-46.0
122658_1767716100,1,-24.05,0.0
129964_1767716400,1,-1.323,-13.0
133957_1767716400,1,80.658,115.0
122658_1767716400,1,9.383,0.0
133957_1767716700,1,87.345,104.0
129964_1767716700,1,-38.769,303.0
122658_1767716700,1,-27.611,0.0
122658_1767717000,1,32.599,0.0
122658_1767717600,1,94.209,-46.0
122658_1767717900,1,79.478,38.0
122658_1767718200,1,81.426,39.0
122658_1767718500,1,100.444,63.0
122048_1767724200,1,41.804,35.0
122048_1767724500,1,56.342,133.0
122048_1767724800,1,30.112,250.0
122048_1767725100,1,103.09,274.0
122048_1767725400,1,175.421,356.0
122048_1767725700,1,214.419,417.0
131672_1767727800,1,71.959,302.0
131672_1767728100,1,124.977,382.0
131672_1767728400,1,207.217,359.0
131672_1767728700,1,210.338,492.0
131672_1767729000,1,245.792,533.0
131672_1767729300,1,317.532,478.0
122048_1767729600,1,-74.446,41.0
122048_1767729900,1,31.733,93.0
122048_1767730200,1,39.302,99.0
122048_1767730500,1,47.115,-3.0
122048_1767730800,1,48.217,25.0
122048_1767731100,1,12.068,4.0
122048_1767733200,1,8.95,0.0
122048_1767733500,1,11.743,0.0
122048_1767733800,1,13.631,0.0
122048_1767734100,1,19.133,0.0
122048_1767734400,1,18.658,0.0
122048_1767734700,1,37.002,0.0
133957_1767735000,1,-39.569,21.0
130072_1767735000,1,100.857,0.0
130072_1767735300,1,96.058,0.0
133957_1767735300,1,66.169,50.0
133957_1767735600,1,42.372,77.0
130072_1767735600,1,20.678,0.0
130072_1767735900,1,-28.558,0.0
130072_1767736200,1,-6.215,0.0
130072_1767736500,1,-1.656,0.0
132430_1767738000,1,45.493,90.0
132430_1767738300,1,63.562,108.0
134040_1767738600,1,1.071,0.0
134040_1767738900,1,-2.001,0.0
134040_1767739200,1,31.657,0.0
134040_1767739500,1,-4.668,0.0
134040_1767739800,1,-17.363,0.0
134040_1767740100,1,-24.97,0.0
134040_1767740400,1,-54.039,0.0
134040_1767740700,1,-49.238,0.0
134040_1767668400,1,61.398,71.0
134040_1767668700,1,100.169,136.0
134040_1767669000,1,75.438,119.0
134040_1767669300,1,134.435,151.0
134040_1767669600,1,98.034,128.0
134040_1767669900,1,126.891,158.0
130238_1767675900,1,113.157,37.0
130238_1767676200,1,78.72,56.0
130238_1767676500,1,102.245,76.0
130238_1767676800,1,66.338,-9.0
130238_1767677100,1,64.361,38.0
134040_1767682800,1,-25.291,72.0
134040_1767683100,1,75.538,131.0
134040_1767683400,1,42.112,29.0
134040_1767683700,1,113.079,-62.0
134040_1767684000,1,68.844,48.0
134040_1767684300,1,-25.008,86.0
129964_1767688200,1,27.43,221.0
129964_1767688800,1,27.091,-54.0
129964_1767689100,1,67.706,-78.0
129964_1767689400,1,79.476,36.0
129964_1767689700,1,2.911,81.0
132430_1767690000,1,106.408,-66.0
132430_1767690300,1,34.821,-139.0
131672_1767691800,1,-43.29,-92.0
122658_1767695700,1,41.823,9.0
122658_1767696000,1,34.475,100.0
122658_1767696300,1,46.852,271.0
122658_1767696600,1,83.802,376.0
122658_1767696900,1,152.347,318.0
129964_1767711600,1,-97.182,-143.0
129964_1767711900,1,-54.715,-3.0
129964_1767712200,1,-96.272,17.0
129964_1767712800,1,21.32,-108.0
129964_1767713100,1,130.515,-108.0
134040_1767713400,1,128.182,36.0
134040_1767713700,1,99.188,21.0
134040_1767714000,1,68.593,108.0
134040_1767714300,1,-21.108,-44.0
133957_1767717000,1,114.764,134.0
133957_1767717300,1,142.203,71.0
133957_1767717600,1,108.632,37.0
133957_1767717900,1,175.212,-25.0
133957_1767718200,1,132.999,-42.0
133957_1767718500,1,-38.746,-28.0
134040_1767721500,1,45.965,7.0
134040_1767721800,1,42.156,78.0
134040_1767722100,1,54.575,106.0
132430_1767726000,1,-8.683,156.0
132430_1767726300,1,26.575,141.0
132430_1767726600,1,43.088,46.0
132430_1767726900,1,121.112,10.0
132430_1767727200,1,114.439,217.0
132430_1767727500,1,85.379,260.0
130072_1767738600,1,4.349,0.0
130072_1767738900,1,-18.624,0.0
133957_1767666600,1,35.48,-32.0
129964_1767666600,1,-54.198,44.0
133957_1767666900,1,46.329,-32.0
129964_1767666900,1,-59.833,16.0
133957_1767667200,1,61.198,17.0
129964_1767667200,1,6.057,-27.0
129964_1767667500,1,43.66,2.0
133957_1767667500,1,67.899,-66.0
133957_1767667800,1,73.379,-74.0
129964_1767667800,1,9.038,-70.0
129964_1767668100,1,6.647,-76.0
133957_1767668100,1,33.856,-61.0
132430_1767668400,1,75.861,22.0
132430_1767668700,1,62.6,74.0
132430_1767669000,1,45.755,1.0
132430_1767669300,1,82.366,4.0
132430_1767669600,1,31.661,84.0
132430_1767669900,1,12.783,58.0
131672_1767673800,1,11.36,-73.0
131672_1767674100,1,-30.813,121.0
131672_1767674400,1,-28.681,145.0
131672_1767674700,1,49.23,125.0
131672_1767675000,1,153.558,166.0
133300_1767675000,1,43.618,99.0
133300_1767675300,1,58.125,99.0
131672_1767675300,1,72.387,88.0
132430_1767681000,1,55.558,32.0
133300_1767681000,1,59.891,12.0
132430_1767681300,1,48.687,126.0
133300_1767681300,1,59.939,-61.0
133300_1767681600,1,14.764,159.0
132430_1767681600,1,18.431,65.0
133300_1767681900,1,-20.754,79.0
132430_1767681900,1,54.865,-62.0
133300_1767682200,1,-14.089,79.0
132430_1767682200,1,101.612,-16.0
132430_1767682500,1,51.481,248.0
133300_1767682500,1,14.107,173.0
131672_1767682800,1,89.837,-48.0
131672_1767683100,1,21.524,-52.0
131672_1767683400,1,-69.15,-178.0
131672_1767683700,1,-107.367,-200.0
131672_1767684000,1,-81.155,-74.0
131672_1767684300,1,-118.679,24.0
133300_1767684600,1,44.564,214.0
133300_1767684900,1,71.085,244.0
133300_1767685200,1,166.519,255.0
133300_1767685500,1,182.476,286.0
133300_1767685800,1,179.73,404.0
130238_1767686400,1,157.344,107.0
122048_1767686400,1,69.206,-43.0
130238_1767686700,1,126.58,1.0
122048_1767686700,1,-24.556,-49.0
122048_1767687000,1,-25.613,104.0
122048_1767687300,1,-26.942,99.0
122048_1767687600,1,88.552,49.0
122048_1767687900,1,125.03,80.0
122658_1767688200,1,68.13,137.0
122658_1767688500,1,30.961,-33.0
122658_1767688800,1,110.681,-34.0
122658_1767689100,1,-47.339,-34.0
122658_1767689400,1,-19.712,-34.0
122658_1767689700,1,-37.322,-34.0
133957_1767695400,1,2.351,28.0
133957_1767696000,1,16.838,138.0
133957_1767696300,1,68.005,156.0
133957_1767696600,1,79.303,185.0
133957_1767696900,1,141.53,111.0
130238_1767697200,1,31.91,40.0
130238_1767697500,1,31.834,32.0
129964_1767699000,1,16.24,80.0
135081_1767699000,1,201.665,28.0
129964_1767699300,1,-16.899,49.0
135081_1767699300,1,114.865,45.0
135081_1767699600,1,52.368,55.0
135081_1767699900,1,22.68,36.0
129964_1767699900,1,-2.69,-53.0
129964_1767700200,1,19.852,-73.0
135081_1767700200,1,4.291,-24.0
129964_1767700500,1,75.709,90.0
135081_1767700500,1,-32.376,-98.0
122048_1767700800,1,1.762,374.0
131672_1767700800,1,-54.975,-105.0
122613_1767700800,1,-91.09,-50.0
122658_1767700800,1,52.172,143.0
122048_1767701100,1,214.527,312.0
122658_1767701100,1,144.315,121.0
122613_1767701100,1,-40.283,-155.0
131672_1767701100,1,-58.362,-83.0
122613_1767701400,1,-72.095,-175.0
122048_1767701400,1,214.28,354.0
131672_1767701400,1,-18.287,-207.0
122658_1767701700,1,-5.625,0.0
122048_1767701700,1,236.074,273.0
122613_1767701700,1,-58.053,-47.0
122658_1767702000,1,16.769,0.0
122613_1767702000,1,-115.882,-61.0
122048_1767702000,1,182.264,252.0
122658_1767702300,1,58.042,0.0
122048_1767702300,1,174.227,158.0
122613_1767702300,1,-43.14,66.0
133957_1767702600,1,7.381,172.0
133300_1767702600,1,60.97,47.0
133300_1767702900,1,47.469,95.0
133957_1767702900,1,89.216,97.0
134040_1767703200,1,-36.631,-35.0
133957_1767703200,1,115.148,101.0
133300_1767703200,1,42.162,322.0
133957_1767703500,1,139.572,161.0
134040_1767703500,1,58.458,-35.0
134040_1767703800,1,85.231,52.0
133957_1767703800,1,60.491,40.0
133300_1767703800,1,-57.499,-25.0
133957_1767704100,1,123.332,139.0
134040_1767704100,1,81.651,87.0
129964_1767704400,1,-42.782,-106.0
129964_1767704700,1,-7.904,-150.0
129964_1767705000,1,-32.224,-165.0
129964_1767705300,1,-14.954,-95.0
129964_1767705600,1,-72.642,11.0
122613_1767705900,1,-75.078,0.0
129964_1767705900,1,-128.132,-32.0
132430_1767706200,1,36.188,196.0
132430_1767706500,1,82.218,103.0
132430_1767706800,1,85.731,53.0
132430_1767707100,1,131.326,78.0
132430_1767707400,1,69.2,39.0
132430_1767707700,1,141.886,58.0
135081_1767711600,1,-54.333,11.0
132430_1767711600,1,5.296,171.0
132430_1767711900,1,60.584,384.0
135081_1767711900,1,-13.75,-12.0
132430_1767712200,1,124.803,291.0
135081_1767712200,1,49.89,-28.0
135081_1767712500,1,13.79,59.0
132430_1767712500,1,220.653,226.0
130238_1767712500,1,34.188,10.0
130238_1767712800,1,71.514,-40.0
132430_1767712800,1,253.528,258.0
130238_1767713100,1,86.723,-124.0
132430_1767713100,1,217.494,199.0
131672_1767713400,1,-6.486,12.0
131672_1767713700,1,50.996,86.0
131672_1767714000,1,65.164,67.0
131672_1767714300,1,111.805,70.0
131672_1767714600,1,43.267,13.0
131672_1767714900,1,-28.737,-150.0
130238_1767717000,1,61.296,-55.0
130238_1767717300,1,74.584,-41.0
130238_1767717600,1,-0.565,-57.0
130238_1767717900,1,-61.373,-92.0
130238_1767718200,1,-27.489,-38.0
130238_1767718500,1,-46.041,-3.0
129964_1767718800,1,71.513,39.0
129964_1767719100,1,15.968,-44.0
129964_1767719400,1,-10.027,-130.0
129964_1767719700,1,10.21,-135.0
129964_1767720000,1,-54.309,-14.0
129964_1767720300,1,-73.4,-105.0
122048_1767726000,1,285.203,481.0
122048_1767726300,1,324.468,523.0
122048_1767727200,1,231.534,-54.0
132430_1767729600,1,35.85,21.0
132430_1767729900,1,24.189,177.0
130072_1767730200,1,32.992,60.0
132430_1767730200,1,6.936,173.0
132430_1767730500,1,9.562,146.0
130072_1767730500,1,47.085,60.0
130072_1767730800,1,66.03,106.0
132430_1767730800,1,164.996,234.0
130072_1767731100,1,122.966,22.0
132430_1767731100,1,154.947,277.0
130072_1767731400,1,119.243,49.0
130072_1767731700,1,14.966,78.0
130072_1767732000,1,56.386,158.0
130072_1767732300,1,36.319,161.0
135081_1767732600,1,1.478,79.0
130072_1767732600,1,178.658,226.0
130072_1767732900,1,162.004,187.0
135081_1767732900,1,82.013,136.0
133957_1767733200,1,74.873,59.0
133957_1767733500,1,1.359,28.0
133957_1767733800,1,10.595,15.0
133957_1767734100,1,86.158,45.0
133957_1767734400,1,-27.853,7.0
133957_1767734700,1,44.613,65.0
134040_1767736800,1,-0.498,0.0
133957_1767736800,1,69.32,32.0
133957_1767737100,1,105.742,-8.0
134040_1767737100,1,-0.639,0.0
133957_1767737400,1,118.0,27.0
134040_1767737400,1,7.752,0.0
133957_1767737700,1,37.495,-22.0
134040_1767737700,1,8.31,0.0
134040_1767738000,1,13.477,0.0
134494_1767738000,1,-41.805,0.0
133957_1767738000,1,37.772,-77.0
134040_1767738300,1,9.942,0.0
134494_1767738300,1,-42.213,0.0
130072_1767740700,1,-51.246,0.0
130072_1767741000,1,-15.556,0.0
130072_1767741300,1,15.109,0.0
130072_1767741600,1,83.072,0.0
130072_1767741900,1,22.598,0.0
132430_1767673800,1,123.814,137.0
132430_1767674100,1,121.271,35.0
132430_1767674400,1,128.336,161.0
132430_1767674700,1,30.895,145.0
132430_1767675000,1,150.805,118.0
132430_1767675300,1,103.571,0.0
122613_1767691800,1,49.363,69.0
122613_1767692100,1,72.12,-16.0
122613_1767692400,1,48.066,-87.0
122613_1767692700,1,-35.514,-160.0
122613_1767693000,1,-26.606,-147.0
122613_1767693300,1,-110.87,-146.0
122613_1767697200,1,-0.713,0.0
122658_1767697200,1,185.009,352.0
122048_1767697200,1,-6.729,-68.0
122613_1767697500,1,1.217,0.0
122048_1767697500,1,-0.22,-129.0
122658_1767697500,1,137.885,0.0
122613_1767697800,1,17.211,0.0
122658_1767697800,1,125.835,0.0
122048_1767697800,1,32.041,-129.0
122658_1767698100,1,135.355,0.0
122048_1767698100,1,-37.658,-181.0
122613_1767698100,1,10.107,0.0
122613_1767698400,1,-5.249,0.0
122048_1767698400,1,-17.808,-194.0
122658_1767698400,1,-7.736,0.0
122658_1767698700,1,-29.088,0.0
122048_1767698700,1,-59.385,-216.0
122613_1767698700,1,-3.074,0.0
122613_1767702600,1,-39.797,64.0
122613_1767702900,1,20.523,64.0
135081_1767706200,1,58.371,155.0
135081_1767706500,1,85.928,156.0
135081_1767706800,1,138.688,113.0
135081_1767707100,1,106.969,130.0
135081_1767707400,1,144.124,247.0
135081_1767707700,1,75.745,113.0
122048_1767711600,1,-19.129,106.0
122048_1767711900,1,39.612,85.0
122048_1767712200,1,25.616,83.0
122048_1767712500,1,35.909,57.0
122048_1767712800,1,84.875,-8.0
122048_1767713100,1,52.276,92.0
131672_1767715200,1,-75.082,-130.0
135081_1767715200,1,19.333,100.0
131672_1767715500,1,-65.388,-99.0
135081_1767715500,1,94.499,74.0
135081_1767715800,1,104.364,82.0
131672_1767715800,1,-125.88,-59.0
135081_1767716100,1,172.929,47.0
131672_1767716100,1,-80.162,-53.0
135081_1767716400,1,74.971,118.0
131672_1767716400,1,-25.284,-55.0
131672_1767716700,1,35.886,-74.0
135081_1767716700,1,75.252,137.0
132430_1767720600,1,187.453,141.0
132430_1767720900,1,89.046,216.0
132430_1767721200,1,159.738,309.0
132430_1767721500,1,165.014,359.0
132430_1767721800,1,221.846,295.0
131672_1767721800,1,14.264,21.0
131672_1767722100,1,42.438,47.0
132430_1767722100,1,231.625,393.0
133957_1767722400,1,13.828,0.0
133957_1767722700,1,-61.856,-74.0
133957_1767723000,1,-28.885,100.0
133957_1767723300,1,-61.025,89.0
133957_1767723600,1,86.098,114.0
133957_1767723900,1,72.285,163.0
135081_1767729600,1,-26.091,24.0
135081_1767729900,1,-50.632,206.0
135081_1767730200,1,41.125,197.0
135081_1767730500,1,193.197,234.0
134040_1767730500,1,146.422,121.0
134040_1767730800,1,190.849,191.0
134040_1767731100,1,179.736,150.0
134040_1767731400,1,175.105,214.0
134040_1767731700,1,177.485,152.0
134040_1767732000,1,197.823,152.0
134040_1767732300,1,166.9,181.0
134040_1767732600,1,131.94,230.0
134040_1767732900,1,179.76,315.0
131672_1767733200,1,29.269,-15.0
131672_1767733500,1,19.636,-60.0
131672_1767733800,1,14.147,-24.0
131672_1767734100,1,-19.277,-1.0
131672_1767734400,1,-15.589,26.0
131672_1767734700,1,24.88,12.0
132430_1767738600,1,100.843,110.0
132430_1767738900,1,131.276,112.0
132430_1767739200,1,87.759,81.0
132430_1767739500,1,142.388,-2.0
132430_1767739800,1,110.702,8.0
132430_1767740100,1,72.443,175.0
134494_1767740400,1,-2.067,0.0
134494_1767740700,1,4.215,0.0
134494_1767741000,1,8.299,0.0
134494_1767741300,1,8.848,0.0
134494_1767741600,1,9.644,0.0
134494_1767741900,1,5.701,0.0
133957_1767672000,1,-53.709,-29.0
133957_1767672300,1,-35.185,-51.0
133957_1767672600,1,-0.573,-8.0
133957_1767672900,1,-31.922,-34.0
133957_1767673800,1,60.663,32.0
129964_1767673800,1,52.36,-15.0
129964_1767674100,1,86.575,72.0
133957_1767674100,1,47.95,43.0
133957_1767674400,1,30.171,74.0
129964_1767674400,1,9.219,95.0
133957_1767674700,1,102.176,171.0
129964_1767674700,1,-37.106,46.0
129964_1767675000,1,4.022,38.0
133957_1767675000,1,61.73,92.0
129964_1767675300,1,43.264,105.0
133957_1767675300,1,100.868,5.0
122048_1767677400,1,-85.514,-65.0
130238_1767677400,1,24.606,-50.0
122048_1767677700,1,-156.434,12.0
130238_1767677700,1,20.11,-47.0
130238_1767678000,1,56.894,-45.0
122048_1767678000,1,-48.186,47.0
130238_1767678300,1,-19.411,-142.0
122048_1767678300,1,-26.87,124.0
122048_1767678600,1,11.955,172.0
122048_1767678900,1,78.54,140.0
133957_1767681000,1,128.064,-30.0
130238_1767681000,1,31.718,0.0
122658_1767681000,1,141.456,181.0
134040_1767681000,1,-5.999,-111.0
134040_1767681300,1,-35.375,-75.0
122658_1767681300,1,-37.829,0.0
130238_1767681300,1,5.029,0.0
133957_1767681300,1,73.143,-59.0
130238_1767681600,1,-4.207,0.0
134040_1767681600,1,18.824,1.0
133957_1767681600,1,-41.927,-30.0
122658_1767681600,1,5.278,0.0
130238_1767681900,1,3.05,0.0
134040_1767681900,1,-26.708,-38.0
122658_1767681900,1,44.852,0.0
133957_1767681900,1,-8.408,-58.0
133957_1767682200,1,-61.049,-19.0
134040_1767682200,1,38.775,-71.0
122658_1767682200,1,24.965,0.0
133957_1767682500,1,-15.742,-45.0
122658_1767682500,1,2.32,0.0
134040_1767682500,1,34.998,46.0
135081_1767684600,1,-89.949,-78.0
135081_1767684900,1,-85.45,-28.0
135081_1767685200,1,-54.596,59.0
135081_1767685500,1,20.479,275.0
135081_1767685800,1,51.432,288.0
135081_1767686100,1,167.692,247.0
133300_1767686400,1,7.09,-26.0
134040_1767688200,1,13.298,154.0
134040_1767688500,1,131.513,141.0
134040_1767688800,1,150.113,128.0
134040_1767689100,1,148.822,26.0
133300_1767689400,1,47.777,9.0
134040_1767689400,1,71.325,94.0
134040_1767689700,1,59.02,46.0
133300_1767689700,1,29.661,9.0
122048_1767690000,1,72.938,73.0
129964_1767690000,1,-17.925,65.0
133300_1767690000,1,45.495,68.0
133957_1767690000,1,-21.538,-116.0
122048_1767690300,1,107.702,-33.0
129964_1767690300,1,8.971,66.0
133300_1767690300,1,90.422,69.0
133957_1767690300,1,-52.063,-68.0
133300_1767690600,1,127.726,59.0
129964_1767690600,1,21.56,79.0
133957_1767690600,1,-83.89,-88.0
133300_1767690900,1,63.482,62.0
133957_1767690900,1,-77.295,-111.0
129964_1767690900,1,17.576,58.0
129964_1767691200,1,38.438,64.0
133957_1767691200,1,9.081,9.0
133300_1767691200,1,136.206,135.0
129964_1767691500,1,51.281,94.0
129964_1767691800,1,18.047,42.0
122048_1767691800,1,9.946,233.0
129964_1767692100,1,62.971,16.0
122048_1767692100,1,36.579,200.0
129964_1767692400,1,69.737,106.0
122048_1767692400,1,52.623,91.0
122048_1767692700,1,190.019,-63.0
122048_1767693000,1,108.947,-67.0
132430_1767693300,1,58.816,132.0
122048_1767693300,1,-49.283,-115.0
129964_1767695400,1,27.936,-51.0
130238_1767695400,1,33.208,-12.0
129964_1767695700,1,51.36,-51.0
130238_1767695700,1,63.063,2.0
129964_1767696000,1,54.151,-11.0
130238_1767696000,1,15.91,-34.0
129964_1767696300,1,65.919,73.0
130238_1767696300,1,39.214,10.0
129964_1767696600,1,112.985,111.0
130238_1767696600,1,-19.352,46.0
129964_1767696900,1,142.459,140.0
130238_1767696900,1,-93.379,29.0
133957_1767697200,1,120.12,64.0
133957_1767697500,1,151.174,3.0
133957_1767697800,1,4.839,18.0
135081_1767697800,1,-69.222,77.0
135081_1767698100,1,-41.4,95.0
133957_1767698100,1,-47.204,-47.0
135081_1767698400,1,-7.217,135.0
133957_1767698400,1,23.189,-69.0
135081_1767698700,1,125.734,126.0
133957_1767698700,1,-43.152,-145.0
122613_1767699000,1,16.628,0.0
122613_1767699300,1,57.12,0.0
122613_1767699600,1,-61.867,-145.0
122613_1767699900,1,-33.664,-230.0
122613_1767700200,1,-57.503,-116.0
122613_1767700500,1,-237.25,-79.0
129964_1767706200,1,-91.363,-50.0
129964_1767706500,1,-8.886,-51.0
129964_1767706800,1,-32.464,-34.0
129964_1767707100,1,-91.14,25.0
129964_1767707400,1,-61.63,-62.0
129964_1767707700,1,12.753,5.0
122613_1767708000,1,21.633,0.0
122613_1767708300,1,-44.82,0.0
122613_1767708600,1,-56.019,-77.0
122613_1767708900,1,-82.655,0.0
122613_1767709200,1,-37.348,0.0
122613_1767709500,1,-48.971,0.0
132430_1767709800,1,100.06,137.0
129964_1767709800,1,5.993,-69.0
129964_1767710100,1,-55.043,-42.0
132430_1767710400,1,6.732,23.0
129964_1767710400,1,-138.658,-145.0
132430_1767710700,1,20.716,23.0
129964_1767710700,1,-84.772,-127.0
129964_1767711000,1,-65.738,-207.0
132430_1767711000,1,33.353,47.0
129964_1767711300,1,-63.769,-66.0
132430_1767711300,1,88.746,33.0
122613_1767713400,1,4.672,0.0
122613_1767713700,1,4.405,0.0
122613_1767714000,1,4.931,0.0
122613_1767714300,1,1.342,0.0
122613_1767714600,1,3.658,0.0
122613_1767714900,1,5.156,0.0
132430_1767715200,1,226.881,485.0
130238_1767715200,1,-32.946,-97.0
132430_1767715500,1,271.355,483.0
130238_1767716400,1,51.847,98.0
130238_1767716700,1,24.762,9.0
133957_1767718800,1,18.838,-35.0
133957_1767719100,1,-26.733,-113.0
133957_1767719400,1,2.283,-174.0
133957_1767719700,1,-53.221,-173.0
133957_1767720000,1,-73.322,-218.0
129964_1767720600,1,-13.974,-10.0
122658_1767720600,1,27.561,0.0
133957_1767720900,1,68.62,67.0
122658_1767720900,1,7.8,0.0
129964_1767720900,1,-27.219,49.0
133957_1767721200,1,31.102,28.0
122658_1767721200,1,6.447,0.0
133957_1767721500,1,-23.156,83.0
133957_1767721800,1,26.862,-28.0
133957_1767722100,1,53.201,-73.0
132430_1767722400,1,231.265,380.0
132430_1767722700,1,312.053,324.0
132430_1767723000,1,328.052,452.0
132430_1767723300,1,296.153,333.0
132430_1767723600,1,334.182,310.0
132430_1767723900,1,303.187,285.0
135081_1767726000,1,185.722,311.0
135081_1767726300,1,216.239,146.0
135081_1767726600,1,228.792,53.0
131672_1767726900,1,25.825,-3.0
135081_1767726900,1,180.806,-68.0
131672_1767727200,1,104.721,-9.0
135081_1767727200,1,79.409,-32.0
135081_1767727500,1,16.652,-15.0
131672_1767727500,1,141.817,163.0
131672_1767729600,1,411.44,557.0
133957_1767731400,1,14.785,46.0
133957_1767731700,1,93.474,116.0
133957_1767732000,1,39.994,129.0
133957_1767732600,1,68.892,39.0
133957_1767732900,1,55.899,-49.0
130072_1767733200,1,125.446,125.0
130072_1767733500,1,117.164,125.0
130072_1767733800,1,87.754,168.0
130072_1767734100,1,87.231,195.0
130072_1767734400,1,43.757,163.0
130072_1767734700,1,49.919,0.0
134040_1767735000,1,374.454,434.0
134040_1767735300,1,386.887,434.0
134040_1767735900,1,272.882,0.0
134040_1767736200,1,310.207,0.0
134040_1767736500,1,322.521,0.0
135081_1767736800,1,-63.704,-98.0
135081_1767737100,1,-148.122,37.0
135081_1767737400,1,-56.19,13.0
135081_1767737700,1,59.404,172.0
135081_1767738000,1,66.664,87.0
135081_1767738300,1,112.15,73.0
132430_1767740400,1,68.337,151.0
132430_1767740700,1,76.187,124.0
132430_1767741000,1,187.694,60.0
132430_1767741300,1,107.217,85.0
132430_1767741600,1,95.448,189.0
132430_1767741900,1,68.066,160.0
134494_1767742200,1,-2.135,0.0
134494_1767742500,1,-2.933,0.0
134494_1767742800,1,-2.431,0.0
134494_1767743100,1,1.338,0.0
131672_1767672000,1,55.968,72.0
131672_1767672300,1,86.693,-66.0
131672_1767672600,1,89.297,10.0
131672_1767672900,1,29.634,27.0
131672_1767673200,1,31.909,-43.0
131672_1767673500,1,24.857,-31.0
134040_1767675600,1,152.7,83.0
134040_1767675900,1,85.35,117.0
134040_1767676200,1,78.962,188.0
134040_1767676500,1,97.079,165.0
134040_1767676800,1,147.087,116.0
134040_1767677100,1,153.826,112.0
131672_1767677400,1,68.693,86.0
135081_1767681000,1,73.011,20.0
135081_1767681300,1,-19.46,71.0
135081_1767681600,1,49.858,-36.0
135081_1767681900,1,26.21,-25.0
135081_1767682200,1,-26.32,-113.0
135081_1767682500,1,-108.107,-145.0
122048_1767682800,1,2.554,542.0
122048_1767683100,1,34.25,542.0
122048_1767683400,1,49.398,578.0
122048_1767683700,1,289.008,446.0
122048_1767684000,1,284.107,415.0
122048_1767684300,1,292.021,408.0
133957_1767686400,1,-31.504,9.0
133957_1767686700,1,-46.751,-42.0
133957_1767687000,1,-20.38,3.0
133957_1767687300,1,-25.228,79.0
133957_1767687600,1,-14.317,45.0
133957_1767687900,1,36.003,104.0
133957_1767688200,1,65.932,173.0
133957_1767688500,1,42.884,190.0
133957_1767688800,1,137.14,103.0
133957_1767689100,1,135.211,-9.0
133957_1767689400,1,30.166,-23.0
133957_1767689700,1,43.639,-32.0
130238_1767693600,1,-7.595,0.0
130238_1767695100,1,-13.15,-47.0
133300_1767695400,1,9.65,33.0
133300_1767695700,1,34.81,50.0
133300_1767696000,1,12.229,197.0
133300_1767696600,1,-8.394,-52.0
133300_1767696900,1,34.085,-52.0
135081_1767700800,1,6.425,-128.0
135081_1767701100,1,-44.715,-93.0
135081_1767701400,1,-66.785,-122.0
135081_1767701700,1,-118.178,19.0
135081_1767702000,1,-76.301,9.0
135081_1767702300,1,-104.057,-39.0
131672_1767704400,1,33.402,94.0
131672_1767704700,1,-32.765,13.0
131672_1767705000,1,-34.115,7.0
131672_1767705300,1,-45.672,-23.0
131672_1767705600,1,-34.152,24.0
131672_1767705900,1,-2.586,9.0
122613_1767706200,1,-5.508,0.0
122613_1767706500,1,6.147,0.0
122613_1767706800,1,-2.977,0.0
122613_1767707100,1,-6.882,0.0
122613_1767707400,1,-10.626,0.0
122613_1767707700,1,-7.198,0.0
122048_1767708000,1,-1.692,0.0
122048_1767708300,1,25.068,0.0
122048_1767709500,1,3.286,-276.0
133957_1767710100,1,-37.607,102.0
133957_1767710400,1,13.579,98.0
133957_1767710700,1,68.925,157.0
133957_1767711000,1,71.675,144.0
133957_1767711300,1,108.413,104.0
122048_1767665400,2,3.199,-25.0
122048_1767665700,2,24.072,0.0
122048_1767666000,2,36.122,0.0
122048_1767666300,2,34.475,0.0
122048_1767668400,2,-1.372,0.0
122048_1767668700,2,-1.222,0.0
122048_1767669000,2,2.93,0.0
122048_1767669300,2,5.111,0.0
122048_1767669600,2,0.201,0.0
122048_1767669900,2,3.605,0.0
133957_1767670200,2,86.088,133.0
129964_1767670200,2,52.988,74.0
129964_1767670500,2,5.473,61.0
133957_1767670500,2,40.625,55.0
132430_1767670500,2,-27.897,215.0
129964_1767670800,2,48.168,-16.0
133957_1767670800,2,83.982,-10.0
132430_1767670800,2,14.352,162.0
133957_1767671100,2,-74.802,-86.0
129964_1767671100,2,54.867,-55.0
132430_1767671100,2,43.715,137.0
129964_1767671400,2,-1.674,22.0
132430_1767671400,2,188.035,244.0
133957_1767671400,2,-61.431,-86.0
132430_1767671700,2,145.27,324.0
133957_1767671700,2,-65.68,-40.0
129964_1767671700,2,-12.345,-50.0
130238_1767672900,2,35.589,-23.0
130238_1767673200,2,57.123,39.0
130238_1767673500,2,63.254,26.0
133957_1767673800,2,25.155,32.0
135081_1767673800,2,-53.612,111.0
135081_1767674100,2,56.745,80.0
133957_1767674100,2,43.63,43.0
133957_1767674400,2,45.957,74.0
135081_1767674400,2,113.398,122.0
133957_1767674700,2,93.794,171.0
135081_1767674700,2,73.661,94.0
135081_1767675000,2,138.803,53.0
133957_1767675000,2,60.981,92.0
135081_1767675300,2,99.211,208.0
133957_1767675300,2,91.121,5.0
135081_1767675600,2,53.914,299.0
135081_1767675900,2,173.121,224.0
135081_1767676200,2,242.17,126.0
135081_1767676500,2,187.509,-30.0
122048_1767677400,2,-60.406,-65.0
133300_1767677400,2,-8.328,87.0
134040_1767677400,2,89.225,71.0
122048_1767677700,2,-104.41,12.0
134040_1767677700,2,65.037,174.0
133300_1767677700,2,75.328,87.0
133300_1767678000,2,34.576,108.0
134040_1767678000,2,31.344,-25.0
122048_1767678000,2,-19.022,47.0
133300_1767678300,2,100.0,59.0
122048_1767678300,2,-31.097,124.0
133300_1767678600,2,147.206,40.0
122048_1767678600,2,14.382,172.0
133300_1767678900,2,67.475,-2.0
122048_1767678900,2,76.111,140.0
129964_1767680400,2,44.664,-51.0
129964_1767680700,2,81.899,-106.0
122658_1767681000,2,115.112,181.0
133300_1767681000,2,58.119,12.0
133300_1767681300,2,52.088,-61.0
122658_1767681300,2,-3.777,0.0
133300_1767681600,2,18.854,159.0
122658_1767681600,2,22.564,0.0
131672_1767681900,2,36.326,37.0
133300_1767681900,2,-27.664,79.0
122658_1767681900,2,52.982,0.0
133300_1767682200,2,-9.34,79.0
131672_1767682200,2,65.535,13.0
122658_1767682200,2,12.476,0.0
133300_1767682500,2,5.928,173.0
131672_1767682500,2,79.334,16.0
122658_1767682500,2,-1.8,0.0
132430_1767686400,2,77.664,30.0
132430_1767686700,2,67.037,53.0
132430_1767687000,2,25.394,42.0
132430_1767687300,2,61.22,-108.0
132430_1767687600,2,15.483,-132.0
132430_1767687900,2,-8.137,-101.0
130238_1767688200,2,42.128,27.0
132430_1767688200,2,-30.535,194.0
130238_1767688500,2,55.196,-8.0
132430_1767688500,2,11.081,268.0
132430_1767688800,2,217.749,284.0
130238_1767688800,2,71.242,-92.0
132430_1767689100,2,193.563,163.0
130238_1767689100,2,24.525,-120.0
130238_1767689400,2,-32.967,37.0
132430_1767689400,2,180.837,85.0
130238_1767689700,2,-65.01,57.0
132430_1767689700,2,158.741,7.0
129964_1767690000,2,14.795,65.0
133300_1767690000,2,65.598,68.0
129964_1767690300,2,22.703,66.0
133300_1767690300,2,88.131,69.0
133300_1767690600,2,118.486,59.0
129964_1767690600,2,22.91,79.0
133300_1767690900,2,88.49,62.0
129964_1767690900,2,38.887,58.0
129964_1767691200,2,56.754,64.0
133300_1767691200,2,107.197,135.0
129964_1767691500,2,51.021,94.0
132430_1767695400,2,145.179,26.0
130238_1767695400,2,48.473,-12.0
122613_1767695400,2,-9.519,123.0
132430_1767695700,2,148.716,30.0
130238_1767695700,2,67.527,2.0
122613_1767695700,2,36.777,61.0
132430_1767696000,2,41.129,-71.0
130238_1767696000,2,16.735,-34.0
132430_1767696300,2,73.524,221.0
130238_1767696300,2,37.658,10.0
132430_1767696600,2,70.293,264.0
130238_1767696600,2,-15.207,46.0
122613_1767696900,2,-88.842,0.0
132430_1767696900,2,197.629,113.0
130238_1767696900,2,-60.957,29.0
129964_1767697200,2,59.964,133.0
129964_1767697500,2,67.053,75.0
129964_1767697800,2,51.943,26.0
129964_1767698100,2,59.628,10.0
129964_1767698400,2,5.717,14.0
129964_1767698700,2,-15.01,0.0
122658_1767700800,2,46.588,143.0
122658_1767701100,2,145.283,121.0
122658_1767701700,2,-27.093,0.0
122658_1767702000,2,33.849,0.0
122658_1767702300,2,52.938,0.0
133957_1767702600,2,9.478,172.0
133957_1767702900,2,80.681,97.0
133957_1767703200,2,105.54,101.0
133957_1767703500,2,136.915,161.0
133957_1767703800,2,62.453,40.0
133957_1767704100,2,129.376,139.0
129964_1767706200,2,-53.336,-50.0
129964_1767706500,2,5.917,-51.0
129964_1767706800,2,-37.039,-34.0
129964_1767707100,2,-44.325,25.0
129964_1767707400,2,-67.587,-62.0
129964_1767707700,2,14.52,5.0
134040_1767709800,2,50.221,79.0
132430_1767709800,2,83.023,137.0
129964_1767709800,2,23.218,-69.0
129964_1767710100,2,-49.958,-42.0
134040_1767710100,2,25.826,4.0
132430_1767710400,2,-18.852,23.0
134040_1767710400,2,60.282,68.0
129964_1767710400,2,-90.985,-145.0
134040_1767710700,2,66.25,87.0
132430_1767710700,2,16.881,23.0
129964_1767710700,2,-60.553,-127.0
134040_1767711000,2,65.857,187.0
129964_1767711000,2,-70.992,-207.0
132430_1767711000,2,-5.897,47.0
134040_1767711300,2,90.028,267.0
129964_1767711300,2,-62.823,-66.0
132430_1767711300,2,68.746,33.0
133300_1767712200,2,42.13,-35.0
133300_1767712500,2,53.983,-35.0
133300_1767712800,2,66.421,36.0
133300_1767713100,2,56.43,-9.0
122613_1767713400,2,17.947,0.0
122658_1767713400,2,67.264,86.0
129964_1767713400,2,70.491,-129.0
122613_1767713700,2,17.58,0.0
129964_1767713700,2,-12.208,-33.0
122658_1767713700,2,79.192,159.0
122613_1767714000,2,14.65,0.0
122658_1767714000,2,125.597,225.0
129964_1767714000,2,-6.734,25.0
122613_1767714300,2,7.925,0.0
129964_1767714300,2,66.055,8.0
122658_1767714300,2,71.614,348.0
129964_1767714600,2,1.334,-49.0
122613_1767714600,2,7.29,0.0
122658_1767714600,2,66.278,362.0
122613_1767714900,2,12.36,0.0
122658_1767714900,2,31.543,2.0
129964_1767714900,2,10.0,-82.0
122613_1767715200,2,8.634,0.0
122613_1767715500,2,-38.681,0.0
122613_1767715800,2,-41.32,-18.0
122613_1767716100,2,-6.692,11.0
122613_1767716400,2,-36.945,-88.0
122613_1767716700,2,56.164,-27.0
129964_1767717300,2,-2.236,-111.0
129964_1767717600,2,15.695,-126.0
129964_1767717900,2,74.954,38.0
129964_1767718200,2,-50.531,57.0
129964_1767718500,2,102.714,71.0
135081_1767718800,2,-73.89,-153.0
135081_1767719100,2,-12.461,-144.0
135081_1767719400,2,-69.895,-123.0
135081_1767719700,2,-67.491,-137.0
135081_1767720000,2,-80.48,-199.0
135081_1767720300,2,-52.429,-231.0
132430_1767722400,2,234.057,380.0
133300_1767722400,2,69.679,310.0
133300_1767722700,2,160.937,406.0
132430_1767722700,2,300.479,324.0
133300_1767723000,2,240.931,580.0
132430_1767723000,2,342.065,452.0
132430_1767723300,2,281.581,333.0
132430_1767723600,2,320.787,310.0
133300_1767723600,2,129.222,-5.0
132430_1767723900,2,271.261,285.0
134040_1767724200,2,292.811,465.0
134040_1767724500,2,261.361,409.0
131672_1767726900,2,-8.888,-3.0
131672_1767727200,2,62.31,-9.0
131672_1767727500,2,89.228,163.0
132430_1767729600,2,32.667,21.0
132430_1767729900,2,-2.9,177.0
132430_1767730200,2,5.22,173.0
132430_1767730500,2,24.934,146.0
132430_1767730800,2,168.512,234.0
132430_1767731100,2,168.577,277.0
133957_1767733200,2,64.268,59.0
133957_1767733500,2,-3.445,28.0
133957_1767733800,2,11.854,15.0
133957_1767734100,2,53.363,45.0
133957_1767734400,2,-19.159,7.0
133957_1767734700,2,45.927,65.0
134040_1767736800,2,19.868,0.0
134040_1767737100,2,19.854,0.0
134040_1767737400,2,26.074,0.0
134040_1767737700,2,24.712,0.0
134040_1767738000,2,27.924,0.0
134040_1767738300,2,18.014,0.0
134494_1767738600,2,-20.456,0.0
134494_1767738900,2,13.734,0.0
134494_1767739200,2,4.423,0.0
134494_1767739500,2,-1.342,0.0
134494_1767739800,2,-5.881,0.0
134494_1767740100,2,-6.48,0.0
134494_1767742200,2,12.11,0.0
134494_1767742500,2,9.52,0.0
134494_1767742800,2,7.013,0.0
134494_1767743100,2,17.474,0.0
122048_1767679200,2,142.933,154.0
122048_1767679500,2,161.654,55.0
122048_1767679800,2,113.468,59.0
135081_1767681000,2,60.623,20.0
135081_1767681300,2,-26.218,71.0
135081_1767681600,2,32.653,-36.0
135081_1767681900,2,13.956,-25.0
135081_1767682200,2,-19.363,-113.0
135081_1767682500,2,-71.814,-145.0
129964_1767688200,2,37.953,221.0
133957_1767688200,2,84.82,173.0
133957_1767688500,2,50.575,190.0
133957_1767688800,2,118.426,103.0
129964_1767688800,2,-14.5,-54.0
133957_1767689100,2,108.89,-9.0
129964_1767689100,2,35.978,-78.0
129964_1767689400,2,33.86,36.0
133957_1767689400,2,21.353,-23.0
133957_1767689700,2,51.53,-32.0
129964_1767689700,2,14.431,81.0
130238_1767693600,2,-20.479,0.0
130238_1767695100,2,8.298,-47.0
135081_1767700800,2,-10.291,-128.0
135081_1767701100,2,-52.16,-93.0
135081_1767701400,2,-74.335,-122.0
135081_1767701700,2,-84.6,19.0
135081_1767702000,2,-73.398,9.0
135081_1767702300,2,-88.868,-39.0
133957_1767710100,2,-9.888,102.0
133957_1767710400,2,1.508,98.0
133957_1767710700,2,52.868,157.0
133957_1767711000,2,92.899,144.0
133957_1767711300,2,116.988,104.0
131672_1767715200,2,-68.873,-130.0
135081_1767715200,2,28.888,100.0
131672_1767715500,2,-60.092,-99.0
135081_1767715500,2,77.169,74.0
135081_1767715800,2,104.888,82.0
131672_1767715800,2,-109.615,-59.0
135081_1767716100,2,167.119,47.0
131672_1767716100,2,-69.254,-53.0
135081_1767716400,2,74.202,118.0
131672_1767716400,2,-18.848,-55.0
131672_1767716700,2,34.584,-74.0
135081_1767716700,2,74.573,137.0
133300_1767720600,2,24.664,99.0
133300_1767720900,2,92.747,154.0
133300_1767721200,2,54.055,113.0
134040_1767721500,2,31.887,7.0
133300_1767721500,2,-7.206,-28.0
133300_1767721800,2,26.286,-28.0
134040_1767721800,2,50.4,78.0
134040_1767722100,2,66.373,106.0
133300_1767722100,2,77.933,193.0
133957_1767722400,2,15.129,0.0
133957_1767722700,2,-56.186,-74.0
133957_1767723000,2,-21.292,100.0
133957_1767723300,2,-61.965,89.0
133957_1767723600,2,79.9,114.0
133957_1767723900,2,69.976,163.0
135081_1767729600,2,-23.269,24.0
135081_1767729900,2,-33.625,206.0
135081_1767730200,2,46.994,197.0
135081_1767730500,2,194.816,234.0
131672_1767733200,2,42.859,-15.0
131672_1767733500,2,7.368,-60.0
131672_1767733800,2,4.391,-24.0
131672_1767734100,2,-15.469,-1.0
131672_1767734400,2,-21.113,26.0
131672_1767734700,2,23.851,12.0
133957_1767666600,2,20.712,-32.0
133957_1767666900,2,37.237,-32.0
133957_1767667200,2,67.564,17.0
133957_1767667500,2,55.646,-66.0
133957_1767667800,2,66.883,-74.0
133957_1767668100,2,35.661,-61.0
133957_1767668400,2,-11.297,-34.0
133957_1767669300,2,30.823,46.0
133957_1767669600,2,26.755,58.0
133957_1767669900,2,40.822,40.0
134040_1767670200,2,123.599,110.0
134040_1767670500,2,130.095,129.0
134040_1767670800,2,101.334,132.0
134040_1767671100,2,159.227,60.0
134040_1767671400,2,129.457,43.0
134040_1767671700,2,108.361,-29.0
135081_1767672000,2,26.32,-33.0
132430_1767672000,2,184.437,364.0
135081_1767672300,2,0.687,-40.0
132430_1767672300,2,205.906,275.0
135081_1767672600,2,5.577,-145.0
132430_1767672600,2,263.649,322.0
132430_1767672900,2,229.139,130.0
135081_1767672900,2,-26.185,-98.0
132430_1767673200,2,256.371,129.0
135081_1767673200,2,-80.46,71.0
132430_1767673500,2,204.571,265.0
135081_1767673500,2,-105.096,64.0
131672_1767673800,2,23.171,-73.0
131672_1767674100,2,-21.807,121.0
131672_1767674400,2,15.221,145.0
131672_1767674700,2,31.745,125.0
131672_1767675000,2,147.095,166.0
131672_1767675300,2,61.423,88.0
130238_1767677400,2,28.153,-50.0
130238_1767677700,2,20.464,-47.0
130238_1767678000,2,50.891,-45.0
130238_1767678300,2,-21.092,-142.0
132430_1767682800,2,50.371,267.0
122658_1767682800,2,4.452,0.0
132430_1767683100,2,30.426,408.0
122658_1767683100,2,6.68,0.0
122658_1767683400,2,50.177,-11.0
132430_1767683400,2,217.979,270.0
122658_1767683700,2,61.4,96.0
132430_1767683700,2,208.363,163.0
122658_1767684000,2,67.757,58.0
132430_1767684000,2,160.359,246.0
122658_1767684300,2,48.67,118.0
132430_1767684300,2,110.869,230.0
130238_1767684300,2,50.709,16.0
131672_1767684600,2,20.005,-63.0
135081_1767684600,2,-25.655,-78.0
122048_1767684600,2,206.494,350.0
131672_1767684900,2,20.915,-96.0
135081_1767684900,2,-47.045,-28.0
122048_1767684900,2,207.603,304.0
135081_1767685200,2,-10.391,59.0
122048_1767685200,2,210.755,183.0
131672_1767685200,2,31.151,-126.0
122048_1767685500,2,130.553,141.0
135081_1767685500,2,14.106,275.0
135081_1767685800,2,63.779,288.0
122048_1767685800,2,79.218,45.0
135081_1767686100,2,185.456,247.0
122048_1767686100,2,79.688,-35.0
134040_1767690000,2,45.821,159.0
130238_1767690000,2,31.022,40.0
130238_1767690300,2,107.776,49.0
134040_1767690300,2,30.835,-28.0
130238_1767690600,2,57.777,57.0
130238_1767691200,2,-23.172,0.0
130238_1767691500,2,-25.629,0.0
133957_1767691800,2,14.144,48.0
133957_1767692100,2,46.393,50.0
133957_1767692400,2,59.942,223.0
133957_1767692700,2,56.433,191.0
133957_1767693000,2,140.343,80.0
133957_1767693300,2,109.709,23.0
132430_1767693600,2,-39.929,132.0
132430_1767693900,2,-25.738,33.0
132430_1767694200,2,86.375,90.0
132430_1767694500,2,63.549,144.0
132430_1767694800,2,80.701,233.0
132430_1767695100,2,126.444,116.0
132430_1767697200,2,105.166,17.0
133957_1767697200,2,132.322,64.0
133957_1767697500,2,115.266,3.0
132430_1767697500,2,86.547,86.0
133957_1767697800,2,8.302,18.0
132430_1767697800,2,52.269,70.0
132430_1767698100,2,62.192,49.0
133957_1767698100,2,-38.132,-47.0
132430_1767698400,2,76.73,49.0
133957_1767698400,2,20.312,-69.0
133957_1767698700,2,-32.619,-145.0
133957_1767699000,2,-39.694,-96.0
135081_1767699000,2,195.032,28.0
122613_1767699000,2,6.768,0.0
122613_1767699300,2,13.342,0.0
133957_1767699300,2,-87.813,-249.0
135081_1767699300,2,121.069,45.0
133957_1767699600,2,-80.577,-254.0
135081_1767699600,2,59.822,55.0
122613_1767699600,2,-40.172,-145.0
135081_1767699900,2,12.203,36.0
133957_1767699900,2,-59.956,-158.0
122613_1767699900,2,-33.765,-230.0
133957_1767700200,2,-122.407,80.0
135081_1767700200,2,-1.834,-24.0
122613_1767700200,2,-35.601,-116.0
133957_1767700500,2,-42.893,42.0
122613_1767700500,2,-198.027,-79.0
135081_1767700500,2,-45.981,-98.0
122048_1767700800,2,-65.111,374.0
122048_1767701100,2,206.802,312.0
122048_1767701400,2,218.699,354.0
122048_1767701700,2,192.318,273.0
122048_1767702000,2,158.002,252.0
122048_1767702300,2,153.468,158.0
122048_1767702600,2,119.62,144.0
122048_1767702900,2,80.415,138.0
122048_1767703200,2,51.203,87.0
122048_1767703500,2,49.389,84.0
122048_1767703800,2,27.807,84.0
122048_1767704100,2,-30.975,0.0
132430_1767704700,2,-80.479,16.0
132430_1767705000,2,13.587,16.0
132430_1767705300,2,26.484,17.0
132430_1767705600,2,44.855,77.0
132430_1767705900,2,10.453,57.0
122048_1767706200,2,0.389,0.0
122048_1767706500,2,-4.117,0.0
122048_1767706800,2,10.284,0.0
122048_1767707100,2,3.03,0.0
122048_1767707400,2,0.493,0.0
122048_1767707700,2,4.135,0.0
135081_1767709800,2,-4.384,-84.0
135081_1767710100,2,18.517,-126.0
135081_1767710400,2,-7.873,-128.0
135081_1767710700,2,-0.295,-145.0
135081_1767711000,2,-17.495,-175.0
135081_1767711300,2,-28.46,-168.0
132430_1767711600,2,18.515,171.0
134040_1767711600,2,181.011,199.0
134040_1767711900,2,188.295,181.0
132430_1767711900,2,79.939,384.0
132430_1767712200,2,133.031,291.0
134040_1767712200,2,181.844,202.0
132430_1767712500,2,233.097,226.0
134040_1767712500,2,157.921,199.0
134040_1767712800,2,123.91,183.0
132430_1767712800,2,282.619,258.0
134040_1767713100,2,170.985,91.0
132430_1767713100,2,232.817,199.0
130238_1767713400,2,76.723,-99.0
130238_1767713700,2,-49.747,-47.0
130238_1767714000,2,-40.997,-41.0
130238_1767714300,2,-56.701,-45.0
130238_1767714600,2,-10.563,-30.0
130238_1767714900,2,13.32,-78.0
122048_1767715200,2,10.782,0.0
130238_1767715200,2,-30.214,-97.0
122048_1767715500,2,11.665,0.0
122048_1767715800,2,4.874,0.0
122048_1767716100,2,0.195,0.0
122048_1767716400,2,21.01,0.0
133957_1767716400,2,71.698,115.0
130238_1767716400,2,20.8,98.0
133957_1767716700,2,90.084,104.0
130238_1767716700,2,2.084,9.0
122048_1767716700,2,31.707,0.0
130238_1767717000,2,37.731,-55.0
135081_1767717000,2,93.289,92.0
135081_1767717300,2,86.308,-22.0
130238_1767717300,2,73.941,-41.0
130238_1767717600,2,1.275,-57.0
135081_1767717600,2,107.925,-133.0
135081_1767717900,2,20.098,-127.0
130238_1767717900,2,44.633,-92.0
130238_1767718200,2,48.005,-38.0
135081_1767718200,2,-89.988,-51.0
135081_1767718500,2,-76.233,-77.0
130238_1767718500,2,45.002,-3.0
129964_1767718800,2,77.342,39.0
129964_1767719100,2,-1.281,-44.0
129964_1767719400,2,-22.292,-130.0
129964_1767719700,2,7.373,-135.0
129964_1767720000,2,-55.155,-14.0
129964_1767720300,2,-32.892,-105.0
122658_1767720600,2,39.595,0.0
130238_1767720600,2,97.487,-64.0
133957_1767720900,2,6.664,67.0
130238_1767720900,2,77.825,-125.0
122658_1767720900,2,15.11,0.0
130238_1767721200,2,73.231,-103.0
133957_1767721200,2,3.269,28.0
122658_1767721200,2,15.212,0.0
130238_1767721500,2,-26.621,-170.0
133957_1767721500,2,9.507,83.0
133957_1767721800,2,54.047,-28.0
133957_1767722100,2,59.581,-73.0
131672_1767727800,2,97.168,302.0
131672_1767728100,2,115.459,382.0
131672_1767728400,2,181.251,359.0
131672_1767728700,2,189.052,492.0
133957_1767729000,2,117.119,39.0
131672_1767729000,2,212.22,533.0
131672_1767729300,2,275.074,478.0
133957_1767729300,2,135.948,171.0
131672_1767729600,2,327.456,557.0
133957_1767731400,2,12.182,46.0
130072_1767731400,2,110.623,49.0
133957_1767731700,2,99.088,116.0
130072_1767731700,2,23.242,78.0
130072_1767732000,2,48.845,158.0
133957_1767732000,2,53.679,129.0
130072_1767732300,2,47.671,161.0
133957_1767732600,2,56.985,39.0
135081_1767732600,2,25.955,79.0
130072_1767732600,2,209.523,226.0
133957_1767732900,2,-10.104,-49.0
130072_1767732900,2,184.795,187.0
135081_1767732900,2,94.365,136.0
130072_1767733200,2,115.467,125.0
130072_1767733500,2,124.254,125.0
130072_1767733800,2,81.146,168.0
130072_1767734100,2,71.797,195.0
130072_1767734400,2,40.269,163.0
130072_1767734700,2,61.736,0.0
133957_1767736800,2,74.985,32.0
133957_1767737100,2,109.361,-8.0
133957_1767737400,2,125.313,27.0
133957_1767737700,2,47.749,-22.0
134494_1767738000,2,-15.455,0.0
133957_1767738000,2,46.145,-77.0
134494_1767738300,2,-25.426,0.0
134040_1767738600,2,-1.563,0.0
134040_1767738900,2,-4.611,0.0
134040_1767739200,2,42.151,0.0
134040_1767739500,2,2.532,0.0
134040_1767739800,2,19.105,0.0
134040_1767740100,2,-9.908,0.0
134040_1767673800,2,121.89,332.0
134040_1767674100,2,135.05,369.0
134040_1767674400,2,250.773,362.0
134040_1767674700,2,246.373,317.0
134040_1767675000,2,237.979,253.0
134040_1767675300,2,110.747,100.0
134040_1767675600,2,102.137,83.0
134040_1767675900,2,75.143,117.0
134040_1767676200,2,73.723,188.0
134040_1767676500,2,87.418,165.0
134040_1767676800,2,139.407,116.0
134040_1767677100,2,102.119,112.0
131672_1767677400,2,63.482,86.0
133300_1767679200,2,31.368,65.0
133300_1767679800,2,11.271,-49.0
133300_1767680100,2,10.098,-49.0
133300_1767680400,2,54.824,-42.0
133300_1767680700,2,38.183,26.0
132430_1767690000,2,104.811,-66.0
132430_1767690300,2,39.385,-139.0
133300_1767691800,2,-32.301,-58.0
133300_1767692100,2,-12.279,-58.0
133300_1767692400,2,24.423,-31.0
133300_1767692700,2,19.047,-41.0
133300_1767693000,2,2.786,-24.0
133300_1767693300,2,13.72,47.0
122658_1767695700,2,39.477,9.0
122658_1767696000,2,36.419,100.0
122658_1767696300,2,46.631,271.0
122658_1767696600,2,93.248,376.0
122658_1767696900,2,140.171,318.0
131672_1767704400,2,46.973,94.0
131672_1767704700,2,-10.11,13.0
131672_1767705000,2,-4.89,7.0
131672_1767705300,2,-64.642,-23.0
131672_1767705600,2,-26.887,24.0
131672_1767705900,2,1.701,9.0
135081_1767706200,2,51.128,155.0
135081_1767706500,2,78.087,156.0
135081_1767706800,2,114.554,113.0
135081_1767707100,2,151.286,130.0
135081_1767707400,2,141.648,247.0
135081_1767707700,2,91.763,113.0
122048_1767708000,2,3.396,0.0
122048_1767708300,2,19.758,0.0
122048_1767709500,2,-8.952,-276.0
134040_1767730500,2,149.702,121.0
134040_1767730800,2,170.651,191.0
134040_1767731100,2,182.372,150.0
134494_1767740400,2,-5.055,0.0
134494_1767740700,2,-1.791,0.0
134494_1767741000,2,-2.541,0.0
134494_1767741300,2,-4.251,0.0
134494_1767741600,2,-4.73,0.0
134494_1767741900,2,-7.605,0.0
122048_1767666600,2,-38.148,0.0
132430_1767666900,2,1.838,46.0
122048_1767666900,2,-44.256,0.0
132430_1767667200,2,29.696,102.0
122048_1767667200,2,-43.348,0.0
132430_1767667500,2,39.576,-23.0
122048_1767667500,2,-47.376,0.0
122048_1767667800,2,-50.548,0.0
132430_1767667800,2,110.371,-2.0
132430_1767668100,2,113.562,27.0
122048_1767668100,2,-21.196,0.0
133957_1767675600,2,4.346,-10.0
122048_1767675600,2,-18.484,-68.0
122048_1767675900,2,-50.777,-86.0
133957_1767675900,2,-29.091,-32.0
133957_1767676200,2,-9.083,95.0
122048_1767676200,2,-67.278,25.0
122048_1767676500,2,-38.968,-41.0
133957_1767676500,2,-7.876,61.0
122048_1767676800,2,7.304,-163.0
133957_1767676800,2,-5.407,7.0
122048_1767677100,2,28.42,-177.0
133957_1767677100,2,88.162,-94.0
133957_1767677400,2,24.552,-91.0
132430_1767679800,2,-7.518,73.0
132430_1767680100,2,11.251,73.0
132430_1767680400,2,-12.168,-15.0
132430_1767680700,2,47.45,-42.0
132430_1767681000,2,29.759,32.0
130238_1767681000,2,-12.224,0.0
132430_1767681300,2,74.776,126.0
130238_1767681300,2,26.024,0.0
130238_1767681600,2,27.948,0.0
132430_1767681600,2,90.454,65.0
130238_1767681900,2,58.284,0.0
132430_1767681900,2,39.405,-62.0
132430_1767682200,2,95.828,-16.0
132430_1767682500,2,50.208,248.0
133957_1767682800,2,-44.819,-74.0
133300_1767682800,2,56.472,135.0
129964_1767682800,2,114.114,70.0
133957_1767683100,2,-6.201,-8.0
133300_1767683100,2,134.379,169.0
129964_1767683100,2,93.578,154.0
129964_1767683400,2,53.436,81.0
133300_1767683400,2,120.09,166.0
129964_1767683700,2,136.772,145.0
133300_1767683700,2,88.65,240.0
133957_1767683700,2,29.155,10.0
133957_1767684000,2,47.32,33.0
133300_1767684000,2,-2.706,116.0
129964_1767684000,2,50.997,134.0
133300_1767684300,2,-10.857,116.0
133957_1767684300,2,55.515,71.0
122658_1767684600,2,65.645,97.0
133300_1767684600,2,13.394,214.0
133300_1767684900,2,59.673,244.0
122658_1767684900,2,100.899,97.0
133300_1767685200,2,137.904,255.0
122658_1767685200,2,-43.728,0.0
122658_1767685500,2,-0.829,0.0
133300_1767685500,2,163.214,286.0
133300_1767685800,2,156.586,404.0
122658_1767685800,2,6.678,0.0
122658_1767686100,2,-0.386,0.0
133300_1767686400,2,-5.287,-26.0
122658_1767688200,2,53.442,137.0
122658_1767688500,2,15.571,-33.0
122658_1767688800,2,68.866,-34.0
122658_1767689100,2,-49.347,-34.0
122658_1767689400,2,0.781,-34.0
133300_1767689400,2,11.937,9.0
122658_1767689700,2,-34.417,-34.0
133300_1767689700,2,24.45,9.0
122048_1767690000,2,72.546,73.0
122048_1767690300,2,94.578,-33.0
129964_1767691800,2,22.051,42.0
122048_1767691800,2,-21.081,233.0
129964_1767692100,2,60.119,16.0
122048_1767692100,2,30.836,200.0
129964_1767692400,2,59.785,106.0
122048_1767692400,2,55.79,91.0
122048_1767692700,2,125.967,-63.0
122048_1767693000,2,87.856,-67.0
132430_1767693300,2,93.649,132.0
122048_1767693300,2,-71.885,-115.0
135081_1767697800,2,-110.588,77.0
135081_1767698100,2,-56.602,95.0
135081_1767698400,2,-32.644,135.0
135081_1767698700,2,103.056,126.0
133300_1767702600,2,34.37,47.0
133300_1767702900,2,50.408,95.0
131672_1767703200,2,57.782,17.0
133300_1767703200,2,28.914,322.0
131672_1767703500,2,62.734,76.0
131672_1767703800,2,97.867,53.0
133300_1767703800,2,-49.047,-25.0
131672_1767704100,2,26.886,192.0
122048_1767704400,2,0.669,0.0
122048_1767704700,2,-13.839,0.0
122048_1767705000,2,3.047,0.0
122048_1767705300,2,5.726,0.0
133957_1767705600,2,-34.012,113.0
122048_1767705600,2,8.95,0.0
122613_1767705900,2,-109.15,0.0
133957_1767705900,2,41.411,123.0
122048_1767705900,2,4.986,0.0
132430_1767706200,2,26.274,196.0
134040_1767706200,2,103.918,123.0
134040_1767706500,2,76.407,172.0
132430_1767706500,2,47.933,103.0
134040_1767706800,2,129.386,317.0
132430_1767706800,2,87.775,53.0
134040_1767707100,2,118.177,231.0
132430_1767707100,2,149.117,78.0
134040_1767707400,2,168.491,234.0
132430_1767707400,2,83.515,39.0
134040_1767707700,2,151.956,200.0
132430_1767707700,2,138.069,58.0
133957_1767708000,2,137.431,253.0
129964_1767708000,2,-40.829,-6.0
122613_1767708000,2,-1.001,0.0
133957_1767708300,2,179.37,180.0
122613_1767708300,2,-37.808,0.0
129964_1767708600,2,-12.82,-114.0
122613_1767708600,2,-58.62,-77.0
131672_1767708600,2,-31.925,60.0
133957_1767708600,2,169.81,238.0
131672_1767708900,2,40.394,90.0
122613_1767708900,2,-87.66,0.0
129964_1767708900,2,33.893,-106.0
133957_1767708900,2,174.535,170.0
122613_1767709200,2,-46.685,0.0
133957_1767709200,2,170.86,81.0
131672_1767709200,2,72.958,91.0
129964_1767709200,2,30.721,-77.0
131672_1767709500,2,88.263,115.0
122613_1767709500,2,-48.608,0.0
129964_1767709500,2,-128.629,-93.0
122613_1767709800,2,-11.516,0.0
122613_1767710100,2,-44.931,0.0
122613_1767710400,2,-17.906,0.0
122613_1767710700,2,-12.309,0.0
122613_1767711000,2,-2.512,0.0
122613_1767711300,2,2.845,0.0
122658_1767713100,2,32.138,27.0
122658_1767715200,2,83.905,0.0
122658_1767715500,2,105.978,0.0
122658_1767715800,2,-14.494,0.0
122658_1767716100,2,-24.394,0.0
122658_1767716400,2,-4.98,0.0
122658_1767716700,2,-13.334,0.0
122048_1767720600,2,-10.863,-32.0
129964_1767720600,2,-19.656,-10.0
135081_1767720600,2,-131.376,-180.0
122048_1767720900,2,-128.694,-32.0
135081_1767720900,2,-54.057,-34.0
129964_1767720900,2,-34.29,49.0
122048_1767721200,2,63.199,-108.0
135081_1767721200,2,-70.577,4.0
135081_1767721500,2,18.798,12.0
122048_1767721500,2,-24.782,-141.0
122048_1767721800,2,-77.054,-174.0
135081_1767721800,2,109.514,48.0
122048_1767722100,2,-132.32,-157.0
122048_1767722400,2,-182.437,-146.0
122048_1767722700,2,-111.268,-104.0
122048_1767723000,2,-136.201,-70.0
122048_1767723300,2,-78.937,48.0
122048_1767723600,2,-54.786,66.0
122048_1767723900,2,41.951,50.0
132430_1767724200,2,216.787,309.0
122048_1767724200,2,53.502,35.0
122048_1767724500,2,63.978,133.0
132430_1767724500,2,265.729,299.0
132430_1767724800,2,158.182,45.0
122048_1767724800,2,39.979,250.0
132430_1767725100,2,189.618,45.0
122048_1767725100,2,126.417,274.0
132430_1767725400,2,133.633,-1.0
122048_1767725400,2,224.967,356.0
122048_1767725700,2,245.699,417.0
132430_1767725700,2,29.399,27.0
135081_1767726000,2,193.274,311.0
135081_1767726300,2,239.818,146.0
135081_1767726600,2,221.775,53.0
135081_1767726900,2,187.829,-68.0
135081_1767727200,2,77.647,-32.0
135081_1767727500,2,-15.38,-15.0
122048_1767728700,2,-48.485,-348.0
122048_1767729000,2,-25.515,-142.0
122048_1767729300,2,-12.449,36.0
131672_1767732000,2,49.518,32.0
131672_1767732300,2,153.655,16.0
131672_1767732600,2,191.016,34.0
131672_1767732900,2,117.235,41.0
122048_1767733200,2,10.983,0.0
132430_1767733200,2,292.73,153.0
122048_1767733500,2,13.966,0.0
132430_1767733500,2,250.034,168.0
122048_1767733800,2,16.737,0.0
132430_1767733800,2,178.099,179.0
122048_1767734100,2,11.129,0.0
132430_1767734100,2,196.975,96.0
122048_1767734400,2,11.466,0.0
122048_1767734700,2,22.268,0.0
135081_1767736800,2,-81.27,-98.0
135081_1767737100,2,-115.896,37.0
135081_1767737400,2,-52.494,13.0
135081_1767737700,2,70.004,172.0
135081_1767738000,2,74.269,87.0
135081_1767738300,2,120.978,73.0
134040_1767740400,2,-41.083,0.0
134040_1767740700,2,-45.725,0.0
131672_1767666900,2,60.648,79.0
131672_1767667200,2,54.314,79.0
131672_1767667500,2,68.196,212.0
131672_1767667800,2,123.226,312.0
131672_1767668100,2,181.468,273.0
134040_1767668400,2,69.093,71.0
134040_1767668700,2,96.164,136.0
134040_1767669000,2,68.701,119.0
134040_1767669300,2,132.993,151.0
134040_1767669600,2,100.689,128.0
134040_1767669900,2,130.828,158.0
130238_1767675900,2,23.495,37.0
130238_1767676200,2,50.992,56.0
130238_1767676500,2,52.623,76.0
130238_1767676800,2,60.406,-9.0
130238_1767677100,2,63.973,38.0
122048_1767682800,2,-70.427,542.0
122048_1767683100,2,16.698,542.0
122048_1767683400,2,32.874,578.0
122048_1767683700,2,291.755,446.0
122048_1767684000,2,299.52,415.0
122048_1767684300,2,288.211,408.0
131672_1767691800,2,-40.315,-92.0
122613_1767702600,2,-18.641,64.0
122613_1767702900,2,34.586,64.0
134040_1767708000,2,125.37,60.0
134040_1767708300,2,86.961,25.0
134040_1767708600,2,41.351,61.0
134040_1767708900,2,-49.139,61.0
134040_1767709200,2,-20.751,81.0
134040_1767709500,2,-4.714,56.0
122613_1767711600,2,19.675,0.0
122613_1767711900,2,15.396,0.0
122613_1767712500,2,-60.755,0.0
122613_1767712800,2,-55.841,0.0
122613_1767713100,2,-50.196,0.0
133300_1767717000,2,-24.199,-12.0
133957_1767717000,2,92.371,134.0
133957_1767717300,2,126.749,71.0
133300_1767717300,2,38.43,-28.0
133957_1767717600,2,97.496,37.0
133300_1767717600,2,53.397,-46.0
133957_1767717900,2,170.225,-25.0
133300_1767717900,2,46.417,25.0
133957_1767718200,2,121.198,-42.0
133300_1767718200,2,100.415,26.0
133300_1767718500,2,42.082,129.0
133957_1767718500,2,-39.29,-28.0
132430_1767720600,2,129.103,141.0
132430_1767720900,2,84.636,216.0
132430_1767721200,2,170.231,309.0
132430_1767721500,2,212.035,359.0
132430_1767721800,2,237.012,295.0
132430_1767722100,2,293.949,393.0
135081_1767724500,2,14.938,112.0
135081_1767724800,2,81.615,246.0
135081_1767725100,2,97.983,166.0
135081_1767725400,2,214.359,241.0
135081_1767725700,2,206.184,313.0
130072_1767738600,2,-7.728,0.0
130072_1767738900,2,-30.351,0.0
129964_1767666600,2,-67.07,44.0
129964_1767666900,2,-85.303,16.0
129964_1767667200,2,-14.375,-27.0
129964_1767667500,2,47.258,2.0
129964_1767667800,2,22.128,-70.0
134040_1767667800,2,25.444,20.0
129964_1767668100,2,11.203,-76.0
134040_1767668100,2,57.126,93.0
132430_1767668400,2,61.278,22.0
132430_1767668700,2,34.014,74.0
132430_1767669000,2,1.232,1.0
132430_1767669300,2,93.995,4.0
132430_1767669600,2,45.946,84.0
132430_1767669900,2,16.77,58.0
129964_1767672000,2,63.889,-7.0
129964_1767672300,2,-31.01,-9.0
129964_1767672900,2,-18.438,-29.0
129964_1767673200,2,14.563,-57.0
129964_1767673500,2,76.903,19.0
129964_1767673800,2,70.753,-15.0
129964_1767674100,2,86.306,72.0
129964_1767674400,2,9.236,95.0
129964_1767674700,2,-50.149,46.0
129964_1767675000,2,-0.448,38.0
129964_1767675300,2,41.227,105.0
129964_1767675600,2,10.751,46.0
129964_1767675900,2,70.965,20.0
129964_1767676200,2,84.525,91.0
134040_1767679800,2,35.683,23.0
134040_1767680100,2,65.718,26.0
134040_1767680400,2,89.573,-52.0
134040_1767680700,2,35.309,-87.0
129964_1767681000,2,83.1,7.0
129964_1767681300,2,48.296,47.0
129964_1767681600,2,84.245,39.0
129964_1767681900,2,17.561,148.0
129964_1767682200,2,21.52,188.0
129964_1767682500,2,7.346,84.0
131672_1767682800,2,83.331,-48.0
131672_1767683100,2,10.203,-52.0
131672_1767683400,2,-105.403,-178.0
131672_1767683700,2,-120.874,-200.0
131672_1767684000,2,-93.87,-74.0
131672_1767684300,2,-130.92,24.0
129964_1767684600,2,-5.204,-29.0
129964_1767684900,2,37.144,-70.0
129964_1767685200,2,71.307,-34.0
129964_1767685500,2,26.526,-4.0
129964_1767685800,2,46.861,17.0
129964_1767686100,2,-13.593,162.0
130238_1767686400,2,157.962,107.0
122048_1767686400,2,69.484,-43.0
130238_1767686700,2,127.957,1.0
122048_1767686700,2,-36.572,-49.0
122048_1767687000,2,-29.268,104.0
122048_1767687300,2,-36.522,99.0
122048_1767687600,2,82.135,49.0
122048_1767687900,2,137.935,80.0
122048_1767688200,2,4.952,68.0
134040_1767688200,2,36.108,154.0
122048_1767688500,2,95.565,49.0
134040_1767688500,2,117.93,141.0
122048_1767688800,2,92.302,76.0
134040_1767688800,2,130.688,128.0
134040_1767689100,2,116.459,26.0
122048_1767689100,2,33.981,94.0
134040_1767689400,2,64.671,94.0
122048_1767689400,2,63.911,121.0
122048_1767689700,2,53.911,116.0
134040_1767689700,2,48.277,46.0
122658_1767690000,2,-35.004,-34.0
122658_1767690300,2,4.785,-34.0
122658_1767690600,2,-36.858,-34.0
122658_1767690900,2,-88.516,-34.0
130238_1767691800,2,-26.665,0.0
130238_1767692100,2,26.173,0.0
130238_1767692400,2,16.447,0.0
130238_1767692700,2,-8.359,0.0
130238_1767693000,2,-5.636,0.0
130238_1767693300,2,-10.813,0.0
122613_1767693600,2,-102.773,-180.0
122048_1767693600,2,-70.55,-142.0
133957_1767693600,2,30.251,-24.0
122613_1767693900,2,-148.013,-108.0
122048_1767693900,2,-115.531,-110.0
133957_1767693900,2,-27.266,13.0
122613_1767694200,2,-147.508,-140.0
122048_1767694200,2,-118.095,-50.0
133957_1767694200,2,24.743,21.0
122613_1767694500,2,-52.27,-70.0
133957_1767694500,2,-29.57,-22.0
122048_1767694500,2,-112.978,-184.0
133957_1767694800,2,30.225,24.0
122048_1767694800,2,-75.693,-250.0
122613_1767694800,2,-72.041,-38.0
122613_1767695100,2,-34.584,30.0
122048_1767695100,2,-91.439,-359.0
133957_1767695100,2,-4.268,-17.0
133300_1767697200,2,78.595,49.0
130238_1767697200,2,37.649,40.0
130238_1767697500,2,72.366,32.0
133300_1767697500,2,-7.824,77.0
133300_1767697800,2,11.8,65.0
133300_1767698100,2,36.797,151.0
133300_1767698400,2,60.285,225.0
132430_1767699000,2,-12.23,14.0
131672_1767699000,2,116.958,4.0
132430_1767699300,2,-2.215,14.0
131672_1767699300,2,39.523,40.0
131672_1767699600,2,-6.907,-28.0
132430_1767699600,2,28.773,-87.0
132430_1767699900,2,66.848,-110.0
131672_1767699900,2,-72.946,-29.0
131672_1767700200,2,-59.593,-23.0
132430_1767700200,2,35.794,-136.0
132430_1767700500,2,-19.884,-6.0
131672_1767700500,2,-13.119,-47.0
131672_1767700800,2,-77.406,-105.0
131672_1767701100,2,-52.98,-83.0
131672_1767701400,2,-25.03,-207.0
122658_1767702600,2,-27.087,0.0
122658_1767702900,2,-11.786,0.0
134040_1767703200,2,-93.444,-35.0
122658_1767703200,2,-6.561,0.0
134040_1767703500,2,44.712,-35.0
122658_1767703500,2,0.766,0.0
122658_1767703800,2,-6.339,103.0
134040_1767703800,2,64.05,52.0
122658_1767704100,2,16.903,252.0
134040_1767704100,2,58.917,87.0
135081_1767704400,2,28.744,11.0
122658_1767704400,2,78.121,289.0
129964_1767704400,2,-3.602,-106.0
122658_1767704700,2,134.907,321.0
129964_1767704700,2,22.666,-150.0
122658_1767705000,2,253.107,406.0
129964_1767705000,2,-44.165,-165.0
129964_1767705300,2,-1.345,-95.0
129964_1767705600,2,-81.083,11.0
122658_1767705600,2,212.151,0.0
129964_1767705900,2,-159.925,-32.0
122658_1767705900,2,135.43,0.0
135081_1767705900,2,20.091,79.0
132430_1767708000,2,115.303,192.0
135081_1767708000,2,195.753,19.0
132430_1767708300,2,89.388,68.0
135081_1767708300,2,89.265,-36.0
135081_1767708600,2,-3.533,-19.0
132430_1767708600,2,79.414,-7.0
132430_1767708900,2,83.695,115.0
135081_1767708900,2,6.642,-17.0
132430_1767709200,2,39.095,98.0
135081_1767709200,2,-61.321,-17.0
132430_1767709500,2,89.683,158.0
135081_1767709500,2,-83.082,-102.0
131672_1767711600,2,-49.911,-47.0
133957_1767711600,2,120.266,26.0
133957_1767711900,2,75.922,17.0
131672_1767711900,2,-0.703,-52.0
133957_1767712200,2,-8.77,28.0
133957_1767712500,2,49.056,-36.0
133957_1767712800,2,7.804,-93.0
133957_1767713100,2,-5.081,74.0
133957_1767713400,2,-51.18,75.0
133957_1767713700,2,6.096,-11.0
132430_1767715200,2,234.526,485.0
133300_1767715200,2,54.936,22.0
132430_1767715500,2,296.109,483.0
133300_1767715500,2,84.38,-24.0
133300_1767715800,2,53.468,-87.0
133300_1767716100,2,-21.083,-38.0
133300_1767716400,2,69.929,207.0
122658_1767717000,2,28.426,0.0
122658_1767717600,2,-54.424,-46.0
122658_1767717900,2,46.396,38.0
122658_1767718200,2,81.726,39.0
122658_1767718500,2,107.243,63.0
130238_1767718800,2,-40.238,-85.0
133300_1767718800,2,80.832,231.0
130238_1767719100,2,-8.974,99.0
130238_1767719400,2,-17.81,160.0
133300_1767719400,2,-1.224,-24.0
130238_1767719700,2,1.278,134.0
133300_1767719700,2,77.016,22.0
133300_1767720000,2,86.278,-46.0
130238_1767720000,2,145.227,35.0
133300_1767720300,2,129.776,-26.0
130238_1767720300,2,91.591,41.0
134040_1767722400,2,90.653,107.0
134040_1767722700,2,98.986,295.0
134040_1767723000,2,148.802,407.0
134040_1767723300,2,176.418,342.0
134040_1767723600,2,309.68,401.0
134040_1767723900,2,267.895,487.0
122048_1767726000,2,303.487,481.0
122048_1767726300,2,341.588,523.0
122048_1767727200,2,224.525,-54.0
133957_1767735000,2,-42.917,21.0
130072_1767735000,2,94.543,0.0
130072_1767735300,2,77.553,0.0
133957_1767735300,2,64.366,50.0
133957_1767735600,2,34.0,77.0
130072_1767735600,2,23.603,0.0
130072_1767735900,2,-19.737,0.0
130072_1767736200,2,52.152,0.0
130072_1767736500,2,-18.336,0.0
132430_1767742200,2,138.731,74.0
132430_1767743400,2,22.441,91.0
132430_1767743700,2,80.346,154.0
129964_1767665100,2,39.534,-45.0
129964_1767665400,2,54.541,-37.0
129964_1767665700,2,76.608,-63.0
129964_1767666000,2,41.447,-113.0
129964_1767666300,2,38.404,-3.0
129964_1767668400,2,-6.348,-26.0
131672_1767668400,2,209.299,220.0
131672_1767668700,2,165.285,407.0
129964_1767669000,2,-54.95,-51.0
131672_1767669000,2,134.761,408.0
129964_1767669300,2,-29.896,-40.0
131672_1767669300,2,276.342,322.0
131672_1767669600,2,313.902,294.0
129964_1767669600,2,65.437,-21.0
129964_1767669900,2,55.695,10.0
132430_1767673800,2,97.04,137.0
132430_1767674100,2,140.794,35.0
132430_1767674400,2,131.584,161.0
132430_1767674700,2,33.365,145.0
132430_1767675000,2,156.046,118.0
132430_1767675300,2,106.787,0.0
134040_1767682800,2,2.46,72.0
134040_1767683100,2,87.6,131.0
134040_1767683400,2,73.772,29.0
134040_1767683700,2,130.097,-62.0
134040_1767684000,2,63.458,48.0
134040_1767684300,2,-12.144,86.0
133957_1767686400,2,-12.962,9.0
133957_1767686700,2,-49.227,-42.0
133957_1767687000,2,-22.986,3.0
133957_1767687300,2,-16.672,79.0
133957_1767687600,2,23.771,45.0
133957_1767687900,2,71.73,104.0
122613_1767691800,2,32.775,69.0
122613_1767692100,2,69.668,-16.0
122613_1767692400,2,18.668,-87.0
122613_1767692700,2,-63.946,-160.0
122613_1767693000,2,-45.926,-147.0
122613_1767693300,2,-127.155,-146.0
122658_1767697200,2,192.604,352.0
122658_1767697500,2,141.241,0.0
122658_1767697800,2,132.47,0.0
122658_1767698100,2,121.118,0.0
122658_1767698400,2,-11.054,0.0
122658_1767698700,2,-7.482,0.0
122658_1767699000,2,-15.57,0.0
122658_1767699300,2,1.276,0.0
122658_1767699600,2,5.59,0.0
122658_1767699900,2,11.833,72.0
122658_1767700200,2,-5.875,183.0
122658_1767700500,2,59.084,192.0
129964_1767700800,2,26.897,77.0
132430_1767700800,2,-64.348,-169.0
132430_1767701100,2,27.88,-262.0
129964_1767701100,2,58.422,80.0
129964_1767701400,2,69.784,61.0
132430_1767701400,2,-18.138,-258.0
129964_1767701700,2,-17.042,-43.0
132430_1767701700,2,-58.135,84.0
129964_1767702000,2,-22.347,-38.0
132430_1767702000,2,-34.69,87.0
132430_1767702300,2,81.065,90.0
129964_1767702300,2,3.536,-108.0
122613_1767706200,2,-29.605,0.0
133957_1767706200,2,98.722,222.0
122613_1767706500,2,-18.302,0.0
133957_1767706500,2,70.228,296.0
133957_1767706800,2,120.972,294.0
122613_1767706800,2,-2.35,0.0
133957_1767707100,2,199.504,182.0
122613_1767707100,2,-10.722,0.0
122613_1767707400,2,-27.303,0.0
133957_1767707400,2,237.423,292.0
133957_1767707700,2,99.852,252.0
122613_1767707700,2,-23.395,0.0
129964_1767711600,2,-104.781,-143.0
129964_1767711900,2,-84.62,-3.0
129964_1767712200,2,-77.688,17.0
129964_1767712800,2,4.416,-108.0
129964_1767713100,2,130.966,-108.0
131672_1767721800,2,20.9,21.0
131672_1767722100,2,35.993,47.0
132430_1767726000,2,-2.163,156.0
132430_1767726300,2,69.901,141.0
132430_1767726600,2,103.814,46.0
132430_1767726900,2,169.456,10.0
132430_1767727200,2,56.898,217.0
132430_1767727500,2,21.969,260.0
132430_1767738600,2,84.933,110.0
132430_1767738900,2,129.428,112.0
132430_1767739200,2,138.203,81.0
132430_1767739500,2,180.703,-2.0
132430_1767739800,2,123.34,8.0
132430_1767740100,2,32.836,175.0
135081_1767670200,2,20.02,14.0
122048_1767670200,2,-12.224,0.0
122048_1767670500,2,-11.601,0.0
135081_1767670500,2,50.014,63.0
135081_1767670800,2,73.752,54.0
122048_1767670800,2,21.049,0.0
122048_1767671100,2,12.406,0.0
135081_1767671100,2,96.034,45.0
122048_1767671400,2,7.123,0.0
135081_1767671400,2,88.978,84.0
135081_1767671700,2,48.462,104.0
122048_1767671700,2,17.708,0.0
133957_1767672000,2,-46.805,-29.0
133957_1767672300,2,-39.951,-51.0
122048_1767672300,2,13.321,66.0
133957_1767672600,2,13.755,-8.0
122048_1767672600,2,4.286,66.0
133957_1767672900,2,-14.264,-34.0
122048_1767672900,2,31.211,170.0
122048_1767673200,2,123.086,41.0
122048_1767673500,2,125.4,25.0
130238_1767673800,2,126.674,10.0
130238_1767674100,2,110.331,131.0
130238_1767674400,2,32.332,168.0
130238_1767674700,2,110.012,240.0
130238_1767675000,2,143.926,233.0
133300_1767675000,2,51.289,99.0
133300_1767675300,2,46.438,99.0
133300_1767675600,2,48.733,180.0
133300_1767675900,2,124.43,135.0
133300_1767676200,2,237.897,170.0
133300_1767676500,2,143.58,169.0
133300_1767676800,2,150.624,289.0
133957_1767679500,2,29.233,49.0
130238_1767679500,2,-73.761,0.0
130238_1767679800,2,-60.116,0.0
133957_1767679800,2,34.237,71.0
133957_1767680100,2,86.314,111.0
130238_1767680100,2,-47.745,0.0
133957_1767680400,2,77.04,18.0
130238_1767680400,2,-0.557,0.0
133957_1767680700,2,93.471,39.0
130238_1767680700,2,-1.473,0.0
133957_1767681000,2,107.933,-30.0
134040_1767681000,2,5.303,-111.0
134040_1767681300,2,-29.049,-75.0
133957_1767681300,2,37.022,-59.0
134040_1767681600,2,13.372,1.0
133957_1767681600,2,-22.211,-30.0
134040_1767681900,2,-18.286,-38.0
133957_1767681900,2,-8.47,-58.0
133957_1767682200,2,-32.155,-19.0
134040_1767682200,2,34.875,-71.0
133957_1767682500,2,-0.444,-45.0
134040_1767682500,2,31.638,46.0
132430_1767684600,2,137.759,215.0
132430_1767684900,2,118.994,183.0
132430_1767685500,2,22.061,167.0
132430_1767685800,2,-8.248,64.0
132430_1767686100,2,51.192,53.0
129964_1767686400,2,-38.167,97.0
129964_1767686700,2,31.723,64.0
129964_1767687000,2,96.084,42.0
129964_1767687300,2,28.275,108.0
129964_1767687600,2,12.064,8.0
129964_1767687900,2,73.384,95.0
131672_1767688200,2,85.109,16.0
131672_1767688500,2,34.284,20.0
131672_1767688800,2,58.104,-17.0
131672_1767689100,2,93.271,17.0
131672_1767689400,2,26.909,-72.0
122613_1767689700,2,35.348,49.0
131672_1767689700,2,-8.495,-222.0
131672_1767690000,2,-97.576,-208.0
133957_1767690000,2,-8.001,-116.0
131672_1767690300,2,-111.11,-157.0
133957_1767690300,2,-31.1,-68.0
131672_1767690600,2,-157.737,-39.0
133957_1767690600,2,-75.276,-88.0
133957_1767690900,2,-75.392,-111.0
131672_1767690900,2,-125.972,-68.0
131672_1767691200,2,-15.659,-65.0
133957_1767691200,2,-26.556,9.0
131672_1767691500,2,-0.63,-10.0
133300_1767693600,2,16.369,168.0
133300_1767694200,2,10.961,-63.0
133300_1767694500,2,27.373,-63.0
133300_1767694800,2,20.295,54.0
133300_1767695100,2,23.85,90.0
129964_1767695400,2,40.141,-51.0
133957_1767695400,2,-16.464,28.0
129964_1767695700,2,56.377,-51.0
129964_1767696000,2,78.994,-11.0
133957_1767696000,2,-3.494,138.0
129964_1767696300,2,72.28,73.0
133957_1767696300,2,42.293,156.0
129964_1767696600,2,94.415,111.0
133957_1767696600,2,81.858,185.0
129964_1767696900,2,119.09,140.0
133957_1767696900,2,155.56,111.0
131672_1767698100,2,50.061,27.0
131672_1767698400,2,72.457,60.0
131672_1767698700,2,92.244,82.0
129964_1767699000,2,11.569,80.0
129964_1767699300,2,-0.696,49.0
129964_1767699900,2,4.067,-53.0
129964_1767700200,2,45.772,-73.0
129964_1767700500,2,88.539,90.0
133300_1767700800,2,-3.253,260.0
122613_1767700800,2,-83.043,-50.0
122613_1767701100,2,-86.022,-155.0
122613_1767701400,2,-74.157,-175.0
133300_1767701400,2,-46.483,-7.0
133300_1767701700,2,58.098,-7.0
122613_1767701700,2,-54.674,-47.0
133300_1767702000,2,32.372,132.0
122613_1767702000,2,-105.723,-61.0
122613_1767702300,2,-20.978,66.0
133300_1767702300,2,63.021,114.0
132430_1767702600,2,150.694,-64.0
135081_1767702600,2,-31.087,-131.0
135081_1767702900,2,-10.868,-144.0
132430_1767702900,2,55.952,-181.0
132430_1767703200,2,-21.787,-100.0
135081_1767703200,2,-27.523,-171.0
132430_1767703500,2,-65.059,-75.0
135081_1767703500,2,-85.509,-72.0
132430_1767703800,2,-76.596,-58.0
135081_1767703800,2,-80.071,-16.0
132430_1767704100,2,-63.82,-74.0
135081_1767704100,2,-30.281,-27.0
134040_1767704400,2,78.231,91.0
134040_1767704700,2,101.998,-7.0
134040_1767705000,2,77.918,47.0
134040_1767705300,2,14.74,84.0
134040_1767705600,2,35.98,113.0
134040_1767705900,2,95.213,37.0
131672_1767706200,2,11.933,37.0
131672_1767706500,2,64.237,131.0
135081_1767711600,2,-44.107,11.0
135081_1767711900,2,0.692,-12.0
135081_1767712200,2,53.627,-28.0
135081_1767712500,2,44.944,59.0
130238_1767712500,2,24.93,10.0
130238_1767712800,2,64.755,-40.0
130238_1767713100,2,82.723,-124.0
131672_1767713400,2,15.128,12.0
122048_1767713400,2,-70.439,0.0
131672_1767713700,2,51.51,86.0
122048_1767713700,2,-29.798,0.0
131672_1767714000,2,35.082,67.0
122048_1767714000,2,-61.294,0.0
122048_1767714300,2,33.83,0.0
131672_1767714300,2,73.226,70.0
122048_1767714600,2,1.041,0.0
131672_1767714600,2,43.702,13.0
122048_1767714900,2,2.127,0.0
131672_1767714900,2,-26.874,-150.0
129964_1767715200,2,3.031,-134.0
129964_1767715500,2,-57.034,-115.0
129964_1767715800,2,-98.179,-2.0
129964_1767716100,2,-107.858,-46.0
129964_1767716400,2,4.823,-13.0
129964_1767716700,2,-5.05,303.0
122613_1767717000,2,-48.146,-62.0
122613_1767717300,2,15.444,-54.0
122613_1767717600,2,-13.996,-11.0
122613_1767717900,2,-49.856,55.0
122613_1767718200,2,35.07,72.0
122613_1767718500,2,26.885,72.0
133957_1767718800,2,11.973,-35.0
122658_1767718800,2,-13.103,107.0
133957_1767719100,2,-9.931,-113.0
122658_1767719100,2,92.192,88.0
122658_1767719400,2,35.222,0.0
133957_1767719400,2,20.549,-174.0
122658_1767719700,2,-2.406,0.0
133957_1767719700,2,-35.809,-173.0
122048_1767720000,2,-16.073,-336.0
133957_1767720000,2,-61.24,-218.0
122658_1767720000,2,36.878,0.0
122048_1767720300,2,-13.533,-130.0
122658_1767720300,2,13.682,0.0
131672_1767724200,2,254.253,368.0
131672_1767724500,2,303.099,365.0
133957_1767729600,2,118.8,141.0
122048_1767729600,2,-139.286,41.0
122048_1767729900,2,65.268,93.0
133957_1767729900,2,222.991,126.0
122048_1767730200,2,60.964,99.0
130072_1767730200,2,19.678,60.0
133957_1767730200,2,194.375,83.0
133957_1767730500,2,182.574,53.0
122048_1767730500,2,28.702,-3.0
130072_1767730500,2,41.319,60.0
130072_1767730800,2,70.648,106.0
122048_1767730800,2,75.615,25.0
133957_1767730800,2,55.411,38.0
133957_1767731100,2,57.672,59.0
130072_1767731100,2,144.419,22.0
122048_1767731100,2,25.927,4.0
132430_1767731400,2,208.182,192.0
132430_1767731700,2,271.489,201.0
132430_1767732000,2,121.688,167.0
132430_1767732300,2,165.849,337.0
132430_1767732600,2,216.431,338.0
132430_1767732900,2,299.7,238.0
135081_1767733200,2,139.237,40.0
135081_1767733500,2,177.813,44.0
135081_1767733800,2,105.678,51.0
135081_1767734100,2,-3.52,-16.0
135081_1767734400,2,91.23,-59.0
135081_1767734700,2,75.999,-170.0
134040_1767735000,2,358.237,434.0
134040_1767735300,2,360.236,434.0
134040_1767735900,2,188.445,0.0
134040_1767736200,2,216.909,0.0
134040_1767736500,2,225.75,0.0
132430_1767738000,2,14.843,90.0
132430_1767738300,2,56.561,108.0
132430_1767740400,2,98.168,151.0
130072_1767740700,2,-61.166,0.0
132430_1767740700,2,72.919,124.0
132430_1767741000,2,211.779,60.0
130072_1767741000,2,-30.193,0.0
130072_1767741300,2,10.663,0.0
132430_1767741300,2,99.178,85.0
132430_1767741600,2,101.019,189.0
130072_1767741600,2,99.655,0.0
132430_1767741900,2,67.56,160.0
130072_1767741900,2,24.321,0.0
131672_1767672000,2,74.024,72.0
131672_1767672300,2,56.081,-66.0
131672_1767672600,2,121.602,10.0
131672_1767672900,2,29.959,27.0
131672_1767673200,2,29.565,-43.0
131672_1767673500,2,35.661,-31.0
135081_1767679800,2,23.748,6.0
135081_1767680100,2,39.516,42.0
135081_1767680400,2,64.459,-2.0
135081_1767680700,2,97.013,-23.0
135081_1767682800,2,-59.172,-127.0
135081_1767683100,2,-79.204,-186.0
135081_1767683400,2,-65.386,-182.0
135081_1767683700,2,16.114,-134.0
135081_1767684000,2,-83.968,-142.0
135081_1767684300,2,-39.921,-79.0
133957_1767684600,2,65.175,22.0
133957_1767684900,2,28.428,-55.0
133957_1767685200,2,7.568,-36.0
133957_1767685500,2,-74.556,-95.0
133957_1767685800,2,-54.054,7.0
133957_1767686100,2,-69.912,-55.0
134040_1767686400,2,133.474,43.0
134040_1767686700,2,116.53,6.0
134040_1767687000,2,39.544,24.0
134040_1767687300,2,45.225,37.0
134040_1767687600,2,100.699,113.0
134040_1767687900,2,45.293,149.0
133300_1767695400,2,19.765,33.0
133300_1767695700,2,17.806,50.0
133300_1767696000,2,19.092,197.0
133300_1767696600,2,-4.106,-52.0
133300_1767696900,2,72.259,-52.0
122613_1767697200,2,11.283,0.0
122048_1767697200,2,-68.194,-68.0
122613_1767697500,2,23.276,0.0
122048_1767697500,2,-101.363,-129.0
122613_1767697800,2,19.936,0.0
122048_1767697800,2,30.789,-129.0
122048_1767698100,2,-24.006,-181.0
122613_1767698100,2,9.451,0.0
122613_1767698400,2,-7.86,0.0
122048_1767698400,2,-37.278,-194.0
122048_1767698700,2,-79.638,-216.0
122613_1767698700,2,-7.465,0.0
122048_1767711600,2,-20.91,106.0
122048_1767711900,2,40.809,85.0
122048_1767712200,2,39.27,83.0
122048_1767712500,2,27.889,57.0
122048_1767712800,2,81.18,-8.0
122048_1767713100,2,57.744,92.0
134040_1767713400,2,148.054,36.0
134040_1767713700,2,129.485,21.0
134040_1767714000,2,76.427,108.0
134040_1767714300,2,12.177,-44.0
135081_1767727800,2,-48.372,-58.0
135081_1767728100,2,4.593,58.0
135081_1767728400,2,14.719,40.0
135081_1767728700,2,82.819,-16.0
135081_1767729000,2,40.94,-62.0
135081_1767729300,2,20.666,-45.0
134040_1767731400,2,193.79,214.0
134040_1767731700,2,187.946,152.0
134040_1767732000,2,248.714,152.0
134040_1767732300,2,190.529,181.0
134040_1767732600,2,151.647,230.0
134040_1767732900,2,199.386,315.0
135081_1767735000,2,-8.053,-184.0
135081_1767735300,2,-94.151,-69.0
135081_1767735600,2,-139.017,-88.0
135081_1767735900,2,-42.361,-130.0
135081_1767736200,2,-16.329,-161.0
135081_1767736500,2,-77.828,-191.0
