sample_id,fold_repeat,fold,oof_pred,oof_q10,oof_q90,oof_lgbm,oof_blend,y
122048_1767665400,0,3,-49.523,-96.585,-1.771,-12.386,-30.955,-25.0
122048_1767665700,0,3,7.503,1.073,21.155,19.652,13.578,0.0
122048_1767666000,0,3,-27.183,-33.407,-19.292,4.186,-11.498,0.0
122048_1767666300,0,3,-24.584,-31.133,-4.238,-18.866,-21.725,0.0
122048_1767666600,0,3,-30.756,-32.232,-22.792,-24.234,-27.495,0.0
133957_1767666600,0,1,112.681,69.314,121.426,68.636,90.659,-32.0
129964_1767666600,0,0,19.526,-41.204,51.999,-30.626,-5.55,44.0
133957_1767666900,0,1,90.876,69.16,121.418,68.482,79.679,-32.0
132430_1767666900,0,0,22.564,-16.379,53.893,15.985,19.275,46.0
122048_1767666900,0,3,-4.028,-36.072,-2.955,-1.816,-2.922,0.0
129964_1767666900,0,0,-15.446,-60.723,37.956,-26.286,-20.866,16.0
133957_1767667200,0,1,68.359,19.498,107.183,64.592,66.475,17.0
132430_1767667200,0,0,70.822,38.712,111.83,45.001,57.911,102.0
122048_1767667200,0,3,-5.969,-16.904,-4.383,3.426,-1.272,0.0
129964_1767667200,0,0,4.404,-54.695,102.359,13.78,9.092,-27.0
132430_1767667500,0,0,18.164,-51.021,104.49,21.909,20.037,-23.0
122048_1767667500,0,3,-5.675,-41.915,-2.612,-5.896,-5.785,0.0
129964_1767667500,0,0,73.03,12.53,130.821,68.137,70.584,2.0
133957_1767667500,0,1,5.792,3.501,37.247,11.401,8.597,-66.0
122048_1767667800,0,3,-23.254,-69.567,29.56,-0.395,-11.825,0.0
133957_1767667800,0,1,2.141,-29.188,63.094,9.368,5.754,-74.0
132430_1767667800,0,0,81.703,13.37,175.893,83.26,82.482,-2.0
129964_1767667800,0,0,-2.427,-57.502,80.342,3.02,0.296,-70.0
134040_1767667800,0,4,-2.93,-52.251,56.907,0.612,-1.159,20.0
129964_1767668100,0,0,-43.543,-81.727,28.359,-32.616,-38.08,-76.0
132430_1767668100,0,0,80.94,-1.319,149.442,74.649,77.795,27.0
122048_1767668100,0,3,-25.362,-42.946,10.274,4.283,-10.54,0.0
133957_1767668100,0,1,22.126,-27.042,75.822,17.541,19.834,-61.0
134040_1767668100,0,4,24.085,-25.682,92.226,26.807,25.446,93.0
132430_1767668400,0,0,163.855,104.403,208.729,121.643,142.749,22.0
122048_1767668400,0,3,-5.558,-26.611,46.286,8.694,1.568,0.0
133957_1767668400,0,1,44.13,-6.99,97.336,-41.333,1.399,-34.0
122048_1767668700,0,3,2.471,-29.934,54.299,14.848,8.659,0.0
132430_1767668700,0,0,41.979,-28.195,139.55,27.875,34.927,74.0
122048_1767669000,0,3,42.844,-21.437,92.826,31.47,37.157,0.0
132430_1767669000,0,0,34.135,-18.583,111.529,22.007,28.071,1.0
133957_1767669300,0,2,27.349,-6.105,59.566,34.929,31.139,46.0
132430_1767669300,0,0,134.044,68.016,194.441,149.253,141.649,4.0
122048_1767669300,0,3,33.676,-12.814,91.705,20.497,27.087,0.0
122048_1767669600,0,3,2.82,-6.243,21.184,12.724,7.772,0.0
133957_1767669600,0,2,35.85,-19.864,105.565,39.686,37.768,58.0
132430_1767669600,0,0,46.31,-37.605,97.396,46.843,46.576,84.0
133957_1767669900,0,2,2.682,-42.573,38.882,24.082,13.382,40.0
122048_1767669900,0,3,-2.378,-8.349,20.972,7.663,2.643,0.0
132430_1767669900,0,0,22.127,-5.188,55.39,-1.633,10.247,58.0
133957_1767670200,0,2,46.021,-7.95,131.849,51.126,48.574,133.0
134040_1767670200,0,1,36.984,-22.584,115.08,46.823,41.903,110.0
129964_1767670200,0,2,76.244,46.076,138.675,77.431,76.837,74.0
135081_1767670200,0,2,45.609,0.188,68.759,43.377,44.493,14.0
122048_1767670200,0,3,10.114,5.01,24.136,6.932,8.523,0.0
122048_1767670500,0,3,4.175,-10.2,38.707,13.717,8.946,0.0
129964_1767670500,0,2,54.621,-13.942,114.95,30.347,42.484,61.0
133957_1767670500,0,2,67.943,-1.323,161.843,59.038,63.491,55.0
134040_1767670500,0,1,66.653,-19.998,160.385,68.106,67.38,129.0
135081_1767670500,0,2,62.626,-9.079,91.743,56.569,59.597,63.0
132430_1767670500,0,4,49.31,-7.991,103.544,33.971,41.641,215.0
135081_1767670800,0,2,63.909,-11.605,117.146,49.3,56.604,54.0
129964_1767670800,0,2,109.458,44.128,153.316,107.611,108.534,-16.0
133957_1767670800,0,2,94.622,22.102,144.738,115.603,105.113,-10.0
122048_1767670800,0,3,5.746,-0.305,42.834,25.109,15.428,0.0
134040_1767670800,0,1,75.835,14.222,165.05,93.326,84.58,132.0
132430_1767670800,0,4,59.313,6.325,158.168,44.87,52.092,162.0
134040_1767671100,0,1,185.972,165.094,193.869,223.256,204.614,60.0
133957_1767671100,0,2,55.275,36.105,74.565,54.255,54.765,-86.0
129964_1767671100,0,2,73.992,-1.159,143.454,93.072,83.532,-55.0
132430_1767671100,0,4,121.807,60.014,142.062,92.843,107.325,137.0
122048_1767671100,0,3,-12.739,-16.283,-5.449,6.716,-3.012,0.0
135081_1767671100,0,2,33.602,-13.954,103.549,66.141,49.871,45.0
122048_1767671400,0,3,4.331,-9.626,7.042,11.845,8.088,0.0
129964_1767671400,0,2,56.882,-14.737,113.44,51.426,54.154,22.0
132430_1767671400,0,4,164.823,92.475,212.175,180.809,172.816,244.0
134040_1767671400,0,1,115.617,18.65,150.824,103.999,109.808,43.0
133957_1767671400,0,2,30.66,-58.327,122.77,44.007,37.334,-86.0
135081_1767671400,0,2,107.065,55.757,179.78,117.01,112.037,84.0
135081_1767671700,0,2,75.048,12.638,117.289,67.622,71.335,104.0
132430_1767671700,0,4,170.632,124.696,213.494,157.36,163.996,324.0
133957_1767671700,0,2,33.889,-56.092,103.904,10.213,22.051,-40.0
134040_1767671700,0,1,41.85,-24.287,87.158,38.875,40.362,-29.0
122048_1767671700,0,3,34.02,22.025,48.648,33.642,33.831,0.0
129964_1767671700,0,2,17.678,-54.513,73.98,14.562,16.12,-50.0
135081_1767672000,0,2,39.352,-23.602,99.522,44.079,41.715,-33.0
132430_1767672000,0,4,140.259,88.173,230.935,145.614,142.937,364.0
129964_1767672000,0,2,59.227,-26.355,110.514,62.645,60.936,-7.0
133957_1767672000,0,2,-33.918,-73.397,11.478,-29.247,-31.582,-29.0
135081_1767672300,0,2,11.06,-51.152,70.626,27.365,19.213,-40.0
133957_1767672300,0,2,-40.253,-88.362,9.254,-55.723,-47.988,-51.0
122048_1767672300,0,1,33.83,-16.474,48.154,5.407,19.618,66.0
132430_1767672300,0,4,164.684,105.26,248.651,174.507,169.595,275.0
129964_1767672300,0,2,56.631,25.239,110.442,32.986,44.808,-9.0
133957_1767672600,0,2,4.726,-59.281,75.393,5.255,4.99,-8.0
135081_1767672600,0,2,-19.917,-84.37,68.141,20.315,0.199,-145.0
122048_1767672600,0,1,1.412,-20.984,51.74,2.605,2.009,66.0
132430_1767672600,0,4,223.2,176.554,313.378,234.742,228.971,322.0
133957_1767672900,0,2,21.556,-29.867,102.752,20.88,21.218,-34.0
122048_1767672900,0,1,14.403,-57.025,76.476,22.49,18.447,170.0
132430_1767672900,0,4,197.615,166.84,272.964,198.193,197.904,130.0
130238_1767672900,0,1,116.763,79.274,122.036,86.518,101.64,-23.0
135081_1767672900,0,2,18.82,-56.034,73.724,0.156,9.488,-98.0
129964_1767672900,0,3,-9.028,-81.194,86.568,-11.189,-10.109,-29.0
129964_1767673200,0,3,52.313,-33.109,123.805,8.761,30.537,-57.0
130238_1767673200,0,1,149.033,65.758,201.053,105.572,127.302,39.0
122048_1767673200,0,1,71.052,4.896,145.982,84.693,77.872,41.0
132430_1767673200,0,4,279.896,241.814,345.748,271.488,275.692,129.0
135081_1767673200,0,2,-6.284,-72.289,51.917,-12.105,-9.195,71.0
129964_1767673500,0,3,50.222,-10.209,105.26,51.306,50.764,19.0
122048_1767673500,0,1,60.341,7.475,128.547,76.006,68.174,25.0
132430_1767673500,0,4,214.474,137.479,281.958,190.73,202.602,265.0
130238_1767673500,0,1,46.291,26.989,118.059,47.082,46.686,26.0
135081_1767673500,0,2,-68.638,-97.086,-13.033,-65.417,-67.027,64.0
130238_1767673800,0,1,99.713,32.622,151.658,105.711,102.712,10.0
131672_1767673800,0,2,-23.86,-45.268,44.944,26.69,1.415,-73.0
133957_1767673800,0,0,21.346,-4.817,63.851,17.636,19.491,32.0
129964_1767673800,0,3,-12.334,-65.856,38.468,-12.09,-12.212,-15.0
135081_1767673800,0,2,18.322,-52.444,91.878,24.716,21.519,111.0
129964_1767674100,0,3,29.99,-13.603,69.239,43.398,36.694,72.0
130238_1767674100,0,1,70.299,-18.012,142.285,56.985,63.642,131.0
135081_1767674100,0,2,132.148,77.764,234.613,127.836,129.992,80.0
131672_1767674100,0,2,-23.059,-68.721,86.517,-2.907,-12.983,121.0
133957_1767674100,0,0,64.119,32.872,90.175,54.312,59.216,43.0
133957_1767674400,0,0,66.384,53.195,99.627,61.413,63.898,74.0
135081_1767674400,0,2,123.501,35.383,215.92,115.937,119.719,122.0
129964_1767674400,0,3,4.41,-41.622,63.512,1.027,2.718,95.0
131672_1767674400,0,2,-46.764,-110.652,41.184,-38.002,-42.383,145.0
130238_1767674400,0,1,10.125,-44.838,54.06,-0.205,4.96,168.0
130238_1767674700,0,1,126.793,42.236,208.586,122.512,124.653,240.0
131672_1767674700,0,2,-9.839,-59.379,52.771,-11.551,-10.695,125.0
133957_1767674700,0,0,83.702,54.0,129.497,83.587,83.645,171.0
135081_1767674700,0,2,60.588,-0.954,120.222,78.465,69.527,94.0
129964_1767674700,0,3,-26.216,-78.832,75.613,-29.112,-27.664,46.0
130238_1767675000,0,1,117.329,76.608,191.545,132.984,125.156,233.0
135081_1767675000,0,2,91.282,9.538,146.477,102.508,96.895,53.0
129964_1767675000,0,3,-7.149,-51.334,108.82,-21.072,-14.111,38.0
131672_1767675000,0,2,118.707,23.309,233.136,125.876,122.292,166.0
133300_1767675000,0,4,-5.694,-11.968,14.016,4.942,-0.376,99.0
133957_1767675000,0,0,33.04,12.535,108.928,39.992,36.516,92.0
135081_1767675300,0,2,122.472,57.744,196.72,142.192,132.332,208.0
133300_1767675300,0,4,4.955,-10.244,64.017,-0.182,2.386,99.0
131672_1767675300,0,2,77.047,37.02,133.224,109.391,93.219,88.0
129964_1767675300,0,3,19.115,-34.123,122.517,17.782,18.449,105.0
133957_1767675300,0,0,78.744,24.009,177.039,88.781,83.762,5.0
133957_1767675600,0,0,60.858,-6.285,130.469,55.327,58.093,-10.0
122048_1767675600,0,1,-3.386,-68.157,48.001,3.893,0.253,-68.0
133300_1767675600,0,4,23.659,-16.359,99.865,16.677,20.168,180.0
129964_1767675600,0,3,11.226,-14.228,64.779,2.857,7.042,46.0
135081_1767675600,0,2,120.759,45.656,172.639,102.908,111.834,299.0
133300_1767675900,0,4,102.691,82.049,133.372,79.403,91.047,135.0
122048_1767675900,0,1,-46.068,-100.738,5.996,-64.644,-55.356,-86.0
129964_1767675900,0,3,51.934,-4.866,125.855,67.866,59.9,20.0
133957_1767675900,0,0,-1.446,-44.456,71.301,16.631,7.592,-32.0
135081_1767675900,0,2,255.609,188.455,330.669,253.629,254.619,224.0
133300_1767676200,0,4,214.824,181.259,287.147,218.974,216.899,170.0
129964_1767676200,0,3,78.436,9.876,154.321,71.323,74.879,91.0
135081_1767676200,0,2,310.529,245.531,369.729,309.316,309.923,126.0
133957_1767676200,0,0,-32.813,-76.047,43.084,-31.943,-32.378,95.0
122048_1767676200,0,1,68.404,20.738,72.77,-37.05,15.677,25.0
135081_1767676500,0,2,100.032,98.752,102.416,162.713,131.373,-30.0
122048_1767676500,0,1,47.831,-49.743,118.886,9.662,28.746,-41.0
133300_1767676500,0,4,143.599,127.876,144.742,140.966,142.283,169.0
133957_1767676500,0,0,-25.045,-79.474,43.249,-22.618,-23.832,61.0
133300_1767676800,0,4,124.696,101.035,158.976,103.434,114.065,289.0
122048_1767676800,0,1,-10.689,-81.619,69.2,-28.357,-19.523,-163.0
133957_1767676800,0,0,-2.345,-69.245,75.467,-29.547,-15.946,7.0
122048_1767677100,0,1,-34.16,-60.522,15.041,-28.343,-31.251,-177.0
133957_1767677100,0,0,67.732,-1.62,141.981,76.584,72.158,-94.0
122048_1767677400,0,1,-78.76,-85.827,-78.587,-63.666,-71.213,-65.0
133957_1767677400,0,0,29.994,-1.786,108.415,19.605,24.799,-91.0
133300_1767677400,0,0,31.379,-12.591,35.796,33.559,32.469,87.0
130238_1767677400,0,2,39.469,-14.126,77.618,36.594,38.031,-50.0
134040_1767677400,0,0,108.064,59.965,163.1,79.429,93.746,71.0
122048_1767677700,0,1,-91.757,-92.771,-37.604,-23.63,-57.693,12.0
134040_1767677700,0,0,133.698,69.253,188.354,117.621,125.659,174.0
133300_1767677700,0,0,14.97,-2.692,26.777,30.039,22.505,87.0
130238_1767677700,0,2,41.337,-12.648,92.833,30.912,36.125,-47.0
130238_1767678000,0,2,84.101,31.74,101.868,81.511,82.806,-45.0
133300_1767678000,0,0,81.482,12.827,125.616,82.102,81.792,108.0
134040_1767678000,0,0,-11.017,-12.956,31.219,32.432,10.708,-25.0
122048_1767678000,0,1,-40.974,-47.276,-28.494,-65.464,-53.219,47.0
133300_1767678300,0,0,95.07,54.807,159.239,103.217,99.144,59.0
130238_1767678300,0,2,-25.915,-40.117,9.969,-46.547,-36.231,-142.0
122048_1767678300,0,1,-65.473,-81.573,-26.631,-53.365,-59.419,124.0
133300_1767678600,0,0,136.386,94.394,195.123,161.328,148.857,40.0
122048_1767678600,0,1,-40.082,-79.782,4.562,-34.99,-37.536,172.0
133300_1767678900,0,0,73.742,50.203,93.907,87.081,80.411,-2.0
122048_1767678900,0,1,16.281,-15.22,40.344,8.508,12.394,140.0
133957_1767679500,0,2,49.458,36.79,50.248,50.166,49.812,49.0
130238_1767679500,0,4,-86.327,-92.634,-71.357,-47.33,-66.828,0.0
130238_1767679800,0,4,-46.683,-58.868,-41.572,-57.61,-52.146,0.0
133957_1767679800,0,2,60.474,42.171,69.591,63.214,61.844,71.0
132430_1767679800,0,4,77.594,73.957,97.694,50.001,63.797,73.0
134040_1767679800,0,0,5.967,-5.967,6.775,12.97,9.469,23.0
132430_1767680100,0,4,114.468,96.559,131.463,71.021,92.744,73.0
134040_1767680100,0,0,32.544,30.662,42.84,39.598,36.071,26.0
133957_1767680100,0,2,33.314,8.091,60.858,53.504,43.409,111.0
130238_1767680100,0,4,-41.004,-65.395,-35.617,-63.189,-52.097,0.0
134040_1767680400,0,0,23.227,19.049,46.734,20.419,21.823,-52.0
133957_1767680400,0,2,31.09,-9.595,83.658,42.389,36.739,18.0
130238_1767680400,0,4,29.877,-33.223,82.02,21.28,25.578,0.0
132430_1767680400,0,4,58.22,36.15,62.446,57.034,57.627,-15.0
129964_1767680400,0,3,30.093,9.077,53.194,31.809,30.951,-51.0
134040_1767680700,0,0,-12.678,-49.557,41.147,-6.797,-9.738,-87.0
132430_1767680700,0,4,39.894,5.23,130.944,42.757,41.326,-42.0
133957_1767680700,0,2,22.402,-34.181,112.433,32.244,27.323,39.0
130238_1767680700,0,4,24.663,-9.604,63.31,32.479,28.571,0.0
129964_1767680700,0,3,40.076,1.017,88.234,33.358,36.717,-106.0
133957_1767681000,0,2,2.439,-59.735,94.929,19.471,10.955,-30.0
129964_1767681000,0,3,39.515,18.018,91.938,57.747,48.631,7.0
132430_1767681000,0,4,117.12,91.973,135.101,128.299,122.71,32.0
130238_1767681000,0,4,53.99,45.994,59.751,13.872,33.931,0.0
122658_1767681000,0,1,170.52,146.829,201.199,178.304,174.412,181.0
133300_1767681000,0,4,3.62,-14.687,50.562,20.86,12.24,12.0
134040_1767681000,0,0,0.851,-64.275,43.636,-4.764,-1.956,-111.0
134040_1767681300,0,0,-34.992,-105.522,54.4,-31.285,-33.138,-75.0
129964_1767681300,0,3,-8.507,-54.783,42.955,4.102,-2.202,47.0
132430_1767681300,0,4,59.389,3.75,81.639,18.002,38.695,126.0
133300_1767681300,0,4,25.352,-20.965,81.511,40.889,33.12,-61.0
122658_1767681300,0,1,-58.407,-93.631,-30.695,-34.045,-46.226,0.0
130238_1767681300,0,4,64.402,60.511,74.425,25.097,44.749,0.0
133957_1767681300,0,2,14.158,-51.861,91.102,4.149,9.153,-59.0
130238_1767681600,0,4,28.868,11.157,35.38,7.13,17.999,0.0
133300_1767681600,0,4,22.04,-26.245,110.457,29.15,25.595,159.0
134040_1767681600,0,0,-3.11,-62.69,62.047,-34.233,-18.671,1.0
133957_1767681600,0,2,11.246,-28.199,72.779,2.46,6.853,-30.0
132430_1767681600,0,4,-12.405,-81.074,70.36,-16.993,-14.699,65.0
122658_1767681600,0,1,-26.208,-63.255,2.122,-5.732,-15.97,0.0
129964_1767681600,0,3,-21.455,-56.806,23.012,-16.511,-18.983,39.0
131672_1767681900,0,4,24.254,20.219,40.215,37.881,31.068,37.0
133300_1767681900,0,4,-25.011,-41.84,-18.883,-53.583,-39.297,79.0
130238_1767681900,0,4,-23.605,-35.23,-11.423,-6.151,-14.878,0.0
134040_1767681900,0,0,-22.417,-75.72,59.895,-30.347,-26.382,-38.0
129964_1767681900,0,3,3.571,-23.634,46.989,5.489,4.53,148.0
122658_1767681900,0,1,1.401,-72.577,60.751,35.465,18.433,0.0
133957_1767681900,0,2,21.466,-54.52,93.736,1.141,11.303,-58.0
132430_1767681900,0,4,63.59,-2.849,134.619,52.689,58.139,-62.0
133957_1767682200,0,2,-27.132,-81.094,20.098,-35.521,-31.326,-19.0
133300_1767682200,0,4,-0.261,-37.881,104.605,19.37,9.555,79.0
131672_1767682200,0,4,55.633,35.911,77.08,51.139,53.386,13.0
134040_1767682200,0,0,-47.242,-89.72,27.312,-28.732,-37.987,-71.0
129964_1767682200,0,3,4.222,-36.521,62.938,6.949,5.585,188.0
132430_1767682200,0,4,47.65,1.774,118.649,59.416,53.533,-16.0
122658_1767682200,0,1,10.916,-19.717,58.417,19.137,15.027,0.0
129964_1767682500,0,3,43.01,7.639,92.856,40.215,41.612,84.0
132430_1767682500,0,4,-19.868,-52.702,62.88,-3.237,-11.552,248.0
133300_1767682500,0,4,20.592,-41.043,110.664,8.07,14.331,173.0
131672_1767682500,0,4,108.739,93.623,132.36,89.152,98.945,16.0
133957_1767682500,0,2,53.782,-14.057,161.326,45.03,49.406,-45.0
122658_1767682500,0,1,38.307,11.863,74.669,23.409,30.858,0.0
134040_1767682500,0,0,52.019,-56.408,166.853,27.766,39.893,46.0
133957_1767682800,0,2,14.418,-47.485,113.364,-0.623,6.898,-74.0
132430_1767682800,0,4,53.352,5.243,116.189,16.803,35.078,267.0
122658_1767682800,0,1,83.545,42.97,115.564,29.615,56.58,0.0
133300_1767682800,0,4,95.258,11.298,177.939,85.054,90.156,135.0
131672_1767682800,0,4,32.801,-13.895,52.43,47.72,40.26,-48.0
129964_1767682800,0,3,132.425,55.787,211.188,134.492,133.458,70.0
133957_1767683100,0,2,52.526,5.358,150.771,42.136,47.331,-8.0
133300_1767683100,0,4,189.63,134.025,254.94,213.899,201.765,169.0
131672_1767683100,0,4,-28.833,-59.961,5.976,13.737,-7.548,-52.0
132430_1767683100,0,4,-6.652,-61.652,82.289,1.442,-2.605,408.0
129964_1767683100,0,3,154.281,58.869,198.867,148.027,151.154,154.0
122658_1767683100,0,1,8.679,8.275,22.563,14.29,11.485,0.0
129964_1767683400,0,3,80.743,7.175,141.614,81.519,81.131,81.0
131672_1767683400,0,4,-74.76,-132.822,13.171,-66.245,-70.502,-178.0
122658_1767683400,0,1,59.64,-18.816,131.855,17.178,38.409,-11.0
132430_1767683400,0,4,199.221,178.9,244.338,207.376,203.299,270.0
133300_1767683400,0,4,150.208,111.846,182.501,152.667,151.437,166.0
129964_1767683700,0,3,165.767,79.519,217.787,171.55,168.658,145.0
133300_1767683700,0,4,124.61,96.261,183.995,120.791,122.7,240.0
133957_1767683700,0,2,45.754,-36.971,137.081,11.779,28.766,10.0
122658_1767683700,0,1,113.554,25.728,241.791,63.83,88.692,96.0
132430_1767683700,0,4,276.294,236.507,315.597,259.603,267.948,163.0
131672_1767683700,0,4,-60.613,-123.822,53.278,-69.681,-65.147,-200.0
122658_1767684000,0,1,75.175,3.733,137.044,47.305,61.24,58.0
131672_1767684000,0,4,-51.439,-121.575,48.42,-79.715,-65.577,-74.0
133957_1767684000,0,2,36.032,-38.502,134.722,26.039,31.035,33.0
133300_1767684000,0,4,28.798,-0.05,83.058,22.45,25.624,116.0
129964_1767684000,0,3,83.009,38.248,135.278,83.039,83.024,134.0
132430_1767684000,0,4,216.864,156.308,295.469,232.512,224.688,246.0
133300_1767684300,0,4,25.098,-18.272,79.976,34.359,29.728,116.0
122658_1767684300,0,1,75.713,17.546,126.886,50.469,63.091,118.0
132430_1767684300,0,4,109.654,78.964,146.424,133.404,121.529,230.0
130238_1767684300,0,1,52.813,11.548,77.77,37.487,45.15,16.0
133957_1767684300,0,2,44.27,-14.796,165.368,48.514,46.392,71.0
131672_1767684300,0,4,-21.059,-90.127,36.836,-24.472,-22.765,24.0
131672_1767684600,0,4,-6.758,-61.244,64.776,-5.858,-6.308,-63.0
129964_1767684600,0,0,-15.091,-53.888,8.396,-19.279,-17.185,-29.0
122658_1767684600,0,1,88.705,8.706,144.292,87.67,88.187,97.0
135081_1767684600,0,3,-115.967,-163.429,-29.187,-123.28,-119.624,-78.0
132430_1767684600,0,4,117.111,58.822,165.859,129.843,123.477,215.0
122048_1767684600,0,0,414.977,396.49,415.763,326.859,370.918,350.0
133300_1767684600,0,4,35.104,-45.837,85.887,37.393,36.249,214.0
131672_1767684900,0,4,28.169,-30.672,65.606,8.542,18.356,-96.0
135081_1767684900,0,3,-64.566,-92.045,28.04,-40.762,-52.664,-28.0
122048_1767684900,0,0,358.51,310.327,366.461,352.593,355.552,304.0
129964_1767684900,0,0,-8.161,-53.673,65.392,-10.783,-9.472,-70.0
132430_1767684900,0,4,151.391,104.127,177.149,146.081,148.736,183.0
133300_1767684900,0,4,106.917,42.353,214.789,98.896,102.907,244.0
122658_1767684900,0,1,104.393,101.504,159.842,117.428,110.911,97.0
135081_1767685200,0,3,-60.782,-120.441,-4.115,-68.228,-64.505,59.0
122048_1767685200,0,0,323.208,269.272,340.692,298.107,310.657,183.0
133300_1767685200,0,4,202.482,148.935,272.581,218.84,210.661,255.0
122658_1767685200,0,1,-64.484,-74.488,-41.031,-13.659,-39.071,0.0
131672_1767685200,0,4,-38.321,-77.511,49.815,7.539,-15.391,-126.0
129964_1767685200,0,0,75.315,-15.712,109.992,86.883,81.099,-34.0
122048_1767685500,0,0,299.213,269.806,334.327,318.801,309.007,141.0
129964_1767685500,0,0,19.189,-38.046,73.179,20.173,19.681,-4.0
132430_1767685500,0,4,64.316,15.997,71.51,-1.771,31.273,167.0
135081_1767685500,0,3,-43.903,-79.303,19.639,-56.469,-50.186,275.0
122658_1767685500,0,1,9.376,6.513,34.17,19.242,14.309,0.0
133300_1767685500,0,4,255.537,247.928,258.416,240.66,248.098,286.0
135081_1767685800,0,3,26.247,-2.363,70.639,38.983,32.615,288.0
133300_1767685800,0,4,203.415,154.059,256.862,213.848,208.632,404.0
132430_1767685800,0,4,21.447,6.757,38.616,-8.745,6.351,64.0
129964_1767685800,0,0,18.187,-28.498,71.358,15.497,16.842,17.0
122048_1767685800,0,0,187.115,101.697,248.042,185.895,186.505,45.0
122658_1767685800,0,1,8.103,-14.27,12.029,31.435,19.769,0.0
135081_1767686100,0,3,204.747,109.234,287.209,220.468,212.608,247.0
132430_1767686100,0,4,36.305,-1.192,93.678,25.801,31.053,53.0
122048_1767686100,0,0,67.521,36.896,121.322,89.796,78.659,-35.0
122658_1767686100,0,1,-25.086,-26.569,-1.27,17.428,-3.829,0.0
129964_1767686100,0,0,29.662,-26.389,92.053,21.164,25.413,162.0
133300_1767686400,0,1,80.212,74.046,97.552,94.425,87.318,-26.0
132430_1767686400,0,4,74.159,16.772,121.291,87.128,80.643,30.0
130238_1767686400,0,3,157.453,68.504,236.618,160.728,159.091,107.0
129964_1767686400,0,0,-30.335,-90.336,28.742,-15.915,-23.125,97.0
122048_1767686400,0,0,58.352,5.28,120.498,85.446,71.899,-43.0
130238_1767686700,0,3,135.722,93.792,199.784,159.116,147.419,1.0
122048_1767686700,0,0,40.317,-58.1,105.981,35.699,38.008,-49.0
132430_1767686700,0,4,133.064,65.135,182.039,94.476,113.77,53.0
129964_1767686700,0,0,84.525,0.697,132.02,88.129,86.327,64.0
122048_1767687000,0,0,0.645,-69.482,76.081,2.767,1.706,104.0
132430_1767687000,0,4,30.946,-8.075,86.733,33.686,32.316,42.0
129964_1767687000,0,0,101.361,-0.661,170.56,102.303,101.832,42.0
132430_1767687300,0,4,74.53,14.805,170.492,72.845,73.688,-108.0
122048_1767687300,0,0,-6.356,-78.845,59.543,-3.659,-5.007,99.0
129964_1767687300,0,0,87.803,10.795,145.92,90.087,88.945,108.0
132430_1767687600,0,4,32.676,-27.618,86.035,36.44,34.558,-132.0
122048_1767687600,0,0,62.649,-24.498,109.996,64.572,63.611,49.0
129964_1767687600,0,0,1.324,-50.94,74.635,-0.461,0.431,8.0
129964_1767687900,0,0,26.201,-53.266,96.221,27.027,26.614,95.0
132430_1767687900,0,4,-49.11,-94.362,31.968,-39.914,-44.512,-101.0
122048_1767687900,0,0,159.892,66.066,223.104,93.719,126.806,80.0
122658_1767688200,0,0,-7.455,-42.108,27.801,-13.165,-10.31,137.0
131672_1767688200,0,2,76.586,63.64,135.487,19.494,48.04,16.0
130238_1767688200,0,1,100.584,68.236,169.923,118.968,109.776,27.0
132430_1767688200,0,4,-58.507,-115.203,32.68,-112.753,-85.63,194.0
122048_1767688200,0,0,48.129,-12.298,115.841,37.818,42.973,68.0
134040_1767688200,0,4,54.897,-49.961,152.546,32.065,43.481,154.0
122048_1767688500,0,0,109.467,17.416,169.169,118.485,113.976,49.0
122658_1767688500,0,0,52.269,-41.808,77.781,13.882,33.075,-33.0
134040_1767688500,0,4,92.182,46.885,102.014,94.718,93.45,141.0
131672_1767688500,0,2,52.867,21.204,111.764,28.01,40.439,20.0
130238_1767688500,0,1,55.408,18.16,99.192,84.949,70.179,-8.0
132430_1767688500,0,4,-21.188,-72.155,41.556,-37.851,-29.52,268.0
122048_1767688800,0,0,80.995,-16.082,143.026,87.932,84.464,76.0
134040_1767688800,0,4,91.149,30.52,134.155,72.667,81.908,128.0
132430_1767688800,0,4,147.923,88.807,225.706,183.714,165.819,284.0
131672_1767688800,0,2,48.355,22.086,137.086,25.075,36.715,-17.0
122658_1767688800,0,0,115.905,93.519,168.53,129.527,122.716,-34.0
130238_1767688800,0,1,48.183,-0.835,138.419,66.438,57.31,-92.0
131672_1767689100,0,2,45.272,-22.646,143.743,44.856,45.064,17.0
122658_1767689100,0,0,-22.75,-32.259,-14.741,-43.08,-32.915,-34.0
134040_1767689100,0,4,40.313,-2.346,75.453,54.157,47.235,26.0
122048_1767689100,0,0,24.297,-40.366,84.122,35.052,29.675,94.0
132430_1767689100,0,4,155.019,74.091,231.624,141.571,148.295,163.0
130238_1767689100,0,1,22.837,-17.298,81.864,37.593,30.215,-120.0
122658_1767689400,0,0,-31.494,-52.5,3.725,-41.237,-36.365,-34.0
131672_1767689400,0,2,-2.84,-58.99,79.23,12.099,4.63,-72.0
130238_1767689400,0,1,-25.89,-98.568,-4.534,-55.242,-40.566,37.0
133300_1767689400,0,2,67.563,66.688,77.038,16.215,41.889,9.0
134040_1767689400,0,4,22.137,1.404,47.766,27.851,24.994,94.0
132430_1767689400,0,4,287.515,232.599,334.546,280.925,284.22,85.0
122048_1767689400,0,0,39.345,-10.335,94.569,34.395,36.87,121.0
130238_1767689700,0,1,-43.111,-109.273,13.555,-41.193,-42.152,57.0
122658_1767689700,0,0,-35.252,-39.06,-18.891,-53.296,-44.274,-34.0
122613_1767689700,0,4,20.313,-0.851,48.987,32.961,26.637,49.0
122048_1767689700,0,0,-38.536,-94.851,26.388,-2.145,-20.341,116.0
132430_1767689700,0,4,157.908,84.749,222.304,146.211,152.059,7.0
134040_1767689700,0,4,21.826,-40.171,64.99,28.626,25.226,46.0
133300_1767689700,0,2,80.201,73.066,114.003,23.007,51.604,9.0
131672_1767689700,0,2,-47.994,-85.644,27.382,-11.889,-29.941,-222.0
122048_1767690000,0,0,4.538,-50.809,59.481,32.088,18.313,73.0
134040_1767690000,0,4,45.191,-19.61,112.226,63.711,54.451,159.0
122658_1767690000,0,0,-49.24,-58.618,-35.805,-48.945,-49.093,-34.0
129964_1767690000,0,0,31.121,-25.718,100.147,32.566,31.843,65.0
131672_1767690000,0,2,-46.815,-139.68,60.077,-35.725,-41.27,-208.0
130238_1767690000,0,1,17.672,-26.88,89.757,4.214,10.943,40.0
133300_1767690000,0,2,94.244,76.995,117.07,26.673,60.458,68.0
133957_1767690000,0,3,-50.284,-101.696,16.446,-49.193,-49.738,-116.0
122048_1767690300,0,0,20.045,-32.268,68.17,22.648,21.347,-33.0
129964_1767690300,0,0,30.746,-24.042,100.896,37.167,33.956,66.0
130238_1767690300,0,1,81.845,41.067,118.65,72.943,77.394,49.0
133300_1767690300,0,2,29.788,-19.478,113.836,32.225,31.007,69.0
122658_1767690300,0,0,-7.03,-11.6,-2.872,-11.593,-9.311,-34.0
134040_1767690300,0,4,1.451,-47.133,29.542,54.698,28.075,-28.0
131672_1767690300,0,2,-104.585,-150.03,-5.245,-100.417,-102.501,-157.0
133957_1767690300,0,3,-48.438,-98.147,3.285,-65.701,-57.069,-68.0
130238_1767690600,0,1,29.736,6.39,81.898,41.33,35.533,57.0
133300_1767690600,0,2,79.793,13.155,174.11,73.766,76.779,59.0
131672_1767690600,0,2,-73.686,-166.608,-47.872,-55.588,-64.637,-39.0
122658_1767690600,0,0,-6.885,-15.65,-0.013,-18.606,-12.745,-34.0
129964_1767690600,0,0,26.37,-72.648,96.298,33.977,30.174,79.0
133957_1767690600,0,3,-109.488,-164.529,-20.07,-85.458,-97.473,-88.0
122658_1767690900,0,0,18.511,10.495,24.35,-16.61,0.951,-34.0
133300_1767690900,0,2,109.084,19.573,171.015,82.487,95.785,62.0
133957_1767690900,0,3,-81.576,-129.744,-24.11,-84.62,-83.098,-111.0
131672_1767690900,0,2,9.474,6.984,10.993,41.862,25.668,-68.0
129964_1767690900,0,0,11.864,-74.359,61.039,38.685,25.274,58.0
131672_1767691200,0,2,-62.184,-125.569,12.369,-61.706,-61.945,-65.0
129964_1767691200,0,0,58.508,-14.51,112.064,50.117,54.313,64.0
133957_1767691200,0,3,-36.439,-81.287,-15.409,-72.602,-54.521,9.0
130238_1767691200,0,3,-9.2,-48.405,19.166,-25.391,-17.296,0.0
133300_1767691200,0,2,156.665,80.039,205.879,127.361,142.013,135.0
129964_1767691500,0,0,102.638,31.808,163.265,96.705,99.671,94.0
131672_1767691500,0,2,15.544,-58.174,101.49,21.593,18.569,-10.0
130238_1767691500,0,3,-23.297,-36.299,-5.822,-39.527,-31.412,0.0
133957_1767691800,0,0,-19.382,-72.003,48.781,-16.161,-17.771,48.0
129964_1767691800,0,0,61.653,-15.81,120.115,68.201,64.927,42.0
122048_1767691800,0,3,-69.565,-119.222,1.67,-8.278,-38.922,233.0
130238_1767691800,0,3,5.439,-1.142,6.021,-11.025,-2.793,0.0
130238_1767692100,0,3,3.251,-1.975,18.18,10.063,6.657,0.0
133957_1767692100,0,0,15.596,-31.62,86.029,36.805,26.2,50.0
129964_1767692100,0,0,25.521,-46.256,76.94,23.353,24.437,16.0
122048_1767692100,0,3,-43.947,-115.928,43.504,-12.533,-28.24,200.0
129964_1767692400,0,0,31.159,-31.024,86.126,54.3,42.73,106.0
130238_1767692400,0,3,5.838,-1.986,22.668,13.949,9.893,0.0
133957_1767692400,0,0,70.216,9.1,106.455,61.078,65.647,223.0
122048_1767692400,0,3,-47.079,-66.721,-4.549,-12.46,-29.769,91.0
130238_1767692700,0,3,17.803,-9.423,21.933,-6.257,5.773,0.0
122048_1767692700,0,3,133.992,113.454,174.705,147.042,140.517,-63.0
133957_1767692700,0,0,51.439,-3.384,124.313,37.493,44.466,191.0
130238_1767693000,0,3,-2.57,-21.526,-0.361,-6.487,-4.529,0.0
122048_1767693000,0,3,-6.137,-33.453,58.089,31.961,12.912,-67.0
133957_1767693000,0,0,78.804,21.42,172.812,107.344,93.074,80.0
130238_1767693300,0,3,-39.082,-52.736,-37.903,-21.201,-30.141,0.0
132430_1767693300,0,3,43.704,10.563,44.435,9.712,26.708,132.0
133957_1767693300,0,0,50.97,-21.074,155.116,61.707,56.338,23.0
122048_1767693300,0,3,-50.294,-67.347,15.257,-22.773,-36.534,-115.0
122613_1767693600,0,1,-144.193,-174.391,-22.986,-133.807,-139.0,-180.0
122048_1767693600,0,3,-57.135,-99.325,9.516,-40.066,-48.601,-142.0
133300_1767693600,0,3,93.302,11.801,172.764,71.913,82.608,168.0
132430_1767693600,0,3,36.882,2.774,41.035,8.461,22.672,132.0
133957_1767693600,0,0,83.957,18.275,164.3,88.876,86.417,-24.0
122613_1767693900,0,1,-96.495,-98.678,-95.435,-134.682,-115.588,-108.0
122048_1767693900,0,3,-75.489,-111.39,-18.978,-73.488,-74.488,-110.0
133957_1767693900,0,0,62.047,-13.056,128.248,50.224,56.135,13.0
132430_1767693900,0,3,11.427,0.799,97.492,7.755,9.591,33.0
133300_1767694200,0,2,-7.611,-45.319,73.591,47.473,19.931,-63.0
122613_1767694200,0,1,-114.861,-138.698,-101.734,-119.001,-116.931,-140.0
122048_1767694200,0,3,-69.421,-130.857,-39.64,-59.601,-64.511,-50.0
132430_1767694200,0,3,48.196,1.495,121.295,85.719,66.957,90.0
133957_1767694200,0,0,-15.894,-93.554,52.07,-9.772,-12.833,21.0
122613_1767694500,0,1,-57.337,-59.838,-46.407,-113.61,-85.473,-70.0
132430_1767694500,0,3,63.39,8.282,169.409,98.285,80.838,144.0
133957_1767694500,0,0,-89.07,-128.773,-46.428,-69.482,-79.276,-22.0
122048_1767694500,0,3,-43.779,-62.806,-17.625,-33.295,-38.537,-184.0
133300_1767694500,0,2,-1.329,-42.272,88.119,13.72,6.196,-63.0
132430_1767694800,0,3,90.696,-9.039,215.554,67.346,79.021,233.0
133957_1767694800,0,0,41.891,-43.561,134.686,37.301,39.596,24.0
122048_1767694800,0,3,-57.645,-78.619,-20.573,-53.243,-55.444,-250.0
122613_1767694800,0,1,-70.103,-102.243,-18.15,-75.048,-72.575,-38.0
133300_1767694800,0,2,6.179,-14.05,104.673,25.108,15.643,54.0
122613_1767695100,0,1,-5.627,-71.599,57.396,-23.441,-14.534,30.0
122048_1767695100,0,3,-121.262,-136.51,-61.83,-99.374,-110.318,-359.0
133300_1767695100,0,2,19.374,-45.137,105.813,1.327,10.351,90.0
132430_1767695100,0,3,96.492,26.781,214.462,99.21,97.851,116.0
133957_1767695100,0,0,-17.13,-87.157,79.791,-28.782,-22.956,-17.0
132430_1767695400,0,3,122.919,74.407,226.412,121.581,122.25,26.0
129964_1767695400,0,0,55.638,51.548,56.93,72.623,64.13,-51.0
130238_1767695400,0,4,62.185,-1.8,103.387,59.475,60.83,-12.0
122613_1767695400,0,1,69.033,-2.897,144.981,7.869,38.451,123.0
133957_1767695400,0,0,-22.103,-61.79,40.721,-15.541,-18.822,28.0
129964_1767695700,0,0,91.383,81.203,95.215,90.517,90.95,-51.0
132430_1767695700,0,3,135.113,82.346,216.894,143.665,139.389,30.0
130238_1767695700,0,4,64.81,-10.305,168.789,53.908,59.359,2.0
122613_1767695700,0,1,83.57,35.17,149.345,60.18,71.875,61.0
129964_1767696000,0,0,98.915,75.354,116.124,92.726,95.821,-11.0
133957_1767696000,0,0,-31.959,-90.322,53.961,-36.297,-34.128,138.0
132430_1767696000,0,3,74.734,-7.65,179.279,52.395,63.565,-71.0
130238_1767696000,0,4,-8.289,-35.264,89.233,25.062,8.387,-34.0
132430_1767696300,0,3,66.661,-14.691,172.718,49.108,57.884,221.0
129964_1767696300,0,0,13.182,-83.082,62.031,6.967,10.075,73.0
133957_1767696300,0,0,-34.375,-61.385,37.517,-11.102,-22.739,156.0
130238_1767696300,0,4,34.207,0.86,78.919,25.329,29.768,10.0
132430_1767696600,0,3,76.135,-8.212,169.555,56.267,66.201,264.0
129964_1767696600,0,0,44.879,-5.041,141.401,34.168,39.523,111.0
133957_1767696600,0,0,62.644,-15.591,140.572,68.334,65.489,185.0
130238_1767696600,0,4,-42.945,-107.747,44.403,-37.705,-40.325,46.0
129964_1767696900,0,0,125.388,84.79,171.401,125.306,125.347,140.0
122613_1767696900,0,1,57.627,-15.282,61.897,10.368,33.998,0.0
133957_1767696900,0,0,131.308,53.445,195.106,164.548,147.928,111.0
132430_1767696900,0,3,231.18,173.573,275.959,215.579,223.38,113.0
130238_1767696900,0,4,-66.681,-130.98,-0.342,-66.245,-66.463,29.0
132430_1767697200,0,3,141.52,105.858,164.907,133.873,137.697,17.0
133300_1767697200,0,4,36.247,-25.732,88.034,37.888,37.067,49.0
133957_1767697200,0,0,133.667,68.477,216.145,116.962,125.314,64.0
129964_1767697200,0,0,57.39,-15.171,91.607,43.249,50.32,133.0
130238_1767697200,0,4,73.774,18.497,122.137,66.799,70.286,40.0
129964_1767697500,0,0,21.874,-22.739,86.6,23.249,22.561,75.0
133957_1767697500,0,0,66.727,10.951,156.781,72.751,69.739,3.0
132430_1767697500,0,3,120.15,85.009,152.034,108.191,114.171,86.0
130238_1767697500,0,4,31.391,-18.265,67.48,40.644,36.018,32.0
133300_1767697500,0,4,9.959,-69.836,89.966,12.779,11.369,77.0
133957_1767697800,0,0,29.022,-42.696,92.095,43.465,36.244,18.0
135081_1767697800,0,3,-2.773,-21.502,11.81,67.281,32.254,77.0
132430_1767697800,0,3,103.589,63.268,150.439,103.0,103.295,70.0
133300_1767697800,0,4,33.954,-17.915,128.563,41.293,37.624,65.0
129964_1767697800,0,0,51.222,-27.784,90.544,71.494,61.358,26.0
135081_1767698100,0,3,22.099,-7.435,26.669,90.835,56.467,95.0
133300_1767698100,0,4,45.402,14.189,122.366,47.562,46.482,151.0
132430_1767698100,0,3,76.718,54.331,117.05,81.067,78.892,49.0
133957_1767698100,0,0,-0.749,-53.491,76.567,3.68,1.466,-47.0
131672_1767698100,0,1,43.203,-6.538,126.561,36.127,39.665,27.0
129964_1767698100,0,0,68.457,-16.963,121.566,62.974,65.716,10.0
135081_1767698400,0,3,43.949,35.687,85.428,118.761,81.355,135.0
129964_1767698400,0,0,47.502,5.003,84.245,43.595,45.548,14.0
132430_1767698400,0,3,100.478,70.02,142.569,84.306,92.392,49.0
131672_1767698400,0,1,57.917,14.07,130.998,46.651,52.284,60.0
133957_1767698400,0,0,-10.931,-92.428,42.555,-13.276,-12.103,-69.0
133300_1767698400,0,4,146.401,73.096,246.314,102.124,124.262,225.0
131672_1767698700,0,1,70.479,39.558,135.817,63.678,67.078,82.0
129964_1767698700,0,0,-29.789,-110.143,45.68,-32.069,-30.929,0.0
135081_1767698700,0,3,107.449,79.939,204.243,109.569,108.509,126.0
133957_1767698700,0,0,-92.835,-132.184,-31.467,-92.48,-92.658,-145.0
133957_1767699000,0,0,-33.166,-111.35,92.757,-59.378,-46.272,-96.0
129964_1767699000,0,0,-31.22,-102.643,26.512,-49.626,-40.423,80.0
132430_1767699000,0,4,45.108,34.195,126.184,54.37,49.739,14.0
135081_1767699000,0,3,152.694,108.193,233.886,185.702,169.198,28.0
122613_1767699000,0,1,-16.289,-25.384,25.459,18.4,1.055,0.0
131672_1767699000,0,1,6.376,-10.696,61.766,75.401,40.888,4.0
132430_1767699300,0,4,72.247,55.001,101.565,68.903,70.575,14.0
122613_1767699300,0,1,-67.044,-68.683,-55.785,-41.069,-54.056,0.0
129964_1767699300,0,0,-11.377,-51.605,105.551,-44.976,-28.177,49.0
133957_1767699300,0,0,-88.727,-144.634,-1.838,-102.479,-95.603,-249.0
131672_1767699300,0,1,32.699,6.559,58.855,28.752,30.725,40.0
135081_1767699300,0,3,165.245,79.875,257.795,152.673,158.959,45.0
131672_1767699600,0,1,-104.444,-128.577,-41.248,-39.035,-71.739,-28.0
133957_1767699600,0,0,-155.826,-198.288,-54.138,-141.746,-148.786,-254.0
135081_1767699600,0,3,61.6,12.042,122.174,49.839,55.72,55.0
132430_1767699600,0,4,27.947,-30.551,85.424,84.007,55.977,-87.0
122613_1767699600,0,1,-64.96,-67.524,-54.151,-54.182,-59.571,-145.0
135081_1767699900,0,3,24.945,-17.737,64.404,11.936,18.44,36.0
129964_1767699900,0,3,-37.632,-66.454,31.51,-19.74,-28.686,-53.0
132430_1767699900,0,4,48.081,18.616,68.806,77.156,62.618,-110.0
131672_1767699900,0,1,-69.702,-115.518,43.509,-78.732,-74.217,-29.0
133957_1767699900,0,0,-143.291,-179.273,-72.863,-146.293,-144.792,-158.0
122613_1767699900,0,1,20.256,-69.959,124.139,16.317,18.287,-230.0
131672_1767700200,0,1,-19.216,-62.073,74.295,14.534,-2.341,-23.0
129964_1767700200,0,3,23.095,3.106,46.733,-9.42,6.837,-73.0
133957_1767700200,0,0,79.221,61.808,99.028,-57.005,11.108,80.0
135081_1767700200,0,3,-38.664,-87.054,20.597,-37.357,-38.011,-24.0
132430_1767700200,0,4,82.991,22.498,131.227,41.174,62.083,-136.0
122613_1767700200,0,1,17.828,3.275,94.155,21.327,19.577,-116.0
129964_1767700500,0,3,84.352,26.818,113.161,88.956,86.654,90.0
132430_1767700500,0,4,-129.172,-135.374,-86.01,-109.047,-119.109,-6.0
133957_1767700500,0,0,87.815,75.672,109.098,-6.293,40.761,42.0
131672_1767700500,0,1,-20.131,-58.196,33.75,-9.222,-14.676,-47.0
122613_1767700500,0,1,-70.966,-129.147,-31.862,-31.867,-51.417,-79.0
135081_1767700500,0,3,-20.085,-92.413,33.124,-53.906,-36.996,-98.0
122048_1767700800,0,4,-19.456,-53.447,6.027,-43.545,-31.5,374.0
131672_1767700800,0,1,-60.047,-92.32,-32.553,-83.636,-71.842,-105.0
133300_1767700800,0,1,133.215,65.776,181.301,84.494,108.854,260.0
122613_1767700800,0,1,-86.562,-120.14,-23.756,-100.801,-93.681,-50.0
122658_1767700800,0,2,19.747,-53.032,75.796,42.226,30.986,143.0
122048_1767701100,0,4,204.038,153.599,231.295,194.764,199.401,312.0
122658_1767701100,0,2,136.49,127.247,149.033,139.694,138.092,121.0
122613_1767701100,0,1,-94.189,-94.307,-53.1,-88.507,-91.348,-155.0
131672_1767701100,0,1,-57.456,-125.067,18.573,-74.802,-66.129,-83.0
122613_1767701400,0,1,-65.035,-90.428,-52.055,-83.57,-74.302,-175.0
122048_1767701400,0,4,241.144,225.993,249.521,235.392,238.268,354.0
133300_1767701400,0,2,-38.481,-55.757,-30.741,-34.228,-36.354,-7.0
131672_1767701400,0,1,-137.217,-144.859,-54.265,-78.142,-107.68,-207.0
133300_1767701700,0,2,41.954,17.429,53.346,66.887,54.42,-7.0
122658_1767701700,0,0,-19.868,-34.383,-16.897,-46.099,-32.984,0.0
122048_1767701700,0,4,294.161,276.84,342.087,249.286,271.724,273.0
122613_1767701700,0,1,-43.63,-83.444,-33.378,-54.852,-49.241,-47.0
122658_1767702000,0,0,-20.775,-57.803,-0.685,-45.944,-33.36,0.0
133300_1767702000,0,2,83.885,26.46,119.329,77.469,80.677,132.0
122613_1767702000,0,1,-130.46,-142.115,-76.099,-114.064,-122.262,-61.0
122048_1767702000,0,4,212.38,201.064,267.383,222.858,217.619,252.0
122658_1767702300,0,0,-72.256,-100.753,-20.102,-18.105,-45.181,0.0
122048_1767702300,0,4,219.304,167.034,302.8,196.99,208.147,158.0
122613_1767702300,0,1,-14.348,-48.284,36.938,-20.722,-17.535,66.0
133300_1767702300,0,2,34.817,-24.43,148.695,22.676,28.746,114.0
133957_1767702600,0,1,42.211,-2.046,99.244,47.681,44.946,172.0
133300_1767702600,0,2,91.351,26.829,207.416,77.971,84.661,47.0
132430_1767702600,0,3,174.725,125.035,227.079,127.62,151.173,-64.0
122658_1767702600,0,0,-6.98,-9.947,-4.371,-15.745,-11.362,0.0
122048_1767702600,0,4,123.822,67.974,232.614,128.371,126.096,144.0
135081_1767702600,0,1,-79.995,-110.095,-50.502,-76.199,-78.097,-131.0
135081_1767702900,0,1,-88.544,-113.972,-34.03,-82.593,-85.569,-144.0
133300_1767702900,0,2,101.779,16.863,169.63,73.77,87.774,95.0
122658_1767702900,0,0,-5.04,-21.254,7.825,-17.421,-11.23,0.0
122048_1767702900,0,4,112.857,61.762,193.918,117.105,114.981,138.0
133957_1767702900,0,1,26.107,-18.15,113.068,36.657,31.382,97.0
132430_1767702900,0,3,43.199,19.999,107.051,43.036,43.118,-181.0
134040_1767703200,0,0,28.186,-33.749,48.633,-8.982,9.602,-35.0
122658_1767703200,0,0,-0.604,-11.286,13.375,-7.741,-4.172,0.0
131672_1767703200,0,1,108.707,77.599,111.873,24.362,66.534,17.0
132430_1767703200,0,3,44.06,-26.976,101.258,32.487,38.274,-100.0
122048_1767703200,0,4,68.818,46.563,133.04,96.049,82.433,87.0
133957_1767703200,0,1,65.523,-2.495,146.685,70.989,68.256,101.0
133300_1767703200,0,2,174.207,101.649,221.982,127.762,150.985,322.0
135081_1767703200,0,1,-73.865,-132.245,-0.173,-84.029,-78.947,-171.0
133957_1767703500,0,1,118.458,46.374,171.874,105.414,111.936,161.0
132430_1767703500,0,3,-22.687,-72.177,12.577,-23.29,-22.989,-75.0
134040_1767703500,0,0,-23.379,-35.323,3.494,16.561,-3.409,-35.0
122658_1767703500,0,0,-7.898,-27.76,0.208,-0.997,-4.448,0.0
131672_1767703500,0,1,116.061,107.385,154.219,66.008,91.035,76.0
122048_1767703500,0,4,49.207,22.924,128.35,82.148,65.678,84.0
135081_1767703500,0,1,-146.306,-194.236,-57.824,-116.282,-131.294,-72.0
132430_1767703800,0,3,-16.552,-23.603,-0.636,-22.587,-19.569,-58.0
122658_1767703800,0,0,-1.854,-57.674,19.146,-28.6,-15.227,103.0
135081_1767703800,0,1,-121.698,-158.154,-50.195,-112.76,-117.229,-16.0
131672_1767703800,0,1,49.708,31.06,105.354,47.842,48.775,53.0
134040_1767703800,0,0,97.657,89.967,122.172,57.362,77.51,52.0
133957_1767703800,0,1,79.409,-2.69,129.017,68.916,74.163,40.0
133300_1767703800,0,3,38.89,-16.058,103.39,24.93,31.91,-25.0
122048_1767703800,0,4,30.531,-4.167,65.901,57.654,44.092,84.0
131672_1767704100,0,1,111.401,71.72,175.595,99.309,105.355,192.0
132430_1767704100,0,3,-49.576,-51.886,-4.996,-25.491,-37.534,-74.0
133957_1767704100,0,1,94.588,67.962,102.794,86.762,90.675,139.0
135081_1767704100,0,1,-24.031,-77.007,37.623,-29.878,-26.955,-27.0
122658_1767704100,0,0,56.642,-18.904,105.652,18.968,37.805,252.0
134040_1767704100,0,0,102.829,66.784,117.613,44.322,73.576,87.0
122048_1767704100,0,4,47.819,39.309,51.142,46.944,47.382,0.0
122048_1767704400,0,4,28.362,10.541,35.487,43.129,35.745,0.0
134040_1767704400,0,0,46.429,-21.084,113.352,52.995,49.712,91.0
135081_1767704400,0,1,35.645,0.308,85.556,18.102,26.874,11.0
122658_1767704400,0,0,60.743,0.754,133.27,47.786,54.264,289.0
129964_1767704400,0,3,31.379,-39.655,68.751,21.892,26.636,-106.0
122048_1767704700,0,4,17.023,14.735,22.201,50.228,33.626,0.0
132430_1767704700,0,1,-41.609,-53.516,-33.46,-53.371,-47.49,16.0
134040_1767704700,0,0,63.686,-6.346,150.661,60.737,62.211,-7.0
122658_1767704700,0,0,43.013,-20.65,156.974,42.142,42.577,321.0
129964_1767704700,0,3,64.772,3.711,82.999,46.798,55.785,-150.0
134040_1767705000,0,0,46.228,-23.312,124.036,36.467,41.347,47.0
122658_1767705000,0,0,351.533,290.332,391.524,284.526,318.03,406.0
122048_1767705000,0,4,29.833,-17.737,40.495,-2.303,13.765,0.0
129964_1767705000,0,3,72.568,-2.989,104.989,43.711,58.14,-165.0
132430_1767705000,0,1,28.307,6.861,45.707,-18.671,4.818,16.0
132430_1767705300,0,1,-51.092,-89.585,31.934,-41.631,-46.361,17.0
122048_1767705300,0,4,-1.057,-18.84,15.82,-8.261,-4.659,0.0
129964_1767705300,0,3,-14.784,-55.982,33.273,-35.82,-25.302,-95.0
134040_1767705300,0,0,36.304,-33.388,118.044,2.123,19.214,84.0
132430_1767705600,0,1,40.402,-48.286,132.444,76.783,58.592,77.0
133957_1767705600,0,4,51.547,-19.695,52.908,51.181,51.364,113.0
129964_1767705600,0,3,-45.557,-95.491,-13.557,-54.964,-50.261,11.0
122658_1767705600,0,0,38.785,34.997,88.248,43.474,41.129,0.0
122048_1767705600,0,4,-0.522,-8.768,11.849,-13.739,-7.131,0.0
134040_1767705600,0,0,-5.29,-64.552,50.505,-0.031,-2.661,113.0
122613_1767705900,0,3,-32.028,-39.588,-19.177,9.764,-11.132,0.0
133957_1767705900,0,4,97.298,31.691,144.736,70.446,83.872,123.0
132430_1767705900,0,1,55.576,-31.093,137.308,51.935,53.755,57.0
129964_1767705900,0,3,-100.756,-151.718,-39.815,-95.232,-97.994,-32.0
122658_1767705900,0,0,42.966,31.965,98.631,18.851,30.909,0.0
134040_1767705900,0,0,-2.506,-78.803,68.512,-4.977,-3.742,37.0
122048_1767705900,0,4,27.813,19.901,36.755,11.231,19.522,0.0
135081_1767705900,0,2,52.673,-11.76,108.642,6.389,29.531,79.0
122048_1767706200,0,4,15.876,-7.322,27.526,9.38,12.628,0.0
131672_1767706200,0,0,-18.059,-90.39,52.375,-19.754,-18.907,37.0
129964_1767706200,0,3,-75.906,-112.934,-2.735,-37.702,-56.804,-50.0
132430_1767706200,0,1,114.815,-4.776,216.376,65.7,90.257,196.0
134040_1767706200,0,0,7.544,-61.013,78.58,20.549,14.047,123.0
134040_1767706500,0,0,64.194,-8.913,151.87,77.58,70.887,172.0
132430_1767706500,0,1,118.727,5.939,267.885,102.185,110.456,103.0
131672_1767706500,0,0,47.383,-21.811,87.648,50.569,48.976,131.0
122048_1767706500,0,4,20.064,0.403,24.719,-1.06,9.502,0.0
129964_1767706500,0,3,-27.176,-80.519,20.352,-34.985,-31.08,-51.0
129964_1767706800,0,3,-17.312,-106.755,41.838,-28.9,-23.106,-34.0
134040_1767706800,0,0,149.841,51.657,239.532,148.257,149.049,317.0
122048_1767706800,0,4,17.78,3.132,20.67,20.19,18.985,0.0
132430_1767706800,0,1,59.416,-16.347,180.404,59.023,59.22,53.0
134040_1767707100,0,0,71.353,-8.636,148.413,91.281,81.317,231.0
129964_1767707100,0,3,-52.156,-94.922,-23.372,-58.344,-55.25,25.0
122048_1767707100,0,4,-15.5,-47.863,-14.949,-25.602,-20.551,0.0
132430_1767707100,0,1,111.295,50.929,188.306,95.753,103.524,78.0
122048_1767707400,0,4,11.694,-9.727,17.0,-2.362,4.666,0.0
134040_1767707400,0,0,134.066,69.686,218.35,119.304,126.685,234.0
129964_1767707400,0,3,-29.065,-99.055,35.829,-56.929,-42.997,-62.0
132430_1767707400,0,1,114.378,5.407,217.547,76.309,95.343,39.0
122048_1767707700,0,4,-3.771,-16.721,11.697,14.087,5.158,0.0
134040_1767707700,0,0,143.359,70.309,207.405,143.387,143.373,200.0
132430_1767707700,0,1,138.511,73.984,210.014,116.808,127.659,58.0
129964_1767707700,0,3,0.912,-64.661,25.52,-6.011,-2.55,5.0
133957_1767708000,0,2,178.314,112.966,262.207,201.134,189.724,253.0
132430_1767708000,0,1,158.245,61.522,274.678,139.877,149.061,192.0
129964_1767708000,0,3,19.619,-53.739,104.555,-19.364,0.128,-6.0
122613_1767708000,0,4,17.832,-9.911,28.639,12.092,14.962,0.0
135081_1767708000,0,1,169.889,106.572,259.392,150.368,160.129,19.0
133957_1767708300,0,2,138.216,66.339,215.602,153.805,146.011,180.0
122613_1767708300,0,4,-6.742,-28.901,-2.755,-15.639,-11.19,0.0
132430_1767708300,0,1,69.305,-10.072,166.44,59.811,64.558,68.0
135081_1767708300,0,1,44.01,-17.58,142.119,26.341,35.176,-36.0
129964_1767708600,0,0,-99.373,-160.824,0.959,-88.481,-93.927,-114.0
122613_1767708600,0,4,-52.53,-59.443,-40.484,-51.366,-51.948,-77.0
135081_1767708600,0,1,22.095,-65.461,86.885,9.144,15.62,-19.0
131672_1767708600,0,3,40.316,-1.029,61.873,42.779,41.547,60.0
132430_1767708600,0,1,58.191,-31.277,132.365,59.618,58.905,-7.0
133957_1767708600,0,2,172.19,111.001,226.037,162.327,167.259,238.0
131672_1767708900,0,3,98.266,31.799,128.995,90.113,94.19,90.0
132430_1767708900,0,1,101.53,6.723,172.05,90.981,96.255,115.0
122613_1767708900,0,4,-30.95,-76.966,-15.808,-11.169,-21.06,0.0
135081_1767708900,0,1,-8.301,-48.831,13.108,-4.132,-6.217,-17.0
129964_1767708900,0,0,-41.791,-122.729,35.125,-28.117,-34.954,-106.0
133957_1767708900,0,2,163.537,91.035,228.066,171.352,167.444,170.0
132430_1767709200,0,1,79.906,-31.766,130.604,61.95,70.928,98.0
122613_1767709200,0,4,-29.308,-29.373,-26.797,-2.744,-16.026,0.0
135081_1767709200,0,1,-51.467,-106.622,22.942,-78.71,-65.089,-17.0
133957_1767709200,0,2,139.552,85.777,176.109,147.379,143.465,81.0
131672_1767709200,0,3,91.248,16.607,142.376,85.876,88.562,91.0
129964_1767709200,0,0,-0.645,-81.59,61.327,18.571,8.963,-77.0
131672_1767709500,0,3,113.754,86.902,183.364,102.891,108.323,115.0
132430_1767709500,0,1,143.113,49.031,233.757,122.034,132.573,158.0
122613_1767709500,0,4,-33.868,-44.68,-13.013,-13.547,-23.707,0.0
135081_1767709500,0,1,-91.863,-110.109,6.839,-97.1,-94.481,-102.0
129964_1767709500,0,0,-79.907,-92.882,-40.476,-67.784,-73.846,-93.0
122613_1767709800,0,4,-3.993,-11.692,14.548,-8.661,-6.327,0.0
135081_1767709800,0,1,-48.864,-122.723,28.245,-42.946,-45.905,-84.0
134040_1767709800,0,4,52.355,-9.03,160.555,64.686,58.521,79.0
132430_1767709800,0,1,123.732,79.228,177.083,99.541,111.636,137.0
129964_1767709800,0,0,-15.228,-72.556,34.577,-18.773,-17.001,-69.0
122613_1767710100,0,4,8.401,7.813,27.557,10.53,9.466,0.0
129964_1767710100,0,0,-26.237,-90.891,27.915,-45.89,-36.063,-42.0
135081_1767710100,0,1,-40.076,-84.523,29.131,-39.66,-39.868,-126.0
134040_1767710100,0,4,-12.05,-58.487,86.095,12.171,0.06,4.0
122613_1767710400,0,4,-7.62,-24.324,-2.973,-9.216,-8.418,0.0
132430_1767710400,0,0,37.803,16.223,49.723,4.617,21.21,23.0
134040_1767710400,0,4,36.73,-20.343,128.068,44.439,40.584,68.0
129964_1767710400,0,0,-100.052,-160.719,-41.846,-112.005,-106.028,-145.0
135081_1767710400,0,1,-61.139,-118.56,-38.143,-58.046,-59.593,-128.0
135081_1767710700,0,1,-110.724,-181.768,-56.599,-124.556,-117.64,-145.0
122613_1767710700,0,4,32.471,23.945,34.548,22.51,27.491,0.0
134040_1767710700,0,4,47.591,-5.252,123.555,51.112,49.352,87.0
132430_1767710700,0,0,17.724,12.269,24.146,21.297,19.511,23.0
129964_1767710700,0,0,-72.37,-117.12,-19.33,-81.163,-76.767,-127.0
134040_1767711000,0,4,79.256,20.308,173.428,63.907,71.581,187.0
129964_1767711000,0,0,-64.714,-145.702,17.874,-74.876,-69.795,-207.0
132430_1767711000,0,0,-5.793,-47.972,25.534,19.848,7.028,47.0
122613_1767711000,0,4,3.043,-9.161,9.792,0.609,1.826,0.0
135081_1767711000,0,1,-114.597,-161.649,-27.754,-123.013,-118.805,-175.0
134040_1767711300,0,4,55.588,-2.036,164.059,79.432,67.51,267.0
129964_1767711300,0,0,-51.902,-104.976,-19.24,-73.963,-62.932,-66.0
122613_1767711300,0,4,69.477,68.267,89.819,47.99,58.733,0.0
132430_1767711300,0,0,29.203,-32.177,94.691,32.864,31.033,33.0
135081_1767711300,0,1,-124.211,-153.608,-33.812,-126.124,-125.168,-168.0
135081_1767711600,0,1,-91.382,-158.995,36.159,-95.135,-93.258,11.0
131672_1767711600,0,3,-53.568,-113.634,12.751,-60.23,-56.899,-47.0
133957_1767711600,0,2,137.383,60.217,239.708,135.533,136.458,26.0
132430_1767711600,0,0,100.303,45.275,137.27,70.117,85.21,171.0
134040_1767711600,0,4,73.419,17.091,154.217,85.22,79.319,199.0
133957_1767711900,0,2,108.96,18.965,149.139,108.746,108.853,17.0
134040_1767711900,0,4,155.502,101.001,244.853,182.519,169.01,181.0
131672_1767711900,0,3,-44.834,-116.355,21.314,-49.937,-47.385,-52.0
132430_1767711900,0,0,149.323,31.369,185.995,94.746,122.035,384.0
135081_1767711900,0,1,-0.848,-69.699,129.722,-25.198,-13.023,-12.0
132430_1767712200,0,0,123.58,43.516,204.107,114.837,119.209,291.0
135081_1767712200,0,1,47.562,-0.733,105.034,22.897,35.229,-28.0
133300_1767712200,0,2,56.08,21.199,83.466,35.367,45.724,-35.0
134040_1767712200,0,4,148.369,65.046,245.863,173.257,160.813,202.0
133957_1767712200,0,2,29.852,-21.522,90.847,12.757,21.305,28.0
133957_1767712500,0,2,-4.706,-64.414,73.202,-4.173,-4.439,-36.0
135081_1767712500,0,1,-11.059,-46.173,37.97,-14.248,-12.653,59.0
133300_1767712500,0,2,57.814,57.248,67.35,55.315,56.564,-35.0
132430_1767712500,0,0,141.3,98.51,249.839,128.669,134.984,226.0
134040_1767712500,0,4,148.298,95.688,242.35,189.366,168.832,199.0
130238_1767712500,0,0,19.257,9.675,26.316,9.621,14.439,10.0
134040_1767712800,0,4,128.59,56.514,187.327,103.757,116.174,183.0
130238_1767712800,0,0,42.413,40.264,79.161,34.873,38.643,-40.0
132430_1767712800,0,0,211.914,172.739,328.041,208.901,210.407,258.0
133300_1767712800,0,2,82.656,68.672,82.924,58.148,70.402,36.0
133957_1767712800,0,2,-35.688,-105.374,37.846,-23.721,-29.704,-93.0
134040_1767713100,0,4,112.385,53.483,178.792,129.52,120.953,91.0
130238_1767713100,0,0,60.833,57.085,68.623,27.654,44.243,-124.0
132430_1767713100,0,0,191.388,150.389,260.693,183.983,187.685,199.0
133300_1767713100,0,2,12.9,-48.292,113.071,14.791,13.846,-9.0
133957_1767713100,0,2,-9.292,-76.072,91.932,8.37,-0.461,74.0
122658_1767713100,0,2,-0.551,-34.963,45.769,-15.592,-8.071,27.0
122613_1767713400,0,2,20.343,8.681,24.894,20.752,20.547,0.0
122658_1767713400,0,2,41.091,11.225,107.008,29.679,35.385,86.0
131672_1767713400,0,4,22.036,-14.113,29.312,35.271,28.654,12.0
130238_1767713400,0,0,-46.608,-88.147,38.543,-22.26,-34.434,-99.0
133957_1767713400,0,2,-80.803,-136.463,-4.568,-54.025,-67.414,75.0
122048_1767713400,0,1,0.164,-13.099,1.449,-1.466,-0.651,0.0
129964_1767713400,0,4,-23.783,-67.997,26.874,51.223,13.72,-129.0
122613_1767713700,0,2,14.844,-13.626,54.572,17.474,16.159,0.0
131672_1767713700,0,4,38.859,0.568,71.751,24.127,31.493,86.0
129964_1767713700,0,4,-85.121,-140.255,-30.402,-46.957,-66.039,-33.0
133957_1767713700,0,2,-6.665,-28.766,76.287,34.004,13.669,-11.0
122658_1767713700,0,2,121.8,89.432,159.992,37.578,79.689,159.0
122048_1767713700,0,1,-12.108,-40.245,23.016,-1.58,-6.844,0.0
130238_1767713700,0,0,-66.912,-95.675,-7.556,-81.356,-74.134,-47.0
122613_1767714000,0,2,19.607,-34.649,31.554,0.161,9.884,0.0
131672_1767714000,0,4,11.591,-30.24,58.848,17.717,14.654,67.0
122048_1767714000,0,1,-40.984,-60.024,-15.179,-21.67,-31.327,0.0
130238_1767714000,0,0,-49.005,-131.266,52.976,-55.886,-52.445,-41.0
122658_1767714000,0,2,239.263,165.715,319.058,140.984,190.123,225.0
129964_1767714000,0,4,-8.117,-67.479,26.528,-17.907,-13.012,25.0
122613_1767714300,0,2,-9.376,-20.167,-6.093,-3.943,-6.66,0.0
130238_1767714300,0,0,-76.536,-123.286,19.136,-48.914,-62.725,-45.0
129964_1767714300,0,4,54.156,1.296,147.158,40.799,47.478,8.0
122048_1767714300,0,1,-14.928,-45.387,-8.214,15.711,0.391,0.0
131672_1767714300,0,4,63.147,19.267,134.941,82.026,72.587,70.0
122658_1767714300,0,2,95.305,15.717,177.839,84.417,89.861,348.0
122048_1767714600,0,1,-41.452,-44.848,-28.749,-29.257,-35.354,0.0
129964_1767714600,0,4,-2.319,-63.814,69.271,-8.534,-5.427,-49.0
122613_1767714600,0,2,-12.717,-19.424,-0.282,-5.221,-8.969,0.0
130238_1767714600,0,0,-71.009,-134.019,-1.868,-74.303,-72.656,-30.0
122658_1767714600,0,2,131.127,79.26,164.688,124.348,127.737,362.0
131672_1767714600,0,4,64.767,-0.334,134.378,65.881,65.324,13.0
122613_1767714900,0,2,-10.183,-10.477,-6.893,-3.528,-6.856,0.0
130238_1767714900,0,0,22.052,-43.827,76.907,-7.56,7.246,-78.0
122658_1767714900,0,2,-43.585,-47.525,-25.2,-5.203,-24.394,2.0
129964_1767714900,0,4,0.393,-36.684,67.3,9.738,5.066,-82.0
122048_1767714900,0,1,0.977,-3.393,12.633,0.962,0.97,0.0
131672_1767714900,0,4,-54.347,-122.078,84.489,-22.134,-38.241,-150.0
122048_1767715200,0,1,16.664,12.27,20.043,-1.206,7.729,0.0
122658_1767715200,0,2,62.268,33.498,79.928,83.368,72.818,0.0
132430_1767715200,0,4,283.22,244.721,325.263,325.052,304.136,485.0
122613_1767715200,0,2,-11.321,-14.69,-9.724,-4.274,-7.797,0.0
133300_1767715200,0,1,46.119,-19.348,139.711,76.27,61.195,22.0
129964_1767715200,0,4,-57.973,-118.752,30.702,-43.288,-50.63,-134.0
130238_1767715200,0,0,-42.717,-71.446,-19.148,-49.253,-45.985,-97.0
122658_1767715500,0,2,131.411,103.575,134.687,99.371,115.391,0.0
132430_1767715500,0,4,332.536,308.127,337.657,367.849,350.193,483.0
122048_1767715500,0,1,10.901,7.731,20.951,5.595,8.248,0.0
129964_1767715500,0,4,-50.465,-105.397,18.18,-52.47,-51.468,-115.0
122613_1767715500,0,2,-37.487,-66.873,-2.574,-20.78,-29.134,0.0
133300_1767715500,0,1,59.082,15.148,98.967,55.909,57.496,-24.0
122613_1767715800,0,2,-10.324,-76.545,63.77,-21.24,-15.782,-18.0
133300_1767715800,0,1,16.097,-11.835,94.814,31.924,24.01,-87.0
122048_1767715800,0,1,-13.29,-21.038,4.147,-11.987,-12.639,0.0
122658_1767715800,0,2,-15.647,-45.063,15.485,-3.274,-9.46,0.0
129964_1767715800,0,4,-75.765,-113.548,-49.616,-70.202,-72.983,-2.0
133300_1767716100,0,1,-59.538,-70.39,10.411,-36.059,-47.799,-38.0
122613_1767716100,0,2,58.49,-22.553,177.726,45.782,52.136,11.0
129964_1767716100,0,4,-73.258,-120.588,-17.694,-73.01,-73.134,-46.0
122048_1767716100,0,1,-3.294,-8.737,16.879,-6.514,-4.904,0.0
122658_1767716100,0,2,-7.5,-48.177,-4.256,-0.669,-4.085,0.0
133300_1767716400,0,1,7.102,-46.817,106.57,-19.039,-5.968,207.0
122048_1767716400,0,1,0.974,-3.833,8.434,-0.963,0.006,0.0
129964_1767716400,0,4,-34.614,-83.398,30.115,-27.123,-30.869,-13.0
133957_1767716400,0,1,98.46,53.001,144.626,120.067,109.264,115.0
122613_1767716400,0,2,-16.282,-85.079,65.78,4.052,-6.115,-88.0
130238_1767716400,0,0,54.407,48.621,75.566,37.701,46.054,98.0
122658_1767716400,0,2,-9.428,-14.916,0.919,-5.888,-7.658,0.0
122613_1767716700,0,2,49.143,-3.483,147.419,64.865,57.004,-27.0
133957_1767716700,0,1,110.659,53.181,164.529,119.019,114.839,104.0
130238_1767716700,0,0,-21.253,-39.708,-3.534,-7.001,-14.127,9.0
122048_1767716700,0,1,-18.109,-20.213,-11.491,-25.333,-21.721,0.0
129964_1767716700,0,4,-10.023,-45.2,61.491,-15.642,-12.833,303.0
122658_1767716700,0,2,-9.375,-11.213,-6.928,-5.604,-7.49,0.0
122658_1767717000,0,2,3.956,-3.949,9.897,-10.935,-3.49,0.0
130238_1767717000,0,0,51.422,27.601,65.572,25.698,38.56,-55.0
135081_1767717000,0,2,79.95,9.763,175.731,93.524,86.737,92.0
122613_1767717000,0,2,-31.222,-88.567,53.463,-26.187,-28.704,-62.0
129964_1767717300,0,0,-81.937,-110.348,5.376,-66.83,-74.383,-111.0
135081_1767717300,0,2,66.044,-1.604,152.284,92.387,79.216,-22.0
130238_1767717300,0,0,46.682,32.963,131.414,33.463,40.073,-41.0
122613_1767717300,0,2,13.223,-52.323,93.171,13.882,13.553,-54.0
122613_1767717600,0,2,9.897,-74.682,90.769,-11.54,-0.821,-11.0
130238_1767717600,0,0,-49.555,-82.041,14.605,-54.629,-52.092,-57.0
135081_1767717600,0,2,70.641,-1.606,163.765,108.488,89.565,-133.0
129964_1767717600,0,0,-56.236,-109.508,2.994,-43.649,-49.943,-126.0
122658_1767717600,0,0,9.407,-2.244,22.715,0.22,4.813,-46.0
135081_1767717900,0,2,-27.258,-103.17,61.895,-16.441,-21.849,-127.0
122613_1767717900,0,2,-53.922,-118.006,22.444,-53.404,-53.663,55.0
122658_1767717900,0,0,2.783,-10.158,46.498,21.836,12.309,38.0
129964_1767717900,0,0,-2.895,-78.714,56.91,-3.65,-3.272,38.0
130238_1767717900,0,0,-36.718,-88.698,51.52,-49.696,-43.207,-92.0
129964_1767718200,0,0,-10.657,-53.853,1.223,-59.555,-35.106,57.0
130238_1767718200,0,0,-26.896,-83.314,27.753,-42.15,-34.523,-38.0
122613_1767718200,0,2,26.929,11.401,40.513,25.594,26.261,72.0
122658_1767718200,0,0,13.914,7.046,70.651,13.289,13.602,39.0
135081_1767718200,0,2,-62.27,-120.822,-2.028,-54.483,-58.377,-51.0
122658_1767718500,0,0,88.844,36.154,167.107,60.748,74.796,63.0
122613_1767718500,0,2,39.355,38.83,67.757,61.656,50.506,72.0
129964_1767718500,0,0,28.583,-22.523,108.482,47.069,37.826,71.0
135081_1767718500,0,2,-44.25,-80.984,-9.92,-58.911,-51.58,-77.0
130238_1767718500,0,0,-15.566,-69.666,27.333,-48.422,-31.994,-3.0
130238_1767718800,0,0,-48.768,-88.122,-6.629,-76.105,-62.436,-85.0
133957_1767718800,0,4,-46.162,-92.845,44.588,-30.267,-38.214,-35.0
122658_1767718800,0,0,-28.619,-86.541,44.868,-54.181,-41.4,107.0
129964_1767718800,0,0,69.698,8.347,138.26,94.525,82.111,39.0
135081_1767718800,0,2,-74.454,-126.636,3.023,-82.556,-78.505,-153.0
133300_1767718800,0,0,62.122,0.331,122.577,68.154,65.138,231.0
129964_1767719100,0,0,-48.208,-87.21,5.852,-48.497,-48.353,-44.0
135081_1767719100,0,2,-43.872,-105.341,45.201,-24.271,-34.072,-144.0
130238_1767719100,0,0,-74.385,-140.143,8.799,-58.846,-66.615,99.0
133957_1767719100,0,4,-108.784,-132.484,-9.471,-80.393,-94.589,-113.0
122658_1767719100,0,0,123.184,86.867,183.321,128.577,125.88,88.0
122658_1767719400,0,0,17.511,4.826,35.368,71.875,44.693,0.0
135081_1767719400,0,2,-34.396,-104.372,16.415,-29.402,-31.899,-123.0
133957_1767719400,0,4,-11.556,-58.203,58.167,-13.256,-12.406,-174.0
130238_1767719400,0,0,-22.54,-59.621,27.739,-69.631,-46.086,160.0
133300_1767719400,0,4,-25.345,-91.764,53.421,-14.131,-19.738,-24.0
129964_1767719400,0,0,-25.988,-74.422,55.773,-27.231,-26.609,-130.0
135081_1767719700,0,2,-89.056,-131.923,-56.99,-83.615,-86.336,-137.0
122658_1767719700,0,0,-28.349,-60.623,-22.269,-32.061,-30.205,0.0
130238_1767719700,0,0,-52.326,-98.556,2.233,-75.559,-63.943,134.0
129964_1767719700,0,0,-57.654,-130.382,33.567,-26.582,-42.118,-135.0
133957_1767719700,0,4,-60.983,-114.16,14.25,-61.454,-61.219,-173.0
133300_1767719700,0,4,39.454,-39.811,132.191,25.495,32.475,22.0
133300_1767720000,0,4,78.057,-8.062,166.135,81.514,79.786,-46.0
122048_1767720000,0,1,-130.28,-137.682,-104.648,-52.608,-91.444,-336.0
133957_1767720000,0,4,-124.176,-157.228,-22.264,-105.9,-115.038,-218.0
130238_1767720000,0,0,102.814,13.045,186.576,114.251,108.533,35.0
122658_1767720000,0,0,-8.221,-19.486,11.351,-8.581,-8.401,0.0
129964_1767720000,0,0,-85.787,-122.418,-34.11,-78.723,-82.255,-14.0
135081_1767720000,0,2,-167.793,-210.089,-106.252,-129.62,-148.707,-199.0
133300_1767720300,0,4,36.768,-21.381,141.701,35.962,36.365,-26.0
129964_1767720300,0,0,-84.818,-127.328,21.846,-77.077,-80.948,-105.0
135081_1767720300,0,2,-184.616,-212.685,-67.403,-154.918,-169.767,-231.0
122048_1767720300,0,1,-87.119,-143.971,-10.154,-38.404,-62.761,-130.0
130238_1767720300,0,0,91.47,36.122,182.96,96.812,94.141,41.0
122658_1767720300,0,0,2.653,-12.623,21.895,-11.011,-4.179,0.0
122048_1767720600,0,1,-16.212,-21.052,11.843,5.676,-5.268,-32.0
129964_1767720600,0,0,-11.896,-85.386,20.653,-28.971,-20.434,-10.0
122658_1767720600,0,0,0.538,-50.681,38.987,-11.793,-5.627,0.0
135081_1767720600,0,2,-84.633,-102.116,-77.978,-46.476,-65.554,-180.0
130238_1767720600,0,0,9.251,-33.272,67.273,41.112,25.181,-64.0
122048_1767720900,0,1,-67.101,-78.641,9.273,-101.261,-84.181,-32.0
135081_1767720900,0,2,-114.259,-169.021,-52.096,-108.825,-111.542,-34.0
133957_1767720900,0,4,-20.341,-49.611,51.757,2.135,-9.103,67.0
130238_1767720900,0,0,-7.692,-67.276,39.249,16.532,4.42,-125.0
122658_1767720900,0,0,57.05,-16.473,107.672,20.915,38.983,0.0
129964_1767720900,0,0,-77.245,-118.27,6.79,-72.42,-74.833,49.0
130238_1767721200,0,0,23.919,-24.526,96.373,40.997,32.458,-103.0
133957_1767721200,0,4,48.88,-11.373,104.999,29.371,39.125,28.0
122048_1767721200,0,1,20.219,18.996,53.421,36.084,28.151,-108.0
122658_1767721200,0,0,-20.81,-97.515,69.255,-14.398,-17.604,0.0
135081_1767721200,0,2,-32.164,-74.018,-8.262,-9.367,-20.765,4.0
135081_1767721500,0,2,24.778,-34.016,58.972,-18.575,3.102,12.0
122048_1767721500,0,1,-89.52,-91.246,-28.092,-46.688,-68.104,-141.0
130238_1767721500,0,0,-61.75,-85.96,-10.643,-50.22,-55.985,-170.0
133957_1767721500,0,4,95.568,66.051,119.823,38.367,66.967,83.0
122048_1767721800,0,1,-94.649,-123.139,-80.918,-71.979,-83.314,-174.0
133957_1767721800,0,4,91.856,55.031,122.798,46.627,69.242,-28.0
135081_1767721800,0,2,47.145,33.85,78.818,8.676,27.91,48.0
122048_1767722100,0,1,3.141,-53.244,6.313,-30.418,-13.639,-157.0
133957_1767722100,0,4,30.819,1.498,120.175,7.371,19.095,-73.0
132430_1767722400,0,4,323.817,274.183,387.808,348.929,336.373,380.0
133300_1767722400,0,3,52.976,36.61,105.168,63.306,58.141,310.0
134040_1767722400,0,4,137.563,98.793,161.94,72.569,105.066,107.0
122048_1767722400,0,1,16.588,-75.672,124.081,-43.801,-13.607,-146.0
134040_1767722700,0,4,76.79,74.106,140.453,74.495,75.642,295.0
133300_1767722700,0,3,241.272,164.014,288.425,248.617,244.944,406.0
122048_1767722700,0,1,58.249,-24.871,122.181,-29.053,14.598,-104.0
132430_1767722700,0,4,413.473,361.775,491.299,441.635,427.554,324.0
133300_1767723000,0,3,469.969,434.439,485.109,414.42,442.195,580.0
134040_1767723000,0,4,108.267,31.107,204.225,135.275,121.771,407.0
122048_1767723000,0,1,36.468,-25.102,95.052,-5.574,15.447,-70.0
132430_1767723000,0,4,491.233,478.103,496.469,469.973,480.603,452.0
132430_1767723300,0,4,287.655,234.91,408.528,351.03,319.342,333.0
122048_1767723300,0,1,106.648,90.336,120.869,33.99,70.319,48.0
134040_1767723300,0,4,162.722,121.08,235.404,228.36,195.541,342.0
122048_1767723600,0,1,103.037,91.073,143.456,43.436,73.236,66.0
134040_1767723600,0,4,413.001,399.64,438.236,433.16,423.08,401.0
132430_1767723600,0,4,438.676,437.616,486.739,459.448,449.062,310.0
133300_1767723600,0,2,82.368,56.384,155.881,90.541,86.455,-5.0
122048_1767723900,0,1,132.139,108.77,194.504,136.271,134.205,50.0
132430_1767723900,0,4,478.604,393.913,520.462,448.721,463.662,285.0
134040_1767723900,0,4,298.31,243.406,371.187,344.222,321.266,487.0
132430_1767724200,0,4,326.747,248.376,391.543,328.683,327.715,309.0
134040_1767724200,0,4,411.324,408.29,413.605,424.895,418.11,465.0
122048_1767724200,0,1,136.527,109.608,214.125,126.009,131.268,35.0
131672_1767724200,0,3,353.457,231.791,411.11,347.349,350.403,368.0
131672_1767724500,0,3,379.607,338.357,388.443,336.521,358.064,365.0
122048_1767724500,0,1,14.901,-5.519,77.81,39.831,27.366,133.0
134040_1767724500,0,4,404.983,374.493,416.746,387.292,396.138,409.0
132430_1767724500,0,4,331.068,283.817,408.391,369.301,350.184,299.0
132430_1767724800,0,4,173.998,109.895,217.407,213.911,193.954,45.0
122048_1767724800,0,1,-16.711,-22.777,3.541,7.055,-4.828,250.0
132430_1767725100,0,4,237.851,196.639,239.227,260.586,249.219,45.0
122048_1767725100,0,1,113.369,106.908,159.669,132.549,122.959,274.0
132430_1767725400,0,4,141.38,39.862,150.554,150.192,145.786,-1.0
122048_1767725400,0,1,289.155,280.353,314.932,308.056,298.606,356.0
122048_1767725700,0,1,206.122,174.859,292.457,255.124,230.623,417.0
132430_1767725700,0,4,98.739,-1.928,179.464,74.3,86.52,27.0
122048_1767726000,0,1,305.285,271.038,322.119,308.456,306.87,481.0
135081_1767726000,0,2,211.751,159.94,262.499,223.756,217.754,311.0
122048_1767726300,0,1,289.862,265.4,315.103,289.582,289.722,523.0
135081_1767726300,0,2,292.926,219.142,365.676,299.34,296.133,146.0
135081_1767726600,0,2,244.042,165.082,327.764,253.506,248.774,53.0
131672_1767726900,0,0,49.421,-28.853,51.492,42.188,45.804,-3.0
135081_1767726900,0,2,162.984,79.631,249.826,173.694,168.339,-68.0
131672_1767727200,0,0,47.149,-56.4,102.663,55.547,51.348,-9.0
122048_1767727200,0,2,187.898,184.371,318.397,252.581,220.239,-54.0
135081_1767727200,0,2,98.665,15.797,187.187,121.464,110.065,-32.0
135081_1767727500,0,2,13.362,-66.49,75.578,9.115,11.239,-15.0
131672_1767727500,0,0,84.104,-12.325,130.615,145.487,114.796,163.0
131672_1767727800,0,0,162.907,161.158,183.562,72.409,117.658,302.0
131672_1767728100,0,0,166.817,120.004,214.763,151.109,158.963,382.0
131672_1767728400,0,0,169.403,92.547,246.59,184.308,176.856,359.0
122048_1767728700,0,0,-67.76,-178.997,-14.027,-35.688,-51.724,-348.0
131672_1767728700,0,0,312.012,240.092,350.73,251.652,281.832,492.0
133957_1767729000,0,0,22.598,-64.184,42.076,86.8,54.699,39.0
122048_1767729000,0,0,-51.546,-144.044,-2.847,-28.375,-39.96,-142.0
131672_1767729000,0,0,334.28,262.237,409.839,296.361,315.321,533.0
122048_1767729300,0,0,-34.162,-97.774,10.716,-12.903,-23.533,36.0
131672_1767729300,0,0,415.4,348.626,480.644,341.251,378.326,478.0
133957_1767729300,0,0,41.919,-63.044,73.11,93.239,67.579,171.0
131672_1767729600,0,0,408.712,397.087,430.757,395.305,402.009,557.0
133957_1767729600,0,0,67.881,-18.6,86.474,162.704,115.293,141.0
122048_1767729600,0,0,-22.843,-29.722,-13.528,19.054,-1.894,41.0
132430_1767729600,0,3,63.375,3.685,159.986,61.623,62.499,21.0
122048_1767729900,0,0,93.312,66.803,155.407,79.57,86.441,93.0
133957_1767729900,0,0,212.637,146.346,290.719,229.111,220.874,126.0
132430_1767729900,0,3,33.598,-3.425,124.719,43.905,38.752,177.0
122048_1767730200,0,0,131.62,50.432,209.214,116.117,123.868,99.0
130072_1767730200,0,1,39.116,18.158,58.528,19.029,29.073,60.0
133957_1767730200,0,0,181.062,102.908,280.32,173.934,177.498,83.0
132430_1767730200,0,3,43.979,-29.545,123.484,48.822,46.4,173.0
133957_1767730500,0,0,137.794,68.482,229.386,152.486,145.14,53.0
122048_1767730500,0,0,139.653,94.481,194.187,125.309,132.481,-3.0
132430_1767730500,0,3,49.912,-18.728,110.589,30.55,40.231,146.0
130072_1767730500,0,1,50.114,5.804,85.575,38.258,44.186,60.0
130072_1767730800,0,1,69.056,20.677,108.466,46.902,57.979,106.0
122048_1767730800,0,0,105.74,61.439,176.934,114.158,109.949,25.0
133957_1767730800,0,0,115.441,103.735,156.55,112.844,114.142,38.0
132430_1767730800,0,3,179.016,117.897,267.776,206.327,192.672,234.0
133957_1767731100,0,0,76.158,7.52,185.307,86.145,81.151,59.0
130072_1767731100,0,1,86.488,33.486,168.288,82.19,84.339,22.0
122048_1767731100,0,0,49.746,-24.298,116.35,52.382,51.064,4.0
132430_1767731100,0,3,292.696,260.389,324.416,263.765,278.231,277.0
132430_1767731400,0,3,266.87,185.395,356.185,273.213,270.041,192.0
133957_1767731400,0,0,19.694,-33.413,96.3,26.987,23.34,46.0
130072_1767731400,0,1,62.766,26.315,162.568,74.467,68.616,49.0
133957_1767731700,0,0,107.082,48.289,179.393,103.433,105.258,116.0
130072_1767731700,0,1,15.579,-29.228,106.501,7.792,11.686,78.0
132430_1767731700,0,3,282.975,194.883,360.938,292.222,287.599,201.0
131672_1767732000,0,3,250.909,243.587,273.376,273.809,262.359,32.0
132430_1767732000,0,3,223.292,182.876,298.856,238.8,231.046,167.0
130072_1767732000,0,1,49.836,-24.93,153.169,42.225,46.031,158.0
133957_1767732000,0,0,78.757,50.147,130.953,84.168,81.463,129.0
130072_1767732300,0,1,24.397,-35.229,114.564,21.433,22.915,161.0
132430_1767732300,0,3,214.93,111.584,296.406,184.361,199.646,337.0
131672_1767732300,0,3,285.772,267.61,299.115,281.214,283.493,16.0
132430_1767732600,0,3,211.38,172.568,278.557,193.406,202.393,338.0
133957_1767732600,0,4,9.505,-58.774,72.479,-23.945,-7.22,39.0
131672_1767732600,0,3,357.989,354.616,384.285,355.157,356.573,34.0
135081_1767732600,0,0,-19.114,-142.045,23.578,28.28,4.583,79.0
130072_1767732600,0,1,145.063,82.185,204.093,174.224,159.644,226.0
131672_1767732900,0,3,183.486,129.56,224.88,97.056,140.271,41.0
133957_1767732900,0,4,6.418,-48.123,75.774,28.298,17.358,-49.0
130072_1767732900,0,1,171.399,119.185,210.02,186.21,178.805,187.0
132430_1767732900,0,3,348.544,271.217,396.901,364.218,356.381,238.0
135081_1767732900,0,0,-28.725,-138.622,47.253,34.602,2.939,136.0
130072_1767733200,0,1,135.724,115.966,140.694,120.78,128.252,125.0
135081_1767733200,0,0,-59.259,-142.304,37.368,92.936,16.838,40.0
133957_1767733200,0,4,50.802,11.669,134.089,74.973,62.887,59.0
122048_1767733200,0,3,36.948,25.32,47.568,28.445,32.696,0.0
132430_1767733200,0,3,353.673,314.899,356.76,350.697,352.185,153.0
130072_1767733500,0,1,104.918,86.783,141.205,84.048,94.483,125.0
122048_1767733500,0,3,49.71,34.639,53.779,29.131,39.421,0.0
132430_1767733500,0,3,354.825,257.896,389.955,328.289,341.557,168.0
133957_1767733500,0,4,7.434,-23.185,91.612,10.84,9.137,28.0
135081_1767733500,0,0,181.16,82.554,253.992,169.738,175.449,44.0
130072_1767733800,0,1,97.006,75.945,126.72,89.942,93.474,168.0
135081_1767733800,0,0,139.835,69.003,191.087,122.929,131.382,51.0
133957_1767733800,0,4,-21.631,-41.543,67.282,-9.043,-15.337,15.0
122048_1767733800,0,3,51.646,42.926,74.717,30.646,41.146,0.0
132430_1767733800,0,3,244.463,167.262,309.655,226.898,235.68,179.0
135081_1767734100,0,0,45.128,-3.289,92.671,0.785,22.956,-16.0
133957_1767734100,0,4,33.172,6.754,122.196,42.414,37.793,45.0
130072_1767734100,0,1,72.517,59.282,100.261,78.072,75.295,195.0
122048_1767734100,0,3,7.779,-1.522,17.686,13.518,10.649,0.0
132430_1767734100,0,3,256.114,185.965,321.112,248.156,252.135,96.0
133957_1767734400,0,4,15.628,-1.685,81.116,25.786,20.707,7.0
135081_1767734400,0,0,29.739,-26.471,96.287,21.4,25.569,-59.0
122048_1767734400,0,3,0.552,-6.63,3.119,2.851,1.702,0.0
130072_1767734400,0,1,4.461,-11.783,61.054,65.732,35.097,163.0
135081_1767734700,0,0,-30.474,-66.377,47.443,-21.383,-25.928,-170.0
130072_1767734700,0,1,-12.727,-55.416,26.591,30.0,8.636,0.0
122048_1767734700,0,3,39.156,24.71,79.074,31.078,35.117,0.0
133957_1767734700,0,4,20.822,-1.989,93.645,17.237,19.029,65.0
134040_1767735000,0,2,310.563,268.25,451.217,315.551,313.057,434.0
133957_1767735000,0,4,2.609,-45.984,45.735,-24.094,-10.742,21.0
130072_1767735000,0,1,22.485,-11.079,44.822,29.062,25.773,0.0
130072_1767735300,0,1,30.312,-43.135,42.743,35.638,32.975,0.0
134040_1767735300,0,2,302.806,250.678,438.288,319.337,311.071,434.0
133957_1767735300,0,4,51.746,15.077,112.969,54.384,53.065,50.0
133957_1767735600,0,4,84.67,38.994,160.416,63.503,74.087,77.0
130072_1767735600,0,1,-32.102,-112.025,19.653,1.688,-15.207,0.0
134040_1767735900,0,1,54.341,-115.102,303.236,169.446,111.893,0.0
130072_1767735900,0,1,6.663,-24.95,9.718,13.332,9.997,0.0
134040_1767736200,0,1,110.612,19.468,259.628,177.616,144.114,0.0
130072_1767736200,0,1,4.228,-23.357,13.694,6.379,5.304,0.0
134040_1767736500,0,1,157.455,91.53,302.438,226.655,192.055,0.0
130072_1767736500,0,1,29.723,5.387,42.387,35.828,32.776,0.0
134040_1767736800,0,1,3.056,-26.33,34.035,7.751,5.403,0.0
135081_1767736800,0,2,-135.763,-154.135,-108.07,-144.413,-140.088,-98.0
133957_1767736800,0,2,50.605,9.251,95.366,45.472,48.039,32.0
133957_1767737100,0,2,108.83,27.544,159.432,100.017,104.424,-8.0
135081_1767737100,0,2,-175.907,-176.202,-174.741,-81.453,-128.68,37.0
134040_1767737100,0,1,-6.979,-7.115,2.351,1.344,-2.818,0.0
133957_1767737400,0,2,89.836,20.922,130.051,98.82,94.328,27.0
135081_1767737400,0,2,-83.48,-123.869,-56.531,-85.633,-84.557,13.0
134040_1767737400,0,1,4.01,-10.84,5.149,18.692,11.351,0.0
133957_1767737700,0,2,52.174,1.234,125.188,51.62,51.897,-22.0
135081_1767737700,0,2,72.379,44.737,149.129,75.82,74.1,172.0
134040_1767737700,0,1,-1.812,-35.785,20.559,9.816,4.002,0.0
134040_1767738000,0,1,10.781,-15.412,25.613,10.075,10.428,0.0
134494_1767738000,0,2,-21.583,-96.15,3.095,0.188,-10.697,0.0
132430_1767738000,0,3,5.869,-21.606,57.428,40.291,23.08,90.0
135081_1767738000,0,2,79.446,27.164,107.236,48.312,63.879,87.0
133957_1767738000,0,2,24.274,-38.982,53.127,37.065,30.669,-77.0
135081_1767738300,0,2,135.557,104.983,169.624,116.998,126.277,73.0
134040_1767738300,0,1,9.104,-9.162,18.643,7.907,8.506,0.0
132430_1767738300,0,3,42.309,-9.982,100.926,65.042,53.676,108.0
134494_1767738300,0,2,-25.911,-82.597,-19.167,0.841,-12.535,0.0
134494_1767738600,0,2,-45.942,-106.769,-22.971,2.043,-21.949,0.0
134040_1767738600,0,1,7.963,4.16,10.011,8.056,8.009,0.0
134494_1767738900,0,2,-17.168,-83.379,34.011,-7.752,-12.46,0.0
134040_1767738900,0,1,-7.097,-23.389,1.977,-4.075,-5.586,0.0
134494_1767739200,0,2,-23.271,-94.092,17.512,-13.569,-18.42,0.0
134040_1767739200,0,1,17.605,-38.269,46.952,4.181,10.893,0.0
134040_1767739500,0,1,19.877,-5.935,48.031,22.456,21.167,0.0
134494_1767739500,0,2,2.957,-5.809,5.875,-2.182,0.388,0.0
134040_1767739800,0,1,21.902,-19.119,67.611,10.578,16.24,0.0
134494_1767739800,0,2,-5.095,-8.418,3.505,-3.268,-4.181,0.0
134494_1767740100,0,2,-14.036,-15.667,-10.543,-4.13,-9.083,0.0
134040_1767740100,0,1,54.418,-13.523,95.98,36.076,45.247,0.0
134040_1767740400,0,1,29.269,-26.406,141.838,16.072,22.67,0.0
132430_1767740400,0,3,79.371,-0.198,164.672,45.511,62.441,151.0
130072_1767740700,0,4,48.256,-10.577,92.723,32.278,40.267,0.0
132430_1767740700,0,3,59.82,-9.397,170.683,11.424,35.622,124.0
134040_1767740700,0,1,-12.544,-47.678,44.166,-3.644,-8.094,0.0
132430_1767741000,0,3,176.014,151.012,218.605,172.862,174.438,60.0
130072_1767741000,0,4,59.135,16.491,100.924,46.052,52.594,0.0
130072_1767741300,0,4,59.671,29.759,89.072,51.148,55.409,0.0
132430_1767741300,0,3,90.245,17.327,165.829,113.066,101.656,85.0
132430_1767741600,0,3,110.807,28.961,178.099,108.615,109.711,189.0
130072_1767741600,0,4,52.186,40.213,75.407,37.813,45.0,0.0
132430_1767741900,0,3,65.941,25.054,125.051,58.43,62.185,160.0
130072_1767741900,0,4,9.899,-47.275,52.111,16.404,13.152,0.0
132430_1767742200,0,3,109.188,76.547,195.057,135.245,122.217,74.0
134494_1767742200,0,4,27.552,-11.106,57.964,3.453,15.503,0.0
134494_1767742500,0,4,30.452,-9.214,73.253,14.914,22.683,0.0
134494_1767742800,0,4,34.911,-21.118,106.136,12.783,23.847,0.0
134494_1767743100,0,4,6.222,-67.797,86.824,8.599,7.411,0.0
132430_1767743400,0,0,69.158,45.059,70.894,62.916,66.037,91.0
132430_1767743700,0,0,43.31,37.537,94.404,51.091,47.2,154.0
129964_1767665100,0,4,29.164,8.148,45.941,19.334,24.249,-45.0
129964_1767665400,0,4,36.461,8.315,61.012,40.487,38.474,-37.0
129964_1767665700,0,4,45.683,39.839,58.538,37.318,41.5,-63.0
129964_1767666000,0,4,4.827,-40.079,64.608,1.651,3.239,-113.0
129964_1767666300,0,4,56.95,7.911,86.401,16.128,36.539,-3.0
131672_1767666900,0,2,59.543,18.774,82.102,34.706,47.125,79.0
131672_1767667200,0,2,49.479,-14.425,61.019,6.91,28.195,79.0
131672_1767667500,0,2,34.709,-31.466,98.834,10.994,22.851,212.0
131672_1767667800,0,2,120.935,118.159,123.55,99.771,110.353,312.0
131672_1767668100,0,2,196.741,152.92,259.245,190.141,193.441,273.0
129964_1767668400,0,2,-7.763,-52.73,39.957,-2.921,-5.342,-26.0
131672_1767668400,0,2,196.552,166.764,206.523,201.513,199.033,220.0
134040_1767668400,0,1,62.121,6.084,105.516,38.208,50.165,71.0
134040_1767668700,0,1,87.638,41.887,178.635,96.271,91.954,136.0
131672_1767668700,0,2,183.466,182.949,186.993,247.148,215.307,407.0
129964_1767669000,0,1,28.348,-80.88,105.708,-78.136,-24.894,-51.0
134040_1767669000,0,1,33.375,-12.702,111.735,58.627,46.001,119.0
131672_1767669000,0,2,221.157,145.127,275.972,201.009,211.083,408.0
129964_1767669300,0,1,-20.086,-93.267,66.732,-33.117,-26.602,-40.0
134040_1767669300,0,1,71.134,33.175,176.356,72.733,71.933,151.0
131672_1767669300,0,2,253.671,200.105,303.493,292.377,273.024,322.0
131672_1767669600,0,2,308.84,263.067,313.549,322.724,315.782,294.0
134040_1767669600,0,1,68.177,-3.052,153.694,92.227,80.202,128.0
129964_1767669600,0,1,74.554,27.486,114.283,50.742,62.648,-21.0
129964_1767669900,0,1,31.049,-3.028,60.73,45.423,38.236,10.0
134040_1767669900,0,1,84.017,18.379,166.924,95.858,89.938,158.0
131672_1767672000,0,4,-8.711,-44.571,0.619,8.743,0.016,72.0
131672_1767672300,0,4,-4.971,-88.121,50.354,-10.608,-7.789,-66.0
131672_1767672600,0,4,73.566,-7.779,126.708,59.247,66.407,10.0
131672_1767672900,0,4,36.432,-25.509,103.939,16.522,26.477,27.0
131672_1767673200,0,4,14.246,-50.336,79.789,15.6,14.923,-43.0
131672_1767673500,0,4,27.555,-28.398,83.254,32.656,30.106,-31.0
132430_1767673800,0,4,82.439,8.155,129.717,96.868,89.653,137.0
134040_1767673800,0,3,117.129,54.23,182.818,109.347,113.238,332.0
132430_1767674100,0,4,179.183,102.493,235.775,162.258,170.72,35.0
134040_1767674100,0,3,147.76,70.746,217.862,133.375,140.568,369.0
132430_1767674400,0,4,123.862,51.38,188.108,118.554,121.208,161.0
134040_1767674400,0,3,299.05,228.337,322.035,305.747,302.399,362.0
134040_1767674700,0,3,264.637,184.765,313.362,313.733,289.185,317.0
132430_1767674700,0,4,81.1,5.547,127.797,84.391,82.746,145.0
134040_1767675000,0,3,267.109,186.585,327.536,297.819,282.464,253.0
132430_1767675000,0,4,159.528,93.978,182.751,153.371,156.45,118.0
132430_1767675300,0,4,94.6,32.038,150.659,117.793,106.196,0.0
134040_1767675300,0,3,95.671,62.668,159.082,158.664,127.168,100.0
134040_1767675600,0,3,25.378,-8.869,70.462,135.62,80.499,83.0
130238_1767675900,0,3,55.054,-15.499,91.24,61.745,58.4,37.0
134040_1767675900,0,3,35.097,-0.313,139.019,48.599,41.848,117.0
130238_1767676200,0,3,26.115,-27.919,123.449,61.611,43.863,56.0
134040_1767676200,0,3,70.267,34.982,113.838,60.482,65.375,188.0
130238_1767676500,0,3,94.492,63.475,134.77,83.62,89.056,76.0
134040_1767676500,0,3,33.182,-41.763,110.443,26.189,29.686,165.0
134040_1767676800,0,3,36.942,11.666,99.509,76.062,56.502,116.0
130238_1767676800,0,3,-12.061,-52.274,67.636,3.049,-4.506,-9.0
130238_1767677100,0,3,8.175,-27.667,64.236,21.286,14.731,38.0
134040_1767677100,0,3,65.42,1.342,112.692,70.306,67.863,112.0
131672_1767677400,0,4,62.228,-3.57,84.754,73.026,67.627,86.0
122048_1767679200,0,3,80.829,56.172,114.626,65.926,73.377,154.0
133300_1767679200,0,4,-0.881,-15.57,42.086,29.609,14.364,65.0
122048_1767679500,0,3,108.379,43.189,196.289,95.156,101.768,55.0
133300_1767679800,0,1,15.835,5.36,57.741,-8.203,3.816,-49.0
122048_1767679800,0,3,30.805,-4.785,89.225,58.158,44.482,59.0
135081_1767679800,0,2,36.699,32.108,46.025,10.93,23.815,6.0
135081_1767680100,0,2,50.079,34.903,97.258,24.521,37.3,42.0
133300_1767680100,0,1,-20.845,-51.121,55.906,-16.219,-18.532,-49.0
133300_1767680400,0,1,3.576,-70.496,83.19,9.808,6.692,-42.0
135081_1767680400,0,2,135.34,104.479,211.954,13.798,74.569,-2.0
133300_1767680700,0,1,16.06,-20.959,39.705,10.758,13.409,26.0
135081_1767680700,0,2,19.508,-32.964,76.187,21.531,20.519,-23.0
135081_1767681000,0,2,7.713,-27.005,86.179,19.851,13.782,20.0
135081_1767681300,0,2,-8.11,-91.078,41.949,-41.429,-24.77,71.0
135081_1767681600,0,2,56.12,-22.897,123.381,29.065,42.593,-36.0
135081_1767681900,0,2,17.976,-58.607,83.959,20.089,19.033,-25.0
135081_1767682200,0,2,-50.711,-117.164,35.365,-17.877,-34.294,-113.0
135081_1767682500,0,2,-67.608,-109.817,-23.178,-63.449,-65.529,-145.0
122048_1767682800,0,3,10.515,-20.515,25.75,25.768,18.142,542.0
134040_1767682800,0,2,31.13,-40.048,142.758,25.42,28.275,72.0
135081_1767682800,0,2,2.883,-63.351,62.372,-17.652,-7.385,-127.0
122048_1767683100,0,3,30.338,6.103,85.778,42.413,36.375,542.0
135081_1767683100,0,2,-6.13,-70.755,47.711,-80.857,-43.494,-186.0
134040_1767683100,0,2,114.604,45.78,197.131,104.568,109.586,131.0
135081_1767683400,0,2,-54.782,-113.102,-18.655,-80.344,-67.563,-182.0
122048_1767683400,0,3,26.439,-16.093,77.246,45.15,35.794,578.0
134040_1767683400,0,2,-21.25,-80.465,61.394,-4.995,-13.123,29.0
135081_1767683700,0,2,-43.687,-110.444,63.872,-53.769,-48.728,-134.0
134040_1767683700,0,2,32.845,3.106,79.834,55.236,44.041,-62.0
122048_1767683700,0,3,410.135,382.658,464.808,433.487,421.811,446.0
134040_1767684000,0,2,77.095,-10.912,120.676,71.758,74.426,48.0
122048_1767684000,0,3,464.046,427.979,509.803,441.72,452.883,415.0
135081_1767684000,0,2,-47.24,-107.957,10.697,-45.965,-46.603,-142.0
134040_1767684300,0,2,23.286,-48.653,98.31,37.733,30.51,86.0
122048_1767684300,0,3,459.139,415.02,493.455,443.997,451.568,408.0
135081_1767684300,0,2,-32.704,-77.285,-8.059,-38.1,-35.402,-79.0
133957_1767684600,0,2,59.658,-0.886,135.55,58.218,58.938,22.0
133957_1767684900,0,2,7.782,-50.522,103.032,42.288,25.035,-55.0
133957_1767685200,0,2,23.402,-41.499,119.398,17.257,20.329,-36.0
133957_1767685500,0,2,5.949,-74.265,113.698,-14.727,-4.389,-95.0
133957_1767685800,0,2,-14.457,-78.813,80.549,-34.401,-24.429,7.0
133957_1767686100,0,2,-75.156,-129.875,26.339,-88.254,-81.705,-55.0
133957_1767686400,0,2,20.301,-49.237,106.533,0.804,10.553,9.0
134040_1767686400,0,3,125.197,70.857,199.818,115.882,120.54,43.0
134040_1767686700,0,3,62.003,-2.765,161.243,70.322,66.163,6.0
133957_1767686700,0,2,1.29,-79.491,90.956,-19.174,-8.942,-42.0
134040_1767687000,0,3,22.503,-42.003,101.717,8.385,15.444,24.0
133957_1767687000,0,2,57.055,0.951,154.269,45.519,51.287,3.0
134040_1767687300,0,3,-6.652,-84.358,71.394,-25.514,-16.083,37.0
133957_1767687300,0,2,46.707,-9.176,117.655,38.783,42.745,79.0
133957_1767687600,0,2,18.136,-74.941,116.989,11.16,14.648,45.0
134040_1767687600,0,3,28.771,-27.636,120.918,13.694,21.233,113.0
134040_1767687900,0,3,-30.042,-72.59,52.139,-20.055,-25.049,149.0
133957_1767687900,0,2,70.16,-9.121,186.492,75.79,72.975,104.0
129964_1767688200,0,3,58.18,22.032,122.475,46.157,52.168,221.0
133957_1767688200,0,2,95.446,-3.909,185.573,92.033,93.739,173.0
133957_1767688500,0,2,46.713,-29.22,154.387,53.602,50.158,190.0
133957_1767688800,0,2,119.255,54.819,217.5,128.42,123.837,103.0
129964_1767688800,0,4,-13.277,-27.44,31.811,9.125,-2.076,-54.0
133957_1767689100,0,2,97.957,15.511,192.648,102.941,100.449,-9.0
129964_1767689100,0,4,8.29,-44.448,85.993,5.377,6.833,-78.0
129964_1767689400,0,4,63.548,1.235,135.154,78.966,71.257,36.0
133957_1767689400,0,2,77.09,8.266,158.619,72.841,74.965,-23.0
133957_1767689700,0,2,42.95,-12.51,120.898,60.612,51.781,-32.0
129964_1767689700,0,4,-8.727,-57.339,52.792,5.614,-1.557,81.0
132430_1767690000,0,3,139.346,67.903,174.96,147.475,143.411,-66.0
132430_1767690300,0,3,49.391,-1.537,124.634,53.52,51.456,-139.0
122613_1767691800,0,2,46.502,5.751,68.067,0.768,23.635,69.0
131672_1767691800,0,2,-39.096,-98.106,43.486,-29.19,-34.143,-92.0
133300_1767691800,0,3,-29.379,-56.026,46.167,33.029,1.825,-58.0
133300_1767692100,0,3,-20.376,-56.436,44.694,-5.94,-13.158,-58.0
122613_1767692100,0,2,70.193,16.155,94.649,54.094,62.144,-16.0
122613_1767692400,0,2,51.743,-36.095,97.014,47.997,49.87,-87.0
133300_1767692400,0,3,32.177,-0.695,120.631,13.436,22.807,-31.0
122613_1767692700,0,2,-10.582,-96.303,68.412,-9.215,-9.899,-160.0
133300_1767692700,0,3,44.47,-18.904,89.792,28.665,36.567,-41.0
122613_1767693000,0,2,-14.934,-66.333,52.531,-26.783,-20.859,-147.0
133300_1767693000,0,3,-12.922,-61.137,23.403,-21.402,-17.162,-24.0
133300_1767693300,0,3,-31.054,-89.977,43.294,-41.78,-36.417,47.0
122613_1767693300,0,2,-13.769,-129.757,76.002,-54.229,-33.999,-146.0
130238_1767693600,0,4,-45.311,-48.81,-42.531,0.557,-22.377,0.0
130238_1767695100,0,1,15.323,-19.502,48.369,56.233,35.778,-47.0
133300_1767695400,0,0,26.144,-20.618,68.486,17.851,21.997,33.0
133300_1767695700,0,0,84.004,23.862,134.217,77.032,80.518,50.0
122658_1767695700,0,1,1.928,-10.432,15.074,-5.021,-1.547,9.0
122658_1767696000,0,1,49.398,-7.323,109.918,12.073,30.735,100.0
133300_1767696000,0,0,127.625,36.2,210.048,106.582,117.103,197.0
122658_1767696300,0,1,65.872,53.949,109.009,17.872,41.872,271.0
122658_1767696600,0,1,85.68,55.83,160.2,131.069,108.375,376.0
133300_1767696600,0,0,-52.816,-56.499,-20.312,-0.628,-26.722,-52.0
133300_1767696900,0,0,-19.059,-20.718,13.893,-11.488,-15.273,-52.0
122658_1767696900,0,1,189.405,111.72,248.254,177.673,183.539,318.0
122613_1767697200,0,0,-1.363,-4.257,11.193,-7.565,-4.464,0.0
122658_1767697200,0,1,202.898,166.298,246.918,198.902,200.9,352.0
122048_1767697200,0,3,-20.061,-41.479,21.91,-33.006,-26.534,-68.0
122613_1767697500,0,0,-0.315,-24.368,43.534,38.68,19.182,0.0
122048_1767697500,0,3,-32.215,-57.04,0.342,-39.766,-35.99,-129.0
122658_1767697500,0,1,50.602,22.386,156.851,159.737,105.169,0.0
122613_1767697800,0,0,6.386,-33.468,27.371,7.554,6.97,0.0
122658_1767697800,0,1,2.647,-22.884,7.883,14.597,8.622,0.0
122048_1767697800,0,3,-6.42,-15.727,-5.399,-45.539,-25.979,-129.0
122658_1767698100,0,1,-32.569,-35.54,21.312,64.549,15.99,0.0
122048_1767698100,0,3,-33.691,-80.318,-2.328,-66.459,-50.075,-181.0
122613_1767698100,0,0,-17.295,-45.961,21.405,2.839,-7.228,0.0
122613_1767698400,0,0,-11.965,-45.33,28.615,-8.839,-10.402,0.0
122048_1767698400,0,3,-129.791,-152.715,-87.457,-108.648,-119.219,-194.0
122658_1767698400,0,1,-22.047,-65.278,6.207,-51.713,-36.88,0.0
122658_1767698700,0,1,-19.814,-46.791,9.844,-16.543,-18.179,0.0
122048_1767698700,0,3,-149.866,-155.185,-107.011,-77.805,-113.836,-216.0
122613_1767698700,0,0,-23.822,-55.816,23.666,-14.221,-19.022,0.0
122658_1767699000,0,1,-16.112,-17.108,-5.768,-3.224,-9.668,0.0
122658_1767699300,0,1,-29.603,-36.108,-13.042,-9.277,-19.44,0.0
122658_1767699600,0,1,-16.957,-29.382,-13.5,-7.78,-12.368,0.0
122658_1767699900,0,1,-18.338,-60.845,27.771,7.129,-5.605,72.0
122658_1767700200,0,1,77.939,-41.594,194.174,38.829,58.384,183.0
122658_1767700500,0,1,5.635,-24.791,53.698,44.658,25.146,192.0
129964_1767700800,0,4,-13.256,-78.356,7.512,-20.808,-17.032,77.0
135081_1767700800,0,0,-93.153,-95.768,-91.55,-81.064,-87.108,-128.0
132430_1767700800,0,3,-45.732,-76.173,-22.865,-62.533,-54.132,-169.0
135081_1767701100,0,0,-66.147,-93.434,-9.907,-49.286,-57.716,-93.0
132430_1767701100,0,3,19.83,-42.208,48.232,17.445,18.638,-262.0
129964_1767701100,0,4,104.209,72.023,169.141,98.204,101.207,80.0
129964_1767701400,0,4,65.479,30.894,124.382,61.396,63.438,61.0
132430_1767701400,0,3,-69.206,-116.962,5.471,-58.226,-63.716,-258.0
135081_1767701400,0,0,-134.931,-179.934,-23.713,-89.642,-112.286,-122.0
129964_1767701700,0,4,-13.061,-38.595,34.132,-0.844,-6.953,-43.0
135081_1767701700,0,0,-72.054,-100.412,19.939,-54.538,-63.296,19.0
132430_1767701700,0,3,-60.323,-66.022,-49.656,-108.165,-84.244,84.0
129964_1767702000,0,4,-25.051,-74.585,49.462,-8.613,-16.832,-38.0
135081_1767702000,0,0,-106.569,-149.56,-17.236,-107.415,-106.992,9.0
132430_1767702000,0,3,69.166,46.565,108.573,-39.978,14.594,87.0
132430_1767702300,0,3,59.401,-12.645,105.559,46.467,52.934,90.0
135081_1767702300,0,0,-57.418,-97.279,31.168,-40.713,-49.066,-39.0
129964_1767702300,0,4,-25.813,-82.998,63.472,-15.287,-20.55,-108.0
122613_1767702600,0,0,11.702,6.184,19.183,20.823,16.263,64.0
122613_1767702900,0,0,105.669,98.803,114.032,100.866,103.267,64.0
131672_1767704400,0,0,80.404,16.193,122.916,72.575,76.49,94.0
131672_1767704700,0,0,-17.715,-52.58,-1.411,-35.793,-26.754,13.0
131672_1767705000,0,0,-44.134,-81.402,0.267,-40.288,-42.211,7.0
131672_1767705300,0,0,-47.235,-123.541,52.102,-47.997,-47.616,-23.0
131672_1767705600,0,0,-70.456,-122.381,-8.052,-51.475,-60.966,24.0
131672_1767705900,0,0,-7.044,-93.831,46.817,-8.191,-7.618,9.0
135081_1767706200,0,1,23.159,-43.148,73.69,33.539,28.349,155.0
122613_1767706200,0,3,7.053,-13.979,7.062,15.927,11.49,0.0
133957_1767706200,0,0,89.292,20.926,137.633,124.292,106.792,222.0
135081_1767706500,0,1,68.717,7.296,127.97,52.218,60.467,156.0
122613_1767706500,0,3,13.031,-1.85,20.52,22.699,17.865,0.0
133957_1767706500,0,0,109.234,57.5,155.517,114.885,112.06,296.0
133957_1767706800,0,0,65.731,0.065,149.73,71.961,68.846,294.0
135081_1767706800,0,1,101.718,34.491,184.691,95.206,98.462,113.0
122613_1767706800,0,3,10.695,10.324,18.305,11.65,11.173,0.0
133957_1767707100,0,0,264.365,183.033,358.067,273.058,268.711,182.0
122613_1767707100,0,3,9.819,8.55,17.508,8.58,9.2,0.0
135081_1767707100,0,1,163.962,77.895,237.602,157.549,160.756,130.0
122613_1767707400,0,3,3.497,0.283,8.33,3.397,3.447,0.0
135081_1767707400,0,1,112.259,32.112,217.408,102.09,107.175,247.0
133957_1767707400,0,0,213.85,132.434,324.615,236.981,225.416,292.0
133957_1767707700,0,0,206.883,138.849,290.125,204.881,205.882,252.0
135081_1767707700,0,1,119.013,35.637,214.235,102.758,110.885,113.0
122613_1767707700,0,3,-0.039,-3.447,1.488,-0.303,-0.171,0.0
134040_1767708000,0,2,144.923,85.338,204.431,142.433,143.678,60.0
122048_1767708000,0,4,-21.786,-35.935,-13.326,-1.706,-11.746,0.0
134040_1767708300,0,2,81.447,37.233,139.565,108.013,94.73,25.0
122048_1767708300,0,4,-10.783,-10.824,0.647,-8.718,-9.751,0.0
134040_1767708600,0,2,87.387,14.673,151.053,99.574,93.48,61.0
134040_1767708900,0,2,53.99,-17.671,141.759,46.239,50.114,61.0
134040_1767709200,0,2,82.101,43.915,146.72,78.824,80.463,81.0
134040_1767709500,0,2,46.081,-14.343,132.821,59.511,52.796,56.0
122048_1767709500,0,2,-4.779,-23.9,15.863,5.823,0.522,-276.0
133957_1767710100,0,0,-76.467,-113.629,-38.698,-43.079,-59.773,102.0
133957_1767710400,0,0,-0.678,-39.545,64.952,11.315,5.318,98.0
133957_1767710700,0,0,89.087,-20.577,137.307,93.199,91.143,157.0
133957_1767711000,0,0,78.067,35.712,140.234,79.594,78.831,144.0
133957_1767711300,0,0,66.669,9.041,145.096,55.412,61.04,104.0
122048_1767711600,0,3,-22.955,-109.911,63.12,-25.438,-24.196,106.0
122613_1767711600,0,4,73.463,67.894,92.166,58.888,66.175,0.0
129964_1767711600,0,2,-88.784,-147.688,-44.222,-96.725,-92.755,-143.0
129964_1767711900,0,2,-75.259,-118.24,-32.612,-81.002,-78.13,-3.0
122613_1767711900,0,4,18.752,7.681,37.949,47.682,33.217,0.0
122048_1767711900,0,3,75.452,0.673,151.02,64.265,69.858,85.0
129964_1767712200,0,2,-150.047,-193.205,-74.616,-132.885,-141.466,17.0
122048_1767712200,0,3,81.182,12.331,145.531,80.157,80.669,83.0
122048_1767712500,0,3,129.784,45.288,189.682,118.229,124.006,57.0
122613_1767712500,0,1,-100.409,-114.882,-92.636,-76.73,-88.57,0.0
129964_1767712800,0,2,-50.999,-85.764,51.15,-24.067,-37.533,-108.0
122048_1767712800,0,3,94.057,11.621,167.234,96.834,95.445,-8.0
122613_1767712800,0,1,-75.425,-110.675,-57.183,-57.314,-66.369,0.0
122613_1767713100,0,1,-68.593,-80.96,-50.556,-44.032,-56.313,0.0
122048_1767713100,0,3,35.284,-9.421,89.721,40.115,37.7,92.0
129964_1767713100,0,2,9.739,-11.827,32.037,26.921,18.33,-108.0
134040_1767713400,0,1,85.453,10.998,148.786,110.874,98.164,36.0
134040_1767713700,0,1,126.038,70.837,194.763,132.559,129.299,21.0
134040_1767714000,0,1,68.648,0.893,127.464,75.82,72.234,108.0
134040_1767714300,0,1,-19.216,-69.946,34.544,-8.418,-13.817,-44.0
131672_1767715200,0,3,-39.409,-109.997,48.914,-52.235,-45.822,-130.0
135081_1767715200,0,2,18.717,-26.544,137.732,39.671,29.194,100.0
131672_1767715500,0,3,-81.764,-186.109,3.191,-75.043,-78.403,-99.0
135081_1767715500,0,2,108.2,22.602,254.077,67.187,87.693,74.0
135081_1767715800,0,2,110.567,57.04,203.808,61.137,85.852,82.0
131672_1767715800,0,3,-120.563,-195.989,-29.91,-111.703,-116.133,-59.0
135081_1767716100,0,2,77.429,15.607,160.652,133.344,105.387,47.0
131672_1767716100,0,3,-87.226,-148.484,-29.765,-104.459,-95.842,-53.0
135081_1767716400,0,2,23.947,-36.218,138.73,37.913,30.93,118.0
131672_1767716400,0,3,-39.267,-89.823,41.52,-42.195,-40.731,-55.0
131672_1767716700,0,3,21.461,-48.849,73.294,37.13,29.295,-74.0
135081_1767716700,0,2,47.233,-41.78,124.321,34.492,40.862,137.0
133300_1767717000,0,1,-42.722,-104.386,38.122,-31.121,-36.922,-12.0
133957_1767717000,0,2,129.076,86.411,198.291,117.464,123.27,134.0
133957_1767717300,0,2,105.992,37.977,205.896,118.545,112.268,71.0
133300_1767717300,0,1,3.399,-58.8,62.674,22.891,13.145,-28.0
133957_1767717600,0,2,41.295,-8.668,170.146,55.011,48.153,37.0
133300_1767717600,0,1,-0.976,-86.027,70.726,11.769,5.397,-46.0
133957_1767717900,0,2,128.139,25.771,253.951,149.743,138.941,-25.0
133300_1767717900,0,1,28.308,-10.138,107.578,44.939,36.623,25.0
133957_1767718200,0,2,68.35,-24.339,182.746,76.206,72.278,-42.0
133300_1767718200,0,1,23.822,-23.384,109.615,44.944,34.383,26.0
133300_1767718500,0,1,51.193,10.91,137.447,52.99,52.091,129.0
133957_1767718500,0,2,6.816,-46.971,118.869,6.124,6.47,-28.0
132430_1767720600,0,1,185.163,174.341,212.119,218.176,201.67,141.0
133300_1767720600,0,1,16.938,-17.423,92.107,45.13,31.034,99.0
132430_1767720900,0,1,157.095,120.354,183.809,158.561,157.828,216.0
133300_1767720900,0,1,99.67,4.21,151.392,79.617,89.644,154.0
133300_1767721200,0,1,88.344,21.176,157.922,95.527,91.936,113.0
132430_1767721200,0,1,215.179,164.538,262.323,188.008,201.593,309.0
132430_1767721500,0,1,121.478,52.774,220.947,163.296,142.387,359.0
134040_1767721500,0,0,42.684,8.358,68.937,31.379,37.032,7.0
133300_1767721500,0,1,-54.593,-69.472,-39.02,-25.465,-40.029,-28.0
132430_1767721800,0,1,193.17,103.512,261.375,210.711,201.941,295.0
133300_1767721800,0,1,4.852,-32.45,39.164,20.969,12.91,-28.0
134040_1767721800,0,0,51.592,38.419,53.314,48.892,50.242,78.0
131672_1767721800,0,0,7.941,-54.994,49.264,19.29,13.615,21.0
131672_1767722100,0,0,65.546,25.622,67.46,36.739,51.142,47.0
132430_1767722100,0,1,243.316,170.467,274.938,239.88,241.598,393.0
134040_1767722100,0,0,81.042,68.033,112.318,44.732,62.887,106.0
133300_1767722100,0,1,59.176,-5.826,109.972,85.832,72.504,193.0
133957_1767722400,0,1,37.282,13.447,80.446,53.483,45.382,0.0
133957_1767722700,0,1,-48.36,-83.152,24.838,-16.3,-32.33,-74.0
133957_1767723000,0,1,13.716,8.683,98.021,36.028,24.872,100.0
133957_1767723300,0,1,-38.395,-69.936,-7.128,-29.263,-33.829,89.0
133957_1767723600,0,1,126.843,98.166,186.472,123.572,125.207,114.0
133957_1767723900,0,1,114.018,40.628,182.845,100.87,107.444,163.0
135081_1767724500,0,4,43.338,29.549,68.199,62.601,52.97,112.0
135081_1767724800,0,4,87.001,49.135,134.381,89.927,88.464,246.0
135081_1767725100,0,4,113.573,92.796,149.717,103.234,108.403,166.0
135081_1767725400,0,4,184.554,125.975,265.123,184.953,184.753,241.0
135081_1767725700,0,4,238.082,148.287,349.312,212.24,225.161,313.0
132430_1767726000,0,3,96.625,33.144,171.275,83.522,90.074,156.0
132430_1767726300,0,3,129.348,65.734,241.758,135.081,132.214,141.0
132430_1767726600,0,3,70.71,-13.756,163.503,72.782,71.746,46.0
132430_1767726900,0,3,114.237,48.068,236.038,145.785,130.011,10.0
132430_1767727200,0,3,120.057,35.859,223.121,114.594,117.326,217.0
132430_1767727500,0,3,44.546,-42.802,157.386,34.13,39.338,260.0
135081_1767727800,0,3,-26.351,-61.395,53.615,-5.349,-15.85,-58.0
135081_1767728100,0,3,-38.485,-82.003,54.111,-17.681,-28.083,58.0
135081_1767728400,0,3,1.626,-44.171,72.022,9.263,5.444,40.0
135081_1767728700,0,3,53.868,-4.472,101.06,60.776,57.322,-16.0
135081_1767729000,0,3,12.459,-32.695,43.861,8.088,10.273,-62.0
135081_1767729300,0,3,7.811,-61.622,56.44,-6.26,0.775,-45.0
135081_1767729600,0,3,0.509,-64.924,40.25,-22.06,-10.775,24.0
135081_1767729900,0,3,19.12,-42.654,74.627,-6.131,6.494,206.0
135081_1767730200,0,3,48.378,10.931,98.432,58.641,53.509,197.0
135081_1767730500,0,3,198.081,138.423,284.022,201.647,199.864,234.0
134040_1767730500,0,2,138.293,86.615,270.606,80.579,109.436,121.0
134040_1767730800,0,2,129.442,-3.893,204.153,50.975,90.209,191.0
134040_1767731100,0,2,137.164,42.667,264.193,91.742,114.453,150.0
134040_1767731400,0,2,135.113,66.962,145.167,122.08,128.597,214.0
134040_1767731700,0,2,175.629,108.716,229.675,194.286,184.957,152.0
134040_1767732000,0,2,281.154,241.547,385.124,262.731,271.942,152.0
134040_1767732300,0,2,163.153,144.698,216.046,198.656,180.905,181.0
134040_1767732600,0,2,125.692,90.308,218.536,115.933,120.812,230.0
134040_1767732900,0,2,144.485,119.332,238.46,166.572,155.528,315.0
131672_1767733200,0,1,23.828,-21.983,47.88,5.02,14.424,-15.0
131672_1767733500,0,1,-30.71,-97.176,40.039,-35.673,-33.192,-60.0
131672_1767733800,0,1,-35.622,-94.812,24.812,0.354,-17.634,-24.0
131672_1767734100,0,1,-31.18,-72.125,5.889,-20.595,-25.888,-1.0
131672_1767734400,0,1,-29.669,-68.972,21.47,-34.6,-32.135,26.0
131672_1767734700,0,1,15.635,-37.405,56.982,8.291,11.963,12.0
135081_1767735000,0,0,-60.885,-99.624,-16.23,-60.846,-60.866,-184.0
135081_1767735300,0,0,-20.965,-56.844,-14.235,-55.309,-38.137,-69.0
135081_1767735600,0,0,7.786,-21.643,45.128,-49.61,-20.912,-88.0
135081_1767735900,0,0,-33.35,-49.942,3.24,-42.502,-37.926,-130.0
135081_1767736200,0,0,10.932,-46.498,78.46,-2.863,4.035,-161.0
135081_1767736500,0,0,-60.993,-61.617,-59.63,-69.197,-65.095,-191.0
132430_1767738600,0,1,97.271,88.419,117.052,137.136,117.203,110.0
130072_1767738600,0,1,42.622,32.038,57.9,22.94,32.781,0.0
132430_1767738900,0,1,164.271,150.71,190.802,165.564,164.918,112.0
130072_1767738900,0,1,77.623,75.772,94.785,24.37,50.996,0.0
132430_1767739200,0,1,103.628,98.943,126.373,80.415,92.022,81.0
132430_1767739500,0,1,86.353,79.758,174.652,115.441,100.897,-2.0
132430_1767739800,0,1,51.101,24.136,149.276,57.078,54.09,8.0
132430_1767740100,0,1,56.794,24.502,131.582,39.497,48.145,175.0
134494_1767740400,0,4,16.246,2.837,21.881,2.462,9.354,0.0
134494_1767740700,0,4,15.722,4.314,45.296,3.309,9.516,0.0
134494_1767741000,0,4,19.301,5.118,45.242,2.987,11.144,0.0
134494_1767741300,0,4,20.473,0.513,53.924,4.869,12.671,0.0
134494_1767741600,0,4,20.284,-13.937,59.223,5.348,12.816,0.0
134494_1767741900,0,4,23.483,-8.741,50.35,3.658,13.57,0.0
122048_1767665400,1,1,-65.736,-106.92,-6.242,-19.218,-42.477,-25.0
122048_1767665700,1,1,-14.417,-26.758,-2.834,5.349,-4.534,0.0
122048_1767666000,1,1,-45.093,-65.498,-15.074,-14.35,-29.722,0.0
122048_1767666300,1,1,-34.721,-35.853,-23.939,-25.729,-30.225,0.0
122048_1767666600,1,1,-46.336,-68.11,-42.982,-34.655,-40.496,0.0
133957_1767666600,1,4,52.841,47.203,60.18,64.079,58.46,-32.0
129964_1767666600,1,4,-19.441,-59.315,12.705,-52.01,-35.725,44.0
133957_1767666900,1,4,65.369,44.721,66.544,69.794,67.582,-32.0
132430_1767666900,1,0,-6.498,-59.131,17.544,0.057,-3.22,46.0
122048_1767666900,1,1,-17.107,-31.058,-5.855,-13.68,-15.394,0.0
129964_1767666900,1,4,-9.26,-69.892,59.977,-18.446,-13.853,16.0
133957_1767667200,1,4,82.108,33.4,138.479,69.701,75.905,17.0
132430_1767667200,1,0,32.313,24.362,54.373,41.101,36.707,102.0
122048_1767667200,1,1,1.391,-7.275,5.27,-3.678,-1.143,0.0
129964_1767667200,1,4,4.382,-77.418,102.218,4.612,4.497,-27.0
132430_1767667500,1,0,-26.941,-67.491,45.843,0.83,-13.056,-23.0
122048_1767667500,1,1,-26.174,-35.828,-1.746,-25.268,-25.721,0.0
129964_1767667500,1,4,78.041,13.224,126.659,68.681,73.361,2.0
133957_1767667500,1,4,33.913,8.245,68.725,51.256,42.584,-66.0
122048_1767667800,1,1,-33.807,-60.186,23.924,-25.144,-29.476,0.0
133957_1767667800,1,4,14.108,-33.212,94.199,14.499,14.304,-74.0
132430_1767667800,1,0,40.036,-7.809,143.043,52.419,46.228,-2.0
129964_1767667800,1,4,6.233,-58.885,58.158,6.298,6.265,-70.0
134040_1767667800,1,3,-24.788,-27.842,-17.221,-11.73,-18.259,20.0
129964_1767668100,1,4,-21.882,-72.232,48.788,-28.056,-24.969,-76.0
132430_1767668100,1,0,48.249,-10.33,140.762,40.989,44.619,27.0
122048_1767668100,1,1,-43.27,-48.399,12.329,-24.412,-33.841,0.0
133957_1767668100,1,4,15.045,-41.273,61.799,10.184,12.615,-61.0
134040_1767668100,1,3,4.898,-24.902,32.7,15.299,10.099,93.0
132430_1767668400,1,0,173.989,108.197,196.594,83.076,128.533,22.0
122048_1767668400,1,1,-10.878,-45.018,77.339,-7.496,-9.187,0.0
133957_1767668400,1,4,17.579,-34.27,95.548,-18.268,-0.344,-34.0
122048_1767668700,1,1,31.56,-17.168,117.056,6.565,19.063,0.0
132430_1767668700,1,0,19.659,-27.305,111.018,9.363,14.511,74.0
122048_1767669000,1,1,31.718,0.07,103.928,28.972,30.345,0.0
132430_1767669000,1,0,23.935,-18.127,99.258,23.253,23.594,1.0
133957_1767669300,1,3,30.363,-9.03,60.682,8.035,19.199,46.0
132430_1767669300,1,0,130.756,72.02,187.621,134.497,132.627,4.0
122048_1767669300,1,1,6.366,-31.4,82.21,19.601,12.983,0.0
122048_1767669600,1,1,22.514,11.465,40.202,16.033,19.273,0.0
133957_1767669600,1,3,20.898,-21.103,32.534,8.942,14.92,58.0
132430_1767669600,1,0,4.955,-50.87,71.646,43.296,24.125,84.0
133957_1767669900,1,3,9.424,-36.809,19.707,8.205,8.814,40.0
122048_1767669900,1,1,9.134,-44.667,52.235,12.477,10.805,0.0
132430_1767669900,1,0,-15.944,-36.189,16.651,4.957,-5.493,58.0
133957_1767670200,1,3,43.219,2.854,106.823,64.707,53.963,133.0
134040_1767670200,1,0,50.176,-13.723,115.136,37.448,43.812,110.0
129964_1767670200,1,0,86.706,38.974,145.52,81.875,84.29,74.0
135081_1767670200,1,4,67.362,17.972,100.143,61.483,64.423,14.0
122048_1767670200,1,1,11.301,0.495,24.728,6.879,9.09,0.0
122048_1767670500,1,1,31.047,-3.198,62.258,13.275,22.161,0.0
129964_1767670500,1,0,16.539,-41.595,75.446,6.988,11.764,61.0
133957_1767670500,1,3,35.77,-3.148,83.166,58.449,47.109,55.0
134040_1767670500,1,0,86.914,22.668,159.453,89.949,88.431,129.0
135081_1767670500,1,4,68.311,9.085,107.67,69.344,68.827,63.0
132430_1767670500,1,0,43.55,-7.102,121.244,12.589,28.07,215.0
135081_1767670800,1,4,81.353,13.81,131.394,66.662,74.007,54.0
129964_1767670800,1,0,88.457,22.192,175.117,82.533,85.495,-16.0
133957_1767670800,1,3,100.24,18.733,180.221,115.3,107.77,-10.0
122048_1767670800,1,1,-12.044,-30.641,5.83,14.222,1.089,0.0
134040_1767670800,1,0,99.398,24.982,203.921,93.629,96.514,132.0
132430_1767670800,1,0,49.662,10.292,153.856,30.443,40.053,162.0
134040_1767671100,1,0,215.77,160.359,233.453,194.812,205.291,60.0
133957_1767671100,1,3,60.042,24.343,87.351,41.545,50.793,-86.0
129964_1767671100,1,0,48.77,-26.234,117.802,44.258,46.514,-55.0
132430_1767671100,1,0,43.728,5.637,82.287,31.474,37.601,137.0
122048_1767671100,1,1,-25.37,-28.995,-0.962,-4.955,-15.163,0.0
135081_1767671100,1,4,13.4,-29.888,91.439,47.398,30.399,45.0
122048_1767671400,1,1,-27.487,-30.309,-21.845,3.808,-11.839,0.0
129964_1767671400,1,0,43.864,-17.911,91.663,27.009,35.437,22.0
132430_1767671400,1,0,130.909,50.492,186.981,126.675,128.792,244.0
134040_1767671400,1,0,81.365,5.749,152.064,63.171,72.268,43.0
133957_1767671400,1,3,21.899,-51.693,101.026,23.528,22.713,-86.0
135081_1767671400,1,4,86.097,40.038,154.371,92.558,89.327,84.0
135081_1767671700,1,4,46.941,-10.586,104.893,47.215,47.078,104.0
132430_1767671700,1,0,164.046,131.38,183.582,168.955,166.5,324.0
133957_1767671700,1,3,21.393,-69.83,78.911,16.555,18.974,-40.0
134040_1767671700,1,0,32.163,-22.0,85.051,37.545,34.854,-29.0
122048_1767671700,1,1,-23.508,-25.596,15.031,41.194,8.843,0.0
129964_1767671700,1,0,7.756,-67.231,85.945,13.637,10.697,-50.0
135081_1767672000,1,4,13.345,-42.33,71.685,-2.424,5.46,-33.0
132430_1767672000,1,0,180.102,122.512,269.24,162.819,171.46,364.0
129964_1767672000,1,0,53.051,-33.507,141.162,37.42,45.235,-7.0
133957_1767672000,1,3,16.34,-47.986,46.615,4.922,10.631,-29.0
135081_1767672300,1,4,-39.344,-82.536,36.879,-23.478,-31.411,-40.0
133957_1767672300,1,3,-10.52,-83.191,52.923,-19.918,-15.219,-51.0
122048_1767672300,1,3,20.49,7.014,56.692,13.246,16.868,66.0
132430_1767672300,1,0,152.682,107.241,209.298,178.458,165.57,275.0
129964_1767672300,1,0,51.924,10.019,163.559,17.018,34.471,-9.0
133957_1767672600,1,3,-7.839,-65.615,68.915,0.62,-3.61,-8.0
135081_1767672600,1,4,-58.823,-130.623,19.899,-46.111,-52.467,-145.0
122048_1767672600,1,3,-21.447,-47.024,62.038,-19.218,-20.332,66.0
132430_1767672600,1,0,238.464,196.712,320.308,246.324,242.394,322.0
133957_1767672900,1,3,3.535,-29.835,92.696,7.064,5.3,-34.0
122048_1767672900,1,3,10.473,-46.875,106.757,6.938,8.706,170.0
132430_1767672900,1,0,208.644,152.116,307.038,212.219,210.431,130.0
130238_1767672900,1,0,22.136,-16.662,68.851,41.747,31.942,-23.0
135081_1767672900,1,4,-17.381,-68.458,46.403,-27.166,-22.273,-98.0
129964_1767672900,1,1,-10.928,-40.813,60.054,-12.602,-11.765,-29.0
129964_1767673200,1,1,-11.367,-46.919,85.766,-31.684,-21.525,-57.0
130238_1767673200,1,0,67.718,26.55,106.572,63.044,65.381,39.0
122048_1767673200,1,3,88.229,24.531,172.64,80.681,84.455,41.0
132430_1767673200,1,0,298.265,242.944,371.147,288.303,293.284,129.0
135081_1767673200,1,4,-16.027,-89.081,77.97,-52.295,-34.161,71.0
129964_1767673500,1,1,44.933,-24.608,139.209,42.545,43.739,19.0
122048_1767673500,1,3,99.75,31.192,213.936,116.862,108.306,25.0
132430_1767673500,1,0,214.175,143.046,301.0,219.113,216.644,265.0
130238_1767673500,1,0,28.728,3.963,87.428,34.182,31.455,26.0
135081_1767673500,1,4,-77.426,-105.109,4.374,-100.161,-88.794,64.0
130238_1767673800,1,0,79.478,38.913,158.54,97.825,88.652,10.0
131672_1767673800,1,1,-42.238,-64.5,42.957,15.109,-13.564,-73.0
133957_1767673800,1,0,22.474,-6.097,103.991,20.686,21.58,32.0
129964_1767673800,1,1,-2.892,-46.371,39.97,-7.445,-5.169,-15.0
135081_1767673800,1,4,-15.025,-70.709,59.684,-12.016,-13.52,111.0
129964_1767674100,1,1,65.996,-9.086,127.706,69.694,67.845,72.0
130238_1767674100,1,0,42.42,-37.004,140.055,44.758,43.589,131.0
135081_1767674100,1,4,171.095,122.772,212.114,134.004,152.55,80.0
131672_1767674100,1,1,-5.449,-65.023,72.318,-9.585,-7.517,121.0
133957_1767674100,1,0,67.337,32.493,93.826,66.726,67.032,43.0
133957_1767674400,1,0,75.319,41.646,104.012,65.05,70.185,74.0
135081_1767674400,1,4,112.422,13.081,191.205,110.933,111.677,122.0
129964_1767674400,1,1,46.198,-15.432,120.742,28.527,37.362,95.0
131672_1767674400,1,1,-58.285,-98.931,51.328,-56.368,-57.327,145.0
130238_1767674400,1,0,28.432,-32.916,71.812,-4.145,12.143,168.0
130238_1767674700,1,0,157.579,86.214,241.903,149.055,153.317,240.0
131672_1767674700,1,1,-11.088,-87.185,73.279,-8.476,-9.782,125.0
133957_1767674700,1,0,110.028,73.985,136.925,109.892,109.96,171.0
135081_1767674700,1,4,34.69,-16.623,82.828,51.668,43.179,94.0
129964_1767674700,1,1,-4.514,-67.057,75.753,-8.913,-6.714,46.0
130238_1767675000,1,0,147.354,117.563,177.127,150.903,149.129,233.0
135081_1767675000,1,4,92.735,2.186,156.869,94.332,93.534,53.0
129964_1767675000,1,1,27.692,-41.426,132.202,9.338,18.515,38.0
131672_1767675000,1,1,99.124,51.767,178.438,124.243,111.684,166.0
133300_1767675000,1,0,30.304,21.145,77.521,6.172,18.238,99.0
133957_1767675000,1,0,60.201,4.558,137.593,48.717,54.459,92.0
135081_1767675300,1,4,127.456,45.904,212.947,117.404,122.43,208.0
133300_1767675300,1,0,36.971,-21.532,129.173,10.239,23.605,99.0
131672_1767675300,1,1,62.865,11.76,101.71,100.017,81.441,88.0
129964_1767675300,1,1,42.186,-36.634,159.884,34.627,38.407,105.0
133957_1767675300,1,0,44.124,2.161,134.422,52.785,48.454,5.0
133957_1767675600,1,0,30.686,-20.822,91.565,42.66,36.673,-10.0
122048_1767675600,1,3,1.159,-46.063,58.835,14.972,8.065,-68.0
133300_1767675600,1,0,54.771,0.806,121.644,45.24,50.006,180.0
129964_1767675600,1,1,19.698,-23.711,111.42,20.615,20.156,46.0
135081_1767675600,1,4,96.964,22.817,165.041,92.788,94.876,299.0
133300_1767675900,1,0,124.775,48.773,228.595,97.849,111.312,135.0
122048_1767675900,1,3,-33.403,-90.356,30.35,-29.562,-31.483,-86.0
129964_1767675900,1,1,58.739,0.586,149.537,65.248,61.994,20.0
133957_1767675900,1,0,10.787,-48.663,103.215,19.333,15.06,-32.0
135081_1767675900,1,4,261.69,192.551,309.323,240.483,251.086,224.0
133300_1767676200,1,0,258.524,196.316,323.624,230.91,244.717,170.0
129964_1767676200,1,1,100.106,12.497,203.276,92.5,96.303,91.0
135081_1767676200,1,4,271.083,216.434,335.348,299.26,285.172,126.0
133957_1767676200,1,0,-25.223,-64.532,39.265,-37.744,-31.483,95.0
122048_1767676200,1,3,64.666,-16.223,120.059,7.527,36.096,25.0
135081_1767676500,1,4,117.186,83.782,121.598,105.306,111.246,-30.0
122048_1767676500,1,3,28.382,-46.167,90.997,18.185,23.283,-41.0
133300_1767676500,1,0,170.452,161.815,199.996,180.816,175.634,169.0
133957_1767676500,1,0,-11.256,-68.198,45.515,-45.057,-28.157,61.0
133300_1767676800,1,0,218.109,171.926,259.253,177.094,197.601,289.0
122048_1767676800,1,3,-5.872,-54.104,29.197,-12.814,-9.343,-163.0
133957_1767676800,1,0,-39.892,-102.523,34.418,-35.093,-37.492,7.0
122048_1767677100,1,3,-3.818,-27.285,55.403,-17.439,-10.629,-177.0
133957_1767677100,1,0,87.753,14.41,162.254,78.273,83.013,-94.0
122048_1767677400,1,3,-40.131,-48.547,-28.57,-32.941,-36.536,-65.0
133957_1767677400,1,0,47.184,-10.514,111.001,35.019,41.101,-91.0
133300_1767677400,1,2,22.417,10.207,22.586,30.45,26.434,87.0
130238_1767677400,1,4,34.542,-11.164,76.382,7.152,20.847,-50.0
134040_1767677400,1,4,95.57,57.564,142.435,66.842,81.206,71.0
122048_1767677700,1,3,-95.903,-106.21,-62.545,-22.368,-59.135,12.0
134040_1767677700,1,4,110.918,37.919,150.742,104.707,107.813,174.0
133300_1767677700,1,2,42.244,-1.208,46.94,33.94,38.092,87.0
130238_1767677700,1,4,10.959,-33.488,84.404,9.681,10.32,-47.0
130238_1767678000,1,4,71.708,8.807,97.399,48.405,60.056,-45.0
133300_1767678000,1,2,72.049,25.471,106.047,74.145,73.097,108.0
134040_1767678000,1,4,-6.656,-39.874,13.507,24.159,8.752,-25.0
122048_1767678000,1,3,-7.172,-31.013,77.329,-21.151,-14.162,47.0
133300_1767678300,1,2,71.617,31.779,138.868,87.758,79.687,59.0
130238_1767678300,1,4,30.675,17.073,60.488,-25.476,2.599,-142.0
122048_1767678300,1,3,-72.478,-96.978,17.826,-45.066,-58.772,124.0
133300_1767678600,1,2,120.414,106.717,169.564,152.531,136.473,40.0
122048_1767678600,1,3,-11.67,-47.184,57.251,-16.806,-14.238,172.0
133300_1767678900,1,2,62.35,37.269,77.112,77.47,69.91,-2.0
122048_1767678900,1,3,19.637,-11.044,46.411,16.912,18.275,140.0
133957_1767679500,1,0,30.313,-43.891,71.439,34.546,32.43,49.0
130238_1767679500,1,2,-84.492,-88.052,-27.437,-62.891,-73.692,0.0
130238_1767679800,1,2,-74.947,-105.131,-53.655,-71.633,-73.29,0.0
133957_1767679800,1,0,55.057,44.615,59.572,50.951,53.004,71.0
132430_1767679800,1,2,122.538,113.101,139.327,34.225,78.381,73.0
134040_1767679800,1,0,-13.452,-49.057,10.864,17.699,2.123,23.0
132430_1767680100,1,2,83.549,53.864,138.449,55.936,69.743,73.0
134040_1767680100,1,0,30.734,11.485,43.247,35.303,33.019,26.0
133957_1767680100,1,0,37.94,9.095,42.91,46.68,42.31,111.0
130238_1767680100,1,2,-77.429,-103.742,-74.587,-83.083,-80.256,0.0
134040_1767680400,1,0,10.852,-7.877,28.483,22.124,16.488,-52.0
133957_1767680400,1,0,31.692,6.711,75.088,39.623,35.657,18.0
130238_1767680400,1,2,40.816,21.181,74.708,21.801,31.308,0.0
132430_1767680400,1,2,108.559,55.685,147.963,32.789,70.674,-15.0
129964_1767680400,1,3,81.274,40.178,176.636,31.473,56.374,-51.0
134040_1767680700,1,0,-22.597,-72.809,23.765,-10.187,-16.392,-87.0
132430_1767680700,1,2,53.3,-5.55,91.992,54.435,53.868,-42.0
133957_1767680700,1,0,9.624,-28.608,55.401,12.921,11.272,39.0
130238_1767680700,1,2,31.142,-11.696,77.736,41.494,36.318,0.0
129964_1767680700,1,3,74.431,33.75,209.188,30.047,52.239,-106.0
133957_1767681000,1,0,14.638,-37.221,76.169,5.725,10.181,-30.0
129964_1767681000,1,3,77.654,-11.435,241.663,57.341,67.497,7.0
132430_1767681000,1,2,121.572,78.487,145.28,145.983,133.777,32.0
130238_1767681000,1,2,40.421,24.686,57.224,12.038,26.23,0.0
122658_1767681000,1,1,183.581,173.768,194.3,188.598,186.09,181.0
133300_1767681000,1,4,8.035,-17.95,64.237,10.638,9.336,12.0
134040_1767681000,1,0,8.277,-43.941,46.1,3.496,5.886,-111.0
134040_1767681300,1,0,-28.655,-76.415,45.007,-27.981,-28.318,-75.0
129964_1767681300,1,3,-46.44,-85.686,12.758,-15.81,-31.125,47.0
132430_1767681300,1,2,90.822,31.178,138.962,41.34,66.081,126.0
133300_1767681300,1,4,43.539,-8.685,119.07,52.771,48.155,-61.0
122658_1767681300,1,1,-66.846,-77.537,-57.798,-21.294,-44.07,0.0
130238_1767681300,1,2,49.264,31.343,53.121,31.586,40.425,0.0
133957_1767681300,1,0,-16.292,-59.808,67.545,-24.629,-20.461,-59.0
130238_1767681600,1,2,28.534,27.389,33.506,3.092,15.813,0.0
133300_1767681600,1,4,52.317,0.219,159.093,43.234,47.776,159.0
134040_1767681600,1,0,-56.927,-94.223,15.259,-48.283,-52.605,1.0
133957_1767681600,1,0,17.722,-51.041,83.948,6.006,11.864,-30.0
132430_1767681600,1,2,4.504,-45.094,88.232,-1.029,1.737,65.0
122658_1767681600,1,1,4.462,-21.154,18.551,5.342,4.902,0.0
129964_1767681600,1,3,-1.257,-29.942,58.133,-4.897,-3.077,39.0
131672_1767681900,1,3,57.917,44.159,158.393,51.616,54.767,37.0
133300_1767681900,1,4,3.042,-7.534,12.325,-27.157,-12.058,79.0
130238_1767681900,1,2,-6.573,-38.058,12.157,-13.026,-9.8,0.0
134040_1767681900,1,0,-39.306,-94.099,57.497,-30.873,-35.09,-38.0
129964_1767681900,1,3,22.237,2.59,83.546,28.97,25.603,148.0
122658_1767681900,1,1,13.917,-6.716,45.479,13.232,13.575,0.0
133957_1767681900,1,0,-18.255,-83.621,59.839,-24.714,-21.485,-58.0
132430_1767681900,1,2,55.498,-10.706,119.306,59.718,57.608,-62.0
133957_1767682200,1,0,-60.77,-103.446,-19.186,-73.489,-67.13,-19.0
133300_1767682200,1,4,-8.664,-48.307,68.269,21.782,6.559,79.0
131672_1767682200,1,3,70.772,38.53,177.714,72.557,71.665,13.0
134040_1767682200,1,0,-38.16,-75.63,39.472,-31.209,-34.684,-71.0
129964_1767682200,1,3,41.539,-26.061,108.829,49.905,45.722,188.0
132430_1767682200,1,2,61.141,6.235,124.788,74.565,67.853,-16.0
122658_1767682200,1,1,28.116,-14.71,40.038,17.396,22.756,0.0
129964_1767682500,1,3,39.111,-27.413,126.48,66.19,52.65,84.0
132430_1767682500,1,2,-8.069,-61.353,76.193,2.815,-2.627,248.0
133300_1767682500,1,4,10.874,-42.789,86.627,-16.957,-3.041,173.0
131672_1767682500,1,3,76.615,45.559,207.118,85.148,80.881,16.0
133957_1767682500,1,0,32.459,-24.995,144.481,22.301,27.38,-45.0
122658_1767682500,1,1,48.754,-8.046,63.98,24.98,36.867,0.0
134040_1767682500,1,0,25.5,-47.346,131.06,4.665,15.082,46.0
133957_1767682800,1,0,11.563,-49.7,127.828,-7.656,1.954,-74.0
132430_1767682800,1,2,44.912,-13.434,120.663,32.917,38.915,267.0
122658_1767682800,1,1,42.553,35.75,75.351,32.217,37.385,0.0
133300_1767682800,1,4,102.958,22.996,147.092,83.283,93.121,135.0
131672_1767682800,1,3,30.998,-14.203,96.833,43.235,37.117,-48.0
129964_1767682800,1,3,142.708,71.463,226.398,142.138,142.423,70.0
133957_1767683100,1,0,21.683,-12.603,135.071,5.788,13.736,-8.0
133300_1767683100,1,4,202.342,149.582,257.621,217.471,209.906,169.0
131672_1767683100,1,3,-18.954,-24.274,-18.668,11.55,-3.702,-52.0
132430_1767683100,1,2,8.898,-69.272,81.293,6.682,7.79,408.0
129964_1767683100,1,3,159.95,70.288,222.541,155.642,157.796,154.0
122658_1767683100,1,1,27.532,-8.808,39.711,11.514,19.523,0.0
129964_1767683400,1,3,84.489,4.782,147.857,88.123,86.306,81.0
131672_1767683400,1,3,-72.709,-115.606,5.38,-53.693,-63.201,-178.0
122658_1767683400,1,1,84.482,-6.456,137.879,27.631,56.057,-11.0
132430_1767683400,1,2,153.595,129.844,196.433,194.727,174.161,270.0
133300_1767683400,1,4,187.618,143.742,224.29,182.949,185.283,166.0
129964_1767683700,1,3,176.504,80.324,229.067,162.558,169.531,145.0
133300_1767683700,1,4,188.812,110.334,231.794,162.44,175.626,240.0
133957_1767683700,1,3,-10.223,-29.893,43.716,-4.768,-7.495,10.0
122658_1767683700,1,1,106.567,-6.349,222.594,59.178,82.873,96.0
132430_1767683700,1,2,223.39,208.05,252.602,228.403,225.896,163.0
131672_1767683700,1,3,-18.767,-93.603,78.339,-24.037,-21.402,-200.0
122658_1767684000,1,1,104.536,19.046,160.08,61.284,82.91,58.0
131672_1767684000,1,3,-54.248,-120.322,63.884,-54.414,-54.331,-74.0
133957_1767684000,1,3,30.727,-23.308,123.367,10.652,20.689,33.0
133300_1767684000,1,4,78.81,35.559,86.978,40.247,59.529,116.0
129964_1767684000,1,3,117.724,55.711,193.82,94.498,106.111,134.0
132430_1767684000,1,2,236.488,161.453,279.466,242.969,239.728,246.0
133300_1767684300,1,4,45.337,-5.154,108.51,-1.875,21.731,116.0
122658_1767684300,1,1,53.68,-15.565,117.123,69.165,61.422,118.0
132430_1767684300,1,2,144.929,83.85,225.823,158.104,151.516,230.0
130238_1767684300,1,0,33.816,13.084,53.957,33.128,33.472,16.0
133957_1767684300,1,3,16.582,-23.091,109.176,24.797,20.69,71.0
131672_1767684300,1,3,24.245,-54.515,91.838,17.02,20.633,24.0
131672_1767684600,1,3,-1.001,-54.258,70.527,2.905,0.952,-63.0
129964_1767684600,1,0,11.135,-45.609,48.213,-7.637,1.749,-29.0
122658_1767684600,1,1,83.555,0.381,133.304,91.002,87.279,97.0
135081_1767684600,1,1,-89.057,-148.569,-17.076,-115.031,-102.044,-78.0
132430_1767684600,1,2,167.66,91.558,243.284,164.638,166.149,215.0
122048_1767684600,1,0,355.359,348.687,358.633,369.375,362.367,350.0
133300_1767684600,1,4,26.501,-44.723,108.194,13.019,19.76,214.0
131672_1767684900,1,3,7.278,-57.578,70.703,20.359,13.818,-96.0
135081_1767684900,1,1,-66.126,-115.919,18.347,-56.454,-61.29,-28.0
122048_1767684900,1,0,298.186,279.733,332.939,357.977,328.082,304.0
129964_1767684900,1,0,1.482,-53.729,53.247,-3.336,-0.927,-70.0
132430_1767684900,1,2,194.023,144.407,248.727,169.966,181.995,183.0
133300_1767684900,1,4,101.352,27.28,180.759,97.637,99.494,244.0
122658_1767684900,1,1,46.901,31.535,88.913,119.022,82.961,97.0
135081_1767685200,1,1,-46.451,-104.92,19.805,-52.973,-49.712,59.0
122048_1767685200,1,0,294.156,234.256,310.449,292.146,293.151,183.0
133300_1767685200,1,4,197.662,160.907,259.848,236.987,217.325,255.0
122658_1767685200,1,1,-36.744,-50.262,-2.658,-6.295,-21.52,0.0
131672_1767685200,1,3,-18.766,-101.744,61.784,22.988,2.111,-126.0
129964_1767685200,1,0,44.965,-10.004,113.853,64.503,54.734,-34.0
122048_1767685500,1,0,293.218,292.978,315.411,323.017,308.118,141.0
129964_1767685500,1,0,63.743,-11.776,108.498,19.787,41.765,-4.0
132430_1767685500,1,2,68.348,-7.756,95.482,8.63,38.489,167.0
135081_1767685500,1,1,13.659,-27.105,67.729,-27.231,-6.786,275.0
122658_1767685500,1,1,13.797,-2.227,20.854,15.235,14.516,0.0
133300_1767685500,1,4,289.188,260.755,307.331,282.541,285.865,286.0
135081_1767685800,1,1,78.599,32.247,125.007,44.451,61.525,288.0
133300_1767685800,1,4,262.565,205.897,336.421,250.559,256.562,404.0
132430_1767685800,1,2,43.556,-6.347,44.618,-3.827,19.865,64.0
129964_1767685800,1,0,41.255,4.163,93.83,33.913,37.584,17.0
122048_1767685800,1,0,208.174,141.126,271.164,199.018,203.596,45.0
122658_1767685800,1,1,20.47,19.494,47.698,22.115,21.292,0.0
135081_1767686100,1,1,207.868,71.818,260.818,233.732,220.8,247.0
132430_1767686100,1,2,17.585,-43.985,39.871,15.592,16.589,53.0
122048_1767686100,1,0,114.905,63.508,157.444,98.944,106.925,-35.0
122658_1767686100,1,1,-11.078,-25.835,-7.332,3.366,-3.856,0.0
129964_1767686100,1,0,35.055,-17.313,85.585,13.605,24.33,162.0
133300_1767686400,1,1,154.044,134.191,170.088,103.044,128.544,-26.0
132430_1767686400,1,2,133.988,26.823,158.049,94.222,114.105,30.0
130238_1767686400,1,0,162.08,95.832,247.061,171.682,166.881,107.0
129964_1767686400,1,0,-20.713,-73.844,43.551,-21.004,-20.859,97.0
122048_1767686400,1,0,56.381,6.875,124.019,66.208,61.294,-43.0
130238_1767686700,1,0,139.816,83.967,160.645,167.309,153.563,1.0
122048_1767686700,1,0,23.522,-54.231,116.073,23.504,23.513,-49.0
132430_1767686700,1,2,162.816,89.091,224.147,115.753,139.285,53.0
129964_1767686700,1,0,68.661,1.508,128.882,75.417,72.039,64.0
122048_1767687000,1,0,-4.114,-74.096,67.168,-7.042,-5.578,104.0
132430_1767687000,1,2,55.235,13.419,127.13,41.832,48.534,42.0
129964_1767687000,1,0,82.874,29.002,164.426,93.023,87.949,42.0
132430_1767687300,1,2,93.149,31.17,162.551,81.689,87.419,-108.0
122048_1767687300,1,0,-0.159,-80.882,86.561,-12.469,-6.314,99.0
129964_1767687300,1,0,89.486,16.73,135.113,71.828,80.657,108.0
132430_1767687600,1,2,33.68,-14.446,100.688,38.982,36.331,-132.0
122048_1767687600,1,0,45.337,-24.803,101.525,45.701,45.519,49.0
129964_1767687600,1,0,-11.055,-65.299,76.242,-9.575,-10.315,8.0
129964_1767687900,1,0,42.716,-37.207,125.078,36.355,39.535,95.0
132430_1767687900,1,2,-14.681,-82.608,48.736,-34.575,-24.628,-101.0
122048_1767687900,1,0,87.791,8.549,152.929,89.937,88.864,80.0
122658_1767688200,1,4,-0.981,-66.492,99.905,34.589,16.804,137.0
131672_1767688200,1,1,100.862,80.053,107.925,17.059,58.96,16.0
130238_1767688200,1,1,146.743,84.391,224.897,97.799,122.271,27.0
132430_1767688200,1,2,-24.468,-93.208,82.737,-83.582,-54.025,194.0
122048_1767688200,1,0,59.071,-12.848,134.681,46.004,52.537,68.0
134040_1767688200,1,0,39.141,-50.89,138.096,14.517,26.829,154.0
122048_1767688500,1,0,67.739,13.227,153.371,102.391,85.065,49.0
122658_1767688500,1,4,81.285,7.018,99.877,45.382,63.333,-33.0
134040_1767688500,1,0,70.807,17.825,122.771,83.143,76.975,141.0
131672_1767688500,1,1,97.234,75.562,144.339,41.989,69.611,20.0
130238_1767688500,1,1,71.194,11.13,156.384,89.73,80.462,-8.0
132430_1767688500,1,2,0.757,-89.763,81.733,-12.987,-6.115,268.0
122048_1767688800,1,0,43.173,-8.5,107.47,71.804,57.488,76.0
134040_1767688800,1,0,62.589,28.959,140.827,54.445,58.517,128.0
132430_1767688800,1,2,148.657,100.806,210.974,165.78,157.218,284.0
131672_1767688800,1,1,71.168,60.419,139.424,23.23,47.199,-17.0
122658_1767688800,1,4,123.49,91.617,173.099,122.983,123.236,-34.0
130238_1767688800,1,1,73.08,-3.453,156.369,68.674,70.877,-92.0
131672_1767689100,1,1,62.681,-1.8,124.615,51.646,57.164,17.0
122658_1767689100,1,4,-30.142,-41.108,-26.852,-37.93,-34.036,-34.0
134040_1767689100,1,0,16.785,-9.681,69.927,62.935,39.86,26.0
122048_1767689100,1,0,-18.485,-38.301,47.709,31.034,6.275,94.0
132430_1767689100,1,2,115.935,44.107,158.773,131.566,123.75,163.0
130238_1767689100,1,1,24.416,-25.03,94.47,15.54,19.978,-120.0
122658_1767689400,1,4,-35.309,-62.579,-4.255,-32.97,-34.14,-34.0
131672_1767689400,1,1,-13.725,-53.431,77.212,9.523,-2.101,-72.0
130238_1767689400,1,1,-54.609,-92.822,5.787,-56.287,-55.448,37.0
133300_1767689400,1,1,0.958,-8.157,7.527,7.005,3.981,9.0
134040_1767689400,1,0,-4.605,-54.873,75.629,41.142,18.268,94.0
132430_1767689400,1,2,286.036,226.568,324.209,271.617,278.827,85.0
122048_1767689400,1,0,9.122,-32.186,95.598,26.854,17.988,121.0
130238_1767689700,1,1,-39.629,-97.722,39.977,-53.868,-46.748,57.0
122658_1767689700,1,4,-35.483,-40.529,-32.879,-59.251,-47.367,-34.0
122613_1767689700,1,3,3.391,-10.607,35.228,-0.879,1.256,49.0
122048_1767689700,1,0,-47.279,-117.829,-1.728,11.149,-18.065,116.0
132430_1767689700,1,2,177.183,114.243,242.776,158.839,168.011,7.0
134040_1767689700,1,0,-7.711,-51.945,74.424,37.771,15.03,46.0
133300_1767689700,1,1,32.941,-14.391,56.5,23.055,27.998,9.0
131672_1767689700,1,1,-77.666,-96.849,10.101,-36.998,-57.332,-222.0
122048_1767690000,1,0,-9.068,-62.187,53.678,26.221,8.577,73.0
134040_1767690000,1,0,40.85,-30.817,126.417,58.328,49.589,159.0
122658_1767690000,1,4,-34.271,-39.72,-31.98,-45.395,-39.833,-34.0
129964_1767690000,1,4,42.986,-6.867,115.195,43.023,43.005,65.0
131672_1767690000,1,1,-46.532,-91.409,28.928,-33.43,-39.981,-208.0
130238_1767690000,1,1,20.345,-45.488,87.72,-3.928,8.209,40.0
133300_1767690000,1,1,47.785,3.762,75.412,29.905,38.845,68.0
133957_1767690000,1,2,-60.085,-124.466,12.194,-61.965,-61.025,-116.0
122048_1767690300,1,0,22.902,-22.065,98.315,27.004,24.953,-33.0
129964_1767690300,1,4,45.325,-19.768,102.343,32.833,39.079,66.0
130238_1767690300,1,1,73.913,15.105,109.98,76.503,75.208,49.0
133300_1767690300,1,1,55.378,16.383,95.84,48.567,51.973,69.0
122658_1767690300,1,4,-23.301,-23.369,-17.562,-3.177,-13.239,-34.0
134040_1767690300,1,0,-1.413,-24.677,40.044,64.56,31.573,-28.0
131672_1767690300,1,1,-109.453,-156.773,19.006,-104.319,-106.886,-157.0
133957_1767690300,1,2,-51.95,-106.857,7.448,-56.866,-54.408,-68.0
130238_1767690600,1,1,73.223,32.892,95.947,54.646,63.935,57.0
133300_1767690600,1,1,75.881,26.667,145.834,65.859,70.87,59.0
131672_1767690600,1,1,-23.706,-78.741,-17.478,-49.483,-36.594,-39.0
122658_1767690600,1,4,0.431,-21.958,0.757,-5.358,-2.464,-34.0
129964_1767690600,1,4,20.335,-61.047,99.481,31.541,25.938,79.0
133957_1767690600,1,2,-119.948,-177.035,-20.302,-87.547,-103.748,-88.0
122658_1767690900,1,4,7.386,0.27,20.094,-2.249,2.569,-34.0
133300_1767690900,1,1,76.923,14.043,143.618,73.788,75.355,62.0
133957_1767690900,1,2,-94.987,-147.152,-18.784,-73.107,-84.047,-111.0
131672_1767690900,1,1,-65.758,-68.763,-49.581,11.327,-27.215,-68.0
129964_1767690900,1,4,18.145,-56.754,63.79,42.944,30.545,58.0
131672_1767691200,1,1,-86.018,-144.376,-24.56,-67.933,-76.975,-65.0
129964_1767691200,1,4,16.884,-34.23,94.131,42.545,29.715,64.0
133957_1767691200,1,2,-33.075,-82.322,7.335,-69.045,-51.06,9.0
130238_1767691200,1,1,-0.503,-16.874,13.133,2.174,0.836,0.0
133300_1767691200,1,1,140.226,32.74,215.002,97.868,119.047,135.0
129964_1767691500,1,4,90.106,16.895,151.023,84.31,87.208,94.0
131672_1767691500,1,1,19.852,-64.105,95.057,8.854,14.353,-10.0
130238_1767691500,1,1,-30.06,-60.975,-0.685,-40.184,-35.122,0.0
133957_1767691800,1,3,-54.2,-64.659,7.066,-45.451,-49.825,48.0
129964_1767691800,1,4,61.661,-13.985,117.622,57.533,59.597,42.0
122048_1767691800,1,3,-14.317,-42.538,66.468,4.859,-4.729,233.0
130238_1767691800,1,1,10.787,-3.531,14.968,-0.589,5.099,0.0
130238_1767692100,1,1,27.567,-9.4,27.96,6.886,17.226,0.0
133957_1767692100,1,3,34.123,-32.224,90.479,0.476,17.299,50.0
129964_1767692100,1,4,51.307,-22.98,95.045,56.435,53.871,16.0
122048_1767692100,1,3,-18.271,-52.481,-4.248,-30.756,-24.514,200.0
129964_1767692400,1,4,67.34,-11.629,117.157,64.239,65.79,106.0
130238_1767692400,1,1,35.557,-17.494,54.595,19.138,27.347,0.0
133957_1767692400,1,3,32.413,7.475,82.714,34.003,33.208,223.0
122048_1767692400,1,3,12.187,-20.253,72.022,4.373,8.28,91.0
130238_1767692700,1,1,-14.07,-16.357,-7.082,-20.14,-17.105,0.0
122048_1767692700,1,3,132.805,93.141,171.555,144.766,138.785,-63.0
133957_1767692700,1,3,44.157,3.006,126.615,50.642,47.399,191.0
130238_1767693000,1,1,10.061,-15.975,40.371,-0.808,4.626,0.0
122048_1767693000,1,3,55.936,2.463,71.023,59.208,57.572,-67.0
133957_1767693000,1,3,122.568,24.962,214.432,129.367,125.968,80.0
130238_1767693300,1,1,-35.173,-46.686,-24.471,-47.489,-41.331,0.0
132430_1767693300,1,4,41.755,12.481,53.625,3.69,22.722,132.0
133957_1767693300,1,3,90.863,9.5,171.29,75.244,83.054,23.0
122048_1767693300,1,3,-82.449,-94.43,-58.657,-57.332,-69.89,-115.0
122613_1767693600,1,4,-97.447,-148.181,-27.28,-126.335,-111.891,-180.0
122048_1767693600,1,3,-50.207,-101.605,-6.692,-37.215,-43.711,-142.0
133300_1767693600,1,3,82.481,20.671,175.014,53.46,67.97,168.0
132430_1767693600,1,4,5.484,-26.378,75.027,-16.167,-5.342,132.0
133957_1767693600,1,3,96.9,15.769,195.105,91.697,94.298,-24.0
122613_1767693900,1,4,-111.929,-137.62,-106.543,-125.686,-118.808,-108.0
122048_1767693900,1,3,-107.137,-116.822,-81.515,-94.124,-100.63,-110.0
133957_1767693900,1,3,60.484,19.855,110.218,42.148,51.316,13.0
132430_1767693900,1,4,71.221,63.736,76.655,-2.923,34.149,33.0
133300_1767694200,1,0,-22.09,-54.055,69.894,0.935,-10.578,-63.0
122613_1767694200,1,4,-115.312,-141.097,-75.401,-113.763,-114.538,-140.0
122048_1767694200,1,3,-93.778,-150.458,-45.198,-88.746,-91.262,-50.0
132430_1767694200,1,4,5.868,-74.388,103.995,27.057,16.462,90.0
133957_1767694200,1,3,13.447,-72.048,57.888,11.396,12.422,21.0
122613_1767694500,1,4,-89.995,-108.292,-86.115,-95.182,-92.588,-70.0
132430_1767694500,1,4,3.044,-31.113,86.356,44.089,23.567,144.0
133957_1767694500,1,3,-44.75,-109.735,19.603,-40.331,-42.541,-22.0
122048_1767694500,1,3,-50.796,-75.694,-8.293,-47.782,-49.289,-184.0
133300_1767694500,1,0,2.426,-39.41,92.441,-4.396,-0.985,-63.0
132430_1767694800,1,4,64.779,-41.803,151.971,43.299,54.039,233.0
133957_1767694800,1,3,39.136,-32.894,105.065,47.251,43.194,24.0
122048_1767694800,1,3,-124.252,-138.711,-70.094,-97.154,-110.703,-250.0
122613_1767694800,1,4,-52.566,-85.348,-42.65,-77.314,-64.94,-38.0
133300_1767694800,1,0,30.118,-3.781,121.726,24.792,27.455,54.0
122613_1767695100,1,4,-8.173,-82.226,59.447,-21.616,-14.894,30.0
122048_1767695100,1,3,-164.926,-190.53,-92.694,-149.159,-157.043,-359.0
133300_1767695100,1,0,40.104,-57.777,97.516,16.087,28.095,90.0
132430_1767695100,1,4,54.881,-17.266,168.027,66.167,60.524,116.0
133957_1767695100,1,3,-4.797,-58.946,78.581,-8.871,-6.834,-17.0
132430_1767695400,1,4,55.625,9.296,181.118,79.58,67.603,26.0
129964_1767695400,1,3,55.222,41.115,78.155,107.691,81.456,-51.0
130238_1767695400,1,1,86.903,10.241,143.223,50.868,68.886,-12.0
122613_1767695400,1,4,54.91,-30.789,112.404,6.287,30.598,123.0
133957_1767695400,1,3,-2.089,-45.549,29.018,8.126,3.019,28.0
129964_1767695700,1,3,59.868,57.773,132.167,116.746,88.307,-51.0
132430_1767695700,1,4,102.47,55.222,182.097,106.905,104.688,30.0
130238_1767695700,1,1,120.044,15.996,170.115,55.972,88.008,2.0
122613_1767695700,1,4,88.854,25.146,158.068,64.503,76.679,61.0
129964_1767696000,1,3,82.666,52.695,128.342,143.832,113.249,-11.0
133957_1767696000,1,3,-38.394,-68.609,20.469,-43.451,-40.922,138.0
132430_1767696000,1,4,44.653,-32.117,136.976,25.564,35.108,-71.0
130238_1767696000,1,1,23.869,-33.398,130.918,10.193,17.031,-34.0
132430_1767696300,1,4,53.812,-14.729,168.257,56.848,55.33,221.0
129964_1767696300,1,3,2.467,-37.569,85.352,-2.636,-0.084,73.0
133957_1767696300,1,3,-24.591,-42.334,50.989,3.933,-10.329,156.0
130238_1767696300,1,1,40.004,-9.959,84.977,36.553,38.278,10.0
132430_1767696600,1,4,65.952,-14.296,164.073,62.959,64.456,264.0
129964_1767696600,1,3,44.227,22.254,110.419,38.393,41.31,111.0
133957_1767696600,1,3,93.934,43.099,144.58,103.396,98.665,185.0
130238_1767696600,1,1,-34.314,-95.848,40.89,-40.081,-37.197,46.0
129964_1767696900,1,3,153.21,93.66,207.035,135.436,144.323,140.0
122613_1767696900,1,0,-61.802,-62.624,-24.709,-9.769,-35.785,0.0
133957_1767696900,1,3,173.93,128.763,279.412,177.58,175.755,111.0
132430_1767696900,1,4,203.638,65.191,278.937,195.054,199.346,113.0
130238_1767696900,1,1,-82.003,-113.114,-9.613,-85.507,-83.755,29.0
132430_1767697200,1,4,124.203,65.226,180.962,126.149,125.176,17.0
133300_1767697200,1,1,72.598,28.392,133.529,58.382,65.49,49.0
133957_1767697200,1,3,118.466,56.36,230.503,129.57,124.018,64.0
129964_1767697200,1,3,70.599,-10.828,123.636,66.003,68.301,133.0
130238_1767697200,1,1,67.016,-3.391,119.641,58.998,63.007,40.0
129964_1767697500,1,3,31.022,-21.278,81.444,36.736,33.879,75.0
133957_1767697500,1,3,94.082,6.142,184.87,88.385,91.233,3.0
132430_1767697500,1,4,93.539,28.676,125.029,83.494,88.516,86.0
130238_1767697500,1,1,35.34,-10.208,73.751,38.343,36.841,32.0
133300_1767697500,1,1,53.621,-43.027,95.045,27.167,40.394,77.0
133957_1767697800,1,3,51.593,-28.947,104.659,47.709,49.651,18.0
135081_1767697800,1,3,0.886,-4.206,19.912,98.87,49.878,77.0
132430_1767697800,1,4,64.41,1.591,120.339,66.169,65.289,70.0
133300_1767697800,1,1,26.388,-28.222,118.382,30.822,28.605,65.0
129964_1767697800,1,3,85.408,20.183,131.932,88.341,86.875,26.0
135081_1767698100,1,3,29.847,6.567,80.489,106.183,68.015,95.0
133300_1767698100,1,1,54.198,10.086,133.52,51.052,52.625,151.0
132430_1767698100,1,4,43.496,-6.016,102.864,49.531,46.513,49.0
133957_1767698100,1,3,17.377,-41.688,70.771,13.902,15.639,-47.0
131672_1767698100,1,2,80.857,50.701,108.507,36.292,58.575,27.0
129964_1767698100,1,3,56.967,-13.286,86.551,62.037,59.502,10.0
135081_1767698400,1,3,65.481,33.449,102.305,145.742,105.612,135.0
129964_1767698400,1,3,53.827,-4.692,90.935,42.214,48.021,14.0
132430_1767698400,1,4,80.699,45.579,132.287,75.757,78.228,49.0
131672_1767698400,1,2,105.345,93.562,129.12,43.429,74.387,60.0
133957_1767698400,1,3,5.507,-58.007,61.361,1.216,3.362,-69.0
133300_1767698400,1,1,141.574,55.805,225.19,98.738,120.156,225.0
131672_1767698700,1,2,121.549,114.287,137.051,62.893,92.221,82.0
129964_1767698700,1,3,-23.9,-72.394,40.871,-36.934,-30.417,0.0
135081_1767698700,1,3,119.087,85.363,174.217,124.28,121.684,126.0
133957_1767698700,1,3,-65.849,-116.42,11.045,-63.153,-64.501,-145.0
133957_1767699000,1,3,-10.706,-62.625,80.096,-36.97,-23.838,-96.0
129964_1767699000,1,3,-1.712,-46.42,53.34,-7.819,-4.765,80.0
132430_1767699000,1,3,9.0,7.768,59.507,7.834,8.417,14.0
135081_1767699000,1,3,165.745,137.954,248.618,185.304,175.524,28.0
122613_1767699000,1,3,11.98,-12.269,18.282,24.987,18.483,0.0
131672_1767699000,1,2,69.453,50.187,115.909,95.532,82.492,4.0
132430_1767699300,1,3,-17.01,-30.885,43.602,27.253,5.121,14.0
122613_1767699300,1,3,-49.244,-71.248,-37.179,-33.829,-41.537,0.0
129964_1767699300,1,3,-26.974,-46.864,25.22,-37.945,-32.459,49.0
133957_1767699300,1,3,-139.028,-144.524,-91.2,-126.878,-132.953,-249.0
131672_1767699300,1,2,39.91,4.283,77.862,40.926,40.418,40.0
135081_1767699300,1,3,120.984,59.38,176.809,125.061,123.022,45.0
131672_1767699600,1,2,-56.026,-119.15,1.397,-24.187,-40.106,-28.0
133957_1767699600,1,3,-155.827,-180.551,-53.652,-136.211,-146.019,-254.0
135081_1767699600,1,3,65.25,15.904,103.593,51.05,58.15,55.0
132430_1767699600,1,3,17.687,10.239,70.547,35.106,26.397,-87.0
122613_1767699600,1,3,-62.676,-66.469,-51.881,-35.91,-49.293,-145.0
135081_1767699900,1,3,13.525,-22.086,52.555,7.039,10.282,36.0
129964_1767699900,1,2,-12.53,-77.972,124.578,-14.326,-13.428,-53.0
132430_1767699900,1,3,56.134,28.391,59.4,49.974,53.054,-110.0
131672_1767699900,1,2,-56.538,-116.394,74.004,-46.646,-51.592,-29.0
133957_1767699900,1,3,-175.387,-177.357,-111.789,-169.811,-172.599,-158.0
122613_1767699900,1,3,41.195,-15.419,80.079,-2.979,19.108,-230.0
131672_1767700200,1,2,29.08,-56.209,171.053,24.649,26.864,-23.0
129964_1767700200,1,2,4.175,-68.455,138.27,16.653,10.414,-73.0
133957_1767700200,1,3,80.989,-14.332,104.867,-113.176,-16.094,80.0
135081_1767700200,1,3,-50.162,-93.389,-39.633,-46.041,-48.101,-24.0
132430_1767700200,1,3,-17.9,-68.668,0.151,-2.445,-10.173,-136.0
122613_1767700200,1,3,52.602,31.189,55.894,-5.547,23.527,-116.0
129964_1767700500,1,2,47.832,-9.986,132.286,53.724,50.778,90.0
132430_1767700500,1,3,-145.289,-154.33,-143.182,-111.158,-128.224,-6.0
133957_1767700500,1,3,25.336,-25.059,153.197,-35.086,-4.875,42.0
131672_1767700500,1,2,-2.271,-73.272,67.048,-5.171,-3.721,-47.0
122613_1767700500,1,3,9.825,-74.143,23.557,-81.199,-35.687,-79.0
135081_1767700500,1,3,-78.997,-119.623,-49.497,-62.937,-70.967,-98.0
122048_1767700800,1,2,-36.686,-66.674,-5.234,-58.102,-47.394,374.0
131672_1767700800,1,2,-102.393,-130.27,-43.259,-86.227,-94.31,-105.0
133300_1767700800,1,3,84.174,41.0,115.874,77.354,80.764,260.0
122613_1767700800,1,3,-109.768,-113.012,-85.525,-110.57,-110.169,-50.0
122658_1767700800,1,4,41.714,-33.11,81.421,60.963,51.339,143.0
122048_1767701100,1,2,196.719,155.917,261.786,191.821,194.27,312.0
122658_1767701100,1,4,232.775,226.746,239.358,188.148,210.461,121.0
122613_1767701100,1,3,-74.05,-83.114,-58.358,-89.561,-81.805,-155.0
131672_1767701100,1,2,-49.752,-126.133,17.011,-56.046,-52.899,-83.0
122613_1767701400,1,3,-87.102,-89.549,-59.959,-76.439,-81.77,-175.0
122048_1767701400,1,2,235.286,230.084,256.179,214.034,224.66,354.0
133300_1767701400,1,2,-69.198,-99.783,-40.423,-37.866,-53.532,-7.0
131672_1767701400,1,2,-151.025,-164.662,-90.523,-72.123,-111.574,-207.0
133300_1767701700,1,2,22.527,2.944,42.473,38.188,30.357,-7.0
122658_1767701700,1,2,-23.385,-53.98,-16.592,-27.043,-25.214,0.0
122048_1767701700,1,2,187.982,172.494,252.407,211.153,199.568,273.0
122613_1767701700,1,3,-49.34,-77.188,-7.184,-59.066,-54.203,-47.0
122658_1767702000,1,2,-14.137,-41.419,59.264,-13.4,-13.768,0.0
133300_1767702000,1,2,78.602,26.247,104.55,49.871,64.236,132.0
122613_1767702000,1,3,-116.549,-131.646,-66.589,-107.404,-111.976,-61.0
122048_1767702000,1,2,180.122,175.727,211.389,211.905,196.014,252.0
122658_1767702300,1,2,-30.987,-61.607,3.851,27.48,-1.754,0.0
122048_1767702300,1,2,143.576,133.972,207.019,201.947,172.762,158.0
122613_1767702300,1,3,-4.093,-35.655,50.57,-24.065,-14.079,66.0
133300_1767702300,1,2,65.695,14.826,129.292,45.213,55.454,114.0
133957_1767702600,1,0,45.504,-18.544,163.24,54.872,50.188,172.0
133300_1767702600,1,2,108.952,59.498,184.641,88.63,98.791,47.0
132430_1767702600,1,1,147.518,74.931,220.655,112.298,129.908,-64.0
122658_1767702600,1,2,-39.721,-56.52,-10.829,-15.595,-27.658,0.0
122048_1767702600,1,2,85.914,49.741,174.987,111.221,98.568,144.0
135081_1767702600,1,3,-52.644,-108.227,-9.687,-66.993,-59.819,-131.0
135081_1767702900,1,3,-75.153,-114.493,-17.741,-67.628,-71.39,-144.0
133300_1767702900,1,2,86.015,31.049,172.374,75.686,80.851,95.0
122658_1767702900,1,2,-39.106,-60.246,-22.955,-19.148,-29.127,0.0
122048_1767702900,1,2,80.646,47.414,184.436,122.556,101.601,138.0
133957_1767702900,1,0,24.467,-3.475,101.318,24.584,24.525,97.0
132430_1767702900,1,1,38.591,-31.946,113.828,52.676,45.633,-181.0
134040_1767703200,1,0,-73.62,-161.641,50.374,-19.966,-46.793,-35.0
122658_1767703200,1,2,-17.864,-20.01,-9.419,-3.182,-10.523,0.0
131672_1767703200,1,4,141.434,116.841,193.877,8.08,74.757,17.0
132430_1767703200,1,1,23.481,-53.048,125.037,34.891,29.186,-100.0
122048_1767703200,1,2,52.582,32.047,74.688,64.074,58.328,87.0
133957_1767703200,1,0,60.737,1.844,129.278,48.9,54.819,101.0
133300_1767703200,1,2,153.322,80.519,226.892,131.537,142.429,322.0
135081_1767703200,1,3,-71.348,-132.518,-4.47,-69.511,-70.43,-171.0
133957_1767703500,1,0,108.826,60.377,180.837,97.862,103.344,161.0
132430_1767703500,1,1,-46.608,-139.771,30.087,-46.554,-46.581,-75.0
134040_1767703500,1,0,-70.165,-81.831,-6.784,-3.352,-36.758,-35.0
122658_1767703500,1,2,-19.184,-20.134,-14.919,0.447,-9.369,0.0
131672_1767703500,1,4,146.096,132.424,235.245,48.649,97.372,76.0
122048_1767703500,1,2,24.919,15.595,48.354,49.29,37.104,84.0
135081_1767703500,1,3,-111.21,-167.544,-28.361,-90.27,-100.74,-72.0
132430_1767703800,1,1,-45.491,-60.792,-12.115,-53.136,-49.314,-58.0
122658_1767703800,1,2,-6.557,-53.883,18.849,-6.235,-6.396,103.0
135081_1767703800,1,3,-84.722,-138.324,-34.732,-104.504,-94.613,-16.0
131672_1767703800,1,4,166.028,151.501,220.842,23.727,94.878,53.0
134040_1767703800,1,0,34.483,11.687,36.722,40.97,37.727,52.0
133957_1767703800,1,0,73.625,-2.223,140.901,78.378,76.001,40.0
133300_1767703800,1,4,5.453,-18.91,74.704,-3.28,1.086,-25.0
122048_1767703800,1,2,-14.899,-17.128,4.371,33.728,9.415,84.0
131672_1767704100,1,4,113.975,56.932,190.847,100.089,107.032,192.0
132430_1767704100,1,1,-49.489,-63.89,5.549,-50.257,-49.873,-74.0
133957_1767704100,1,0,97.565,62.682,132.245,91.655,94.61,139.0
135081_1767704100,1,3,4.982,-38.743,96.94,-0.72,2.131,-27.0
122658_1767704100,1,2,19.874,-61.118,99.257,15.153,17.514,252.0
134040_1767704100,1,0,66.902,-10.196,81.267,42.218,54.56,87.0
122048_1767704100,1,2,36.364,4.088,61.533,12.893,24.628,0.0
122048_1767704400,1,2,-8.505,-8.872,-5.108,16.07,3.783,0.0
134040_1767704400,1,0,44.347,-19.628,130.422,67.693,56.02,91.0
135081_1767704400,1,3,42.945,3.71,104.537,18.419,30.682,11.0
122658_1767704400,1,2,87.127,16.98,128.171,58.255,72.691,289.0
129964_1767704400,1,4,0.542,-54.608,79.106,7.472,4.007,-106.0
122048_1767704700,1,2,-29.118,-47.417,-27.064,17.015,-6.051,0.0
132430_1767704700,1,3,-36.744,-59.005,22.094,-60.187,-48.465,16.0
134040_1767704700,1,0,67.43,-14.715,150.843,78.534,72.982,-7.0
122658_1767704700,1,2,76.533,6.276,150.692,43.127,59.83,321.0
129964_1767704700,1,4,53.317,-5.592,89.668,37.942,45.629,-150.0
134040_1767705000,1,0,51.2,-24.363,135.148,52.288,51.744,47.0
122658_1767705000,1,2,375.562,267.666,392.515,286.813,331.188,406.0
122048_1767705000,1,2,19.17,-40.388,65.021,-7.495,5.837,0.0
129964_1767705000,1,4,58.391,2.142,77.779,46.9,52.645,-165.0
132430_1767705000,1,3,41.884,2.842,194.448,16.081,28.983,16.0
132430_1767705300,1,3,0.869,-43.232,98.835,-13.876,-6.503,17.0
122048_1767705300,1,2,-13.085,-24.943,-1.456,-14.789,-13.937,0.0
129964_1767705300,1,4,38.784,13.102,39.174,-10.905,13.939,-95.0
134040_1767705300,1,0,14.668,-47.081,85.605,15.389,15.029,84.0
132430_1767705600,1,3,89.878,23.43,139.202,67.362,78.62,77.0
133957_1767705600,1,0,26.523,8.191,49.641,20.706,23.614,113.0
129964_1767705600,1,4,-44.829,-73.1,0.319,-60.338,-52.584,11.0
122658_1767705600,1,0,81.802,66.195,84.248,88.468,85.135,0.0
122048_1767705600,1,2,3.221,-18.349,8.746,-23.306,-10.043,0.0
134040_1767705600,1,0,13.479,-54.14,85.936,2.886,8.183,113.0
122613_1767705900,1,0,-33.128,-43.343,-16.508,-10.799,-21.964,0.0
133957_1767705900,1,0,47.694,19.75,103.021,43.572,45.633,123.0
132430_1767705900,1,3,56.977,4.788,101.648,56.588,56.782,57.0
129964_1767705900,1,4,-141.782,-152.981,-102.278,-133.374,-137.578,-32.0
122658_1767705900,1,0,49.589,49.461,74.715,29.435,39.512,0.0
134040_1767705900,1,0,-2.774,-63.26,51.781,0.305,-1.235,37.0
122048_1767705900,1,2,61.134,43.841,82.98,-0.041,30.547,0.0
135081_1767705900,1,2,9.284,-62.253,121.049,21.656,15.47,79.0
122048_1767706200,1,2,26.136,-7.15,42.819,10.204,18.17,0.0
131672_1767706200,1,2,14.332,-41.31,61.2,-14.086,0.123,37.0
129964_1767706200,1,4,-48.353,-90.479,30.188,-43.166,-45.76,-50.0
132430_1767706200,1,3,130.296,20.75,231.467,60.822,95.559,196.0
134040_1767706200,1,0,34.537,-12.047,103.65,32.337,33.437,123.0
134040_1767706500,1,0,56.117,-4.384,131.43,78.248,67.182,172.0
132430_1767706500,1,3,94.452,-2.488,182.067,78.48,86.466,103.0
131672_1767706500,1,2,86.866,41.136,109.972,83.493,85.179,131.0
122048_1767706500,1,2,21.875,-15.158,47.686,1.116,11.496,0.0
129964_1767706500,1,4,-16.885,-84.1,32.0,-7.331,-12.108,-51.0
129964_1767706800,1,4,-2.825,-82.315,68.061,-25.125,-13.975,-34.0
134040_1767706800,1,0,179.212,79.394,234.468,134.145,156.678,317.0
122048_1767706800,1,2,50.983,36.645,57.424,8.233,29.608,0.0
132430_1767706800,1,3,76.557,-11.772,187.237,66.755,71.656,53.0
134040_1767707100,1,0,76.186,9.708,147.184,99.66,87.923,231.0
129964_1767707100,1,4,-27.125,-75.373,34.607,-48.46,-37.792,25.0
122048_1767707100,1,2,-18.185,-32.723,-14.159,-29.166,-23.675,0.0
132430_1767707100,1,3,127.96,46.211,210.967,108.233,118.096,78.0
122048_1767707400,1,2,-23.111,-55.929,-20.869,-21.254,-22.183,0.0
134040_1767707400,1,0,149.565,89.233,201.447,131.79,140.677,234.0
129964_1767707400,1,4,-28.329,-96.191,66.833,-40.764,-34.547,-62.0
132430_1767707400,1,3,84.641,-13.462,166.969,41.084,62.863,39.0
122048_1767707700,1,2,8.216,5.937,16.937,6.78,7.498,0.0
134040_1767707700,1,0,150.23,88.525,232.735,169.786,160.008,200.0
132430_1767707700,1,3,112.821,45.947,211.986,103.969,108.395,58.0
129964_1767707700,1,4,-6.724,-61.616,64.12,-5.321,-6.023,5.0
133957_1767708000,1,2,212.158,130.741,296.955,191.233,201.695,253.0
132430_1767708000,1,3,130.366,37.136,210.803,119.529,124.947,192.0
129964_1767708000,1,4,16.623,-64.831,112.481,-4.965,5.829,-6.0
122613_1767708000,1,2,10.498,-0.303,16.755,9.274,9.886,0.0
135081_1767708000,1,3,201.141,89.896,298.118,196.868,199.004,19.0
133957_1767708300,1,2,140.681,74.368,198.612,100.983,120.832,180.0
122613_1767708300,1,2,-14.188,-48.936,-5.768,-12.779,-13.484,0.0
132430_1767708300,1,3,69.384,-8.207,158.596,53.076,61.23,68.0
135081_1767708300,1,3,62.467,-17.091,179.368,35.789,49.128,-36.0
129964_1767708600,1,2,-71.082,-133.981,20.044,-84.272,-77.677,-114.0
122613_1767708600,1,2,-58.497,-65.127,-53.729,-60.601,-59.549,-77.0
135081_1767708600,1,3,14.402,-56.154,69.668,24.289,19.346,-19.0
131672_1767708600,1,1,75.175,-2.553,118.805,63.933,69.554,60.0
132430_1767708600,1,3,57.795,-14.731,163.959,47.774,52.785,-7.0
133957_1767708600,1,2,130.707,101.158,174.347,114.027,122.367,238.0
131672_1767708900,1,1,86.744,12.146,188.135,92.229,89.487,90.0
132430_1767708900,1,3,94.649,13.777,188.182,91.577,93.113,115.0
122613_1767708900,1,2,-40.879,-56.459,5.716,-14.752,-27.816,0.0
135081_1767708900,1,3,-2.843,-61.227,52.777,5.935,1.546,-17.0
129964_1767708900,1,2,-30.022,-108.129,70.091,1.682,-14.17,-106.0
133957_1767708900,1,2,133.095,73.427,220.288,122.102,127.599,170.0
132430_1767709200,1,3,33.89,-41.138,107.937,49.654,41.772,98.0
122613_1767709200,1,2,-7.194,-15.031,4.304,-0.738,-3.966,0.0
135081_1767709200,1,3,-51.569,-117.426,39.932,-62.391,-56.98,-17.0
133957_1767709200,1,2,101.497,89.144,135.223,83.439,92.468,81.0
131672_1767709200,1,1,103.207,33.762,160.489,88.908,96.057,91.0
129964_1767709200,1,2,-33.123,-78.68,47.269,3.365,-14.879,-77.0
131672_1767709500,1,1,143.862,87.982,214.306,104.795,124.329,115.0
132430_1767709500,1,3,93.953,35.973,176.8,106.989,100.471,158.0
122613_1767709500,1,2,-9.515,-36.368,14.9,-2.419,-5.967,0.0
135081_1767709500,1,3,-70.644,-126.044,21.748,-57.943,-64.293,-102.0
129964_1767709500,1,2,-58.062,-92.476,-15.278,-85.951,-72.006,-93.0
122613_1767709800,1,2,-8.6,-21.014,11.279,5.849,-1.376,0.0
135081_1767709800,1,3,-30.076,-117.586,49.584,-22.112,-26.094,-84.0
134040_1767709800,1,2,53.5,-11.693,146.352,58.897,56.199,79.0
132430_1767709800,1,3,108.109,58.971,172.443,110.03,109.07,137.0
129964_1767709800,1,2,-26.865,-69.459,7.645,-18.471,-22.668,-69.0
122613_1767710100,1,2,6.062,2.135,8.109,12.158,9.11,0.0
129964_1767710100,1,2,-31.66,-96.205,22.155,-35.386,-33.523,-42.0
135081_1767710100,1,3,-15.802,-72.836,45.058,-19.688,-17.745,-126.0
134040_1767710100,1,2,0.764,-55.786,89.937,8.508,4.636,4.0
122613_1767710400,1,2,-25.746,-35.594,-20.574,-14.432,-20.089,0.0
132430_1767710400,1,4,0.356,-8.347,45.282,11.897,6.127,23.0
134040_1767710400,1,2,31.813,-13.616,113.621,44.834,38.324,68.0
129964_1767710400,1,2,-99.75,-169.798,-11.865,-109.617,-104.684,-145.0
135081_1767710400,1,3,-57.406,-104.249,-23.625,-38.838,-48.122,-128.0
135081_1767710700,1,3,-118.582,-175.834,-39.743,-110.265,-114.424,-145.0
122613_1767710700,1,2,22.124,16.628,22.783,15.534,18.829,0.0
134040_1767710700,1,2,55.396,9.332,140.244,52.502,53.949,87.0
132430_1767710700,1,4,18.62,17.019,29.409,8.344,13.482,23.0
129964_1767710700,1,2,-72.77,-106.167,-19.398,-58.67,-65.72,-127.0
134040_1767711000,1,2,76.337,12.284,168.09,80.976,78.657,187.0
129964_1767711000,1,2,-56.607,-119.763,3.055,-65.362,-60.984,-207.0
132430_1767711000,1,4,60.11,6.922,94.48,62.235,61.173,47.0
122613_1767711000,1,2,3.096,-30.349,8.392,0.384,1.74,0.0
135081_1767711000,1,3,-102.92,-154.456,-19.033,-83.694,-93.307,-175.0
134040_1767711300,1,2,73.861,28.541,166.045,85.343,79.602,267.0
129964_1767711300,1,2,-41.249,-93.491,-32.799,-48.235,-44.742,-66.0
122613_1767711300,1,2,62.21,58.688,67.404,39.197,50.703,0.0
132430_1767711300,1,4,74.739,27.245,118.853,58.538,66.639,33.0
135081_1767711300,1,3,-83.739,-137.498,-45.569,-52.783,-68.261,-168.0
135081_1767711600,1,3,-50.131,-123.777,31.254,-77.335,-63.733,11.0
131672_1767711600,1,4,-31.765,-94.85,72.187,-47.494,-39.63,-47.0
133957_1767711600,1,3,148.306,31.72,256.602,130.008,139.157,26.0
132430_1767711600,1,4,108.657,103.662,114.204,77.085,92.871,171.0
134040_1767711600,1,2,84.02,39.096,169.08,86.48,85.25,199.0
133957_1767711900,1,3,106.125,-7.959,186.377,94.564,100.344,17.0
134040_1767711900,1,2,185.942,119.981,258.776,189.456,187.699,181.0
131672_1767711900,1,4,-66.337,-114.801,24.872,-32.948,-49.642,-52.0
132430_1767711900,1,4,105.793,16.11,193.068,90.221,98.007,384.0
135081_1767711900,1,3,30.846,-38.56,134.823,-9.282,10.782,-12.0
132430_1767712200,1,4,111.511,30.621,201.144,103.319,107.415,291.0
135081_1767712200,1,3,45.23,-9.573,109.387,39.831,42.531,-28.0
133300_1767712200,1,4,36.248,12.288,65.522,42.927,39.587,-35.0
134040_1767712200,1,2,191.609,76.318,300.029,175.862,183.736,202.0
133957_1767712200,1,3,22.929,-38.692,92.564,22.325,22.627,28.0
133957_1767712500,1,3,9.415,-60.296,77.829,5.905,7.66,-36.0
135081_1767712500,1,3,-8.327,-19.338,37.547,-13.934,-11.131,59.0
133300_1767712500,1,4,71.481,53.116,86.52,63.912,67.696,-35.0
132430_1767712500,1,4,172.76,101.574,283.753,152.227,162.493,226.0
134040_1767712500,1,2,153.508,105.432,178.274,173.797,163.653,199.0
130238_1767712500,1,4,26.464,-36.44,26.996,34.841,30.653,10.0
134040_1767712800,1,2,139.566,47.825,188.521,102.147,120.857,183.0
130238_1767712800,1,4,56.429,11.538,62.056,67.339,61.884,-40.0
132430_1767712800,1,4,230.733,177.529,335.195,224.538,227.636,258.0
133300_1767712800,1,4,108.865,98.447,135.736,79.813,94.339,36.0
133957_1767712800,1,3,-40.37,-98.819,27.168,-20.028,-30.199,-93.0
134040_1767713100,1,2,97.852,70.123,208.276,113.225,105.539,91.0
130238_1767713100,1,4,50.425,48.859,82.807,64.491,57.458,-124.0
132430_1767713100,1,4,181.106,161.423,254.968,195.808,188.457,199.0
133300_1767713100,1,4,33.278,-23.814,100.732,37.566,35.422,-9.0
133957_1767713100,1,3,2.597,-40.569,82.448,19.472,11.034,74.0
122658_1767713100,1,2,33.243,13.596,49.004,3.432,18.338,27.0
122613_1767713400,1,2,28.456,-7.61,52.677,35.232,31.844,0.0
122658_1767713400,1,2,115.753,88.817,142.623,36.687,76.22,86.0
131672_1767713400,1,3,33.36,-22.81,67.333,29.743,31.551,12.0
130238_1767713400,1,4,-23.406,-73.636,51.551,10.482,-6.462,-99.0
133957_1767713400,1,3,-54.327,-108.833,21.405,-31.221,-42.774,75.0
122048_1767713400,1,4,11.624,-5.578,24.45,24.524,18.074,0.0
129964_1767713400,1,2,30.586,28.976,71.704,39.568,35.077,-129.0
122613_1767713700,1,2,23.892,-39.711,80.915,21.6,22.746,0.0
131672_1767713700,1,3,7.285,-38.275,62.715,6.432,6.858,86.0
129964_1767713700,1,2,-82.678,-106.827,-23.637,-32.715,-57.696,-33.0
133957_1767713700,1,3,16.949,-4.103,76.8,29.171,23.06,-11.0
122658_1767713700,1,2,130.312,108.697,138.267,25.428,77.87,159.0
122048_1767713700,1,4,-15.374,-39.425,6.636,9.542,-2.916,0.0
130238_1767713700,1,4,-35.919,-100.435,20.449,-66.985,-51.452,-47.0
122613_1767714000,1,2,-3.955,-27.063,23.816,-4.55,-4.252,0.0
131672_1767714000,1,3,14.877,-48.549,85.56,9.24,12.059,67.0
122048_1767714000,1,4,-26.789,-50.035,-11.809,-11.765,-19.277,0.0
130238_1767714000,1,4,-72.456,-146.615,9.842,-63.159,-67.807,-41.0
122658_1767714000,1,2,216.528,171.169,280.088,155.576,186.052,225.0
129964_1767714000,1,2,-20.608,-38.427,15.423,-9.521,-15.064,25.0
122613_1767714300,1,2,-10.653,-47.882,-10.019,-13.263,-11.958,0.0
130238_1767714300,1,4,-110.518,-146.96,-64.679,-70.656,-90.587,-45.0
129964_1767714300,1,2,81.826,21.838,154.232,33.588,57.707,8.0
122048_1767714300,1,4,-17.022,-48.65,-6.141,4.101,-6.461,0.0
131672_1767714300,1,3,63.328,26.646,159.437,71.861,67.595,70.0
122658_1767714300,1,2,102.321,32.385,152.031,85.356,93.839,348.0
122048_1767714600,1,4,-41.008,-46.672,-40.837,-24.077,-32.542,0.0
129964_1767714600,1,2,-6.428,-77.429,74.061,0.4,-3.014,-49.0
122613_1767714600,1,2,-34.019,-44.488,-12.561,-17.668,-25.843,0.0
130238_1767714600,1,4,-70.319,-132.219,-1.043,-65.64,-67.98,-30.0
122658_1767714600,1,2,139.553,73.418,166.066,146.391,142.972,362.0
131672_1767714600,1,3,52.887,-3.024,94.224,49.039,50.963,13.0
122613_1767714900,1,2,-22.151,-41.904,8.232,7.672,-7.24,0.0
130238_1767714900,1,4,19.261,-41.257,81.661,5.594,12.427,-78.0
122658_1767714900,1,2,-43.811,-51.091,-35.977,-7.048,-25.43,2.0
129964_1767714900,1,2,8.924,-48.32,80.335,28.804,18.864,-82.0
122048_1767714900,1,4,14.296,-12.785,26.823,9.386,11.841,0.0
131672_1767714900,1,3,-54.144,-112.578,12.507,-29.884,-42.014,-150.0
122048_1767715200,1,4,35.805,16.971,38.695,21.682,28.743,0.0
122658_1767715200,1,2,51.057,47.183,79.164,120.911,85.984,0.0
132430_1767715200,1,3,291.697,237.28,339.67,325.927,308.812,485.0
122613_1767715200,1,2,-18.517,-66.633,2.446,-11.276,-14.897,0.0
133300_1767715200,1,2,87.081,30.908,148.034,91.845,89.463,22.0
129964_1767715200,1,2,-40.33,-83.307,40.23,-21.749,-31.039,-134.0
130238_1767715200,1,4,-30.777,-49.056,14.984,-34.936,-32.857,-97.0
122658_1767715500,1,2,155.492,153.418,157.666,186.576,171.034,0.0
132430_1767715500,1,3,326.756,281.833,399.973,343.189,334.972,483.0
122048_1767715500,1,4,39.105,-15.654,65.691,9.839,24.472,0.0
129964_1767715500,1,2,-46.732,-92.867,34.592,-43.025,-44.879,-115.0
122613_1767715500,1,2,-75.279,-89.952,-63.507,-38.795,-57.037,0.0
133300_1767715500,1,2,72.078,49.117,130.968,62.36,67.219,-24.0
122613_1767715800,1,2,-33.201,-97.923,30.88,-5.114,-19.157,-18.0
133300_1767715800,1,2,26.972,6.918,112.766,36.242,31.607,-87.0
122048_1767715800,1,4,34.237,-6.36,53.704,-4.841,14.698,0.0
122658_1767715800,1,2,-65.452,-76.163,-51.261,-1.86,-33.656,0.0
129964_1767715800,1,2,-59.216,-137.306,-14.769,-73.733,-66.475,-2.0
133300_1767716100,1,2,-33.679,-75.462,49.135,-27.016,-30.347,-38.0
122613_1767716100,1,2,44.078,-36.286,155.891,29.605,36.841,11.0
129964_1767716100,1,2,-94.294,-152.676,-30.47,-89.548,-91.921,-46.0
122048_1767716100,1,4,46.69,-0.962,76.685,-1.501,22.594,0.0
122658_1767716100,1,2,4.222,-1.806,7.115,3.991,4.106,0.0
133300_1767716400,1,2,3.549,-45.318,103.021,-3.179,0.185,207.0
122048_1767716400,1,4,39.529,36.722,49.791,9.878,24.704,0.0
129964_1767716400,1,2,-34.591,-79.674,27.999,-25.565,-30.078,-13.0
133957_1767716400,1,1,58.661,58.232,101.574,76.969,67.815,115.0
122613_1767716400,1,2,-13.568,-77.722,55.665,6.205,-3.681,-88.0
130238_1767716400,1,4,31.478,5.675,35.8,44.096,37.787,98.0
122658_1767716400,1,2,-22.992,-24.973,-12.084,-13.356,-18.174,0.0
122613_1767716700,1,2,39.183,-0.46,131.865,59.647,49.415,-27.0
133957_1767716700,1,1,80.259,52.492,149.344,90.127,85.193,104.0
130238_1767716700,1,4,41.1,-1.502,51.274,1.916,21.508,9.0
122048_1767716700,1,4,-12.737,-17.726,-9.767,-10.603,-11.67,0.0
129964_1767716700,1,2,-8.563,-41.043,34.66,-16.585,-12.574,303.0
122658_1767716700,1,2,-32.677,-33.548,-29.26,-1.632,-17.155,0.0
122658_1767717000,1,2,10.123,-45.956,34.725,-7.916,1.103,0.0
130238_1767717000,1,4,48.912,42.37,145.261,28.265,38.588,-55.0
135081_1767717000,1,2,65.843,20.492,119.615,70.849,68.346,92.0
122613_1767717000,1,2,-3.682,-56.879,35.003,-18.979,-11.331,-62.0
129964_1767717300,1,2,-3.119,-97.939,72.372,-38.485,-20.802,-111.0
135081_1767717300,1,2,38.8,-41.259,115.872,48.223,43.511,-22.0
130238_1767717300,1,4,93.44,44.033,182.716,62.397,77.918,-41.0
122613_1767717300,1,2,-7.378,-38.984,62.383,-2.223,-4.801,-54.0
122613_1767717600,1,2,1.024,-52.755,51.871,-22.936,-10.956,-11.0
130238_1767717600,1,4,-46.531,-74.414,14.68,-40.228,-43.379,-57.0
135081_1767717600,1,2,63.743,6.408,162.901,70.028,66.886,-133.0
129964_1767717600,1,2,-68.302,-138.895,39.168,-20.059,-44.18,-126.0
122658_1767717600,1,4,34.309,23.539,46.554,34.884,34.597,-46.0
135081_1767717900,1,2,-57.07,-108.866,56.353,-40.434,-48.752,-127.0
122613_1767717900,1,2,-44.619,-112.573,-2.238,-56.336,-50.477,55.0
122658_1767717900,1,4,29.219,-25.558,76.097,15.693,22.456,38.0
129964_1767717900,1,2,-49.827,-85.159,42.926,-9.044,-29.435,38.0
130238_1767717900,1,4,-61.939,-93.702,6.318,-52.001,-56.97,-92.0
129964_1767718200,1,2,-59.354,-92.025,5.781,-75.954,-67.654,57.0
130238_1767718200,1,4,-31.82,-89.048,16.671,-36.23,-34.025,-38.0
122613_1767718200,1,2,63.36,32.755,74.788,33.394,48.377,72.0
122658_1767718200,1,4,38.25,17.142,78.122,23.652,30.951,39.0
135081_1767718200,1,2,-49.741,-113.363,2.154,-53.258,-51.5,-51.0
122658_1767718500,1,4,98.825,23.451,165.171,85.814,92.319,63.0
122613_1767718500,1,2,120.832,119.647,129.761,81.058,100.945,72.0
129964_1767718500,1,2,48.452,7.174,112.772,49.774,49.113,71.0
135081_1767718500,1,2,-48.718,-103.376,7.122,-67.968,-58.343,-77.0
130238_1767718500,1,4,0.834,-38.087,41.377,-20.091,-9.628,-3.0
130238_1767718800,1,4,-41.07,-73.099,1.302,-58.778,-49.924,-85.0
133957_1767718800,1,3,-48.415,-105.463,27.21,-25.896,-37.156,-35.0
122658_1767718800,1,4,-1.721,-60.689,91.197,-42.146,-21.934,107.0
129964_1767718800,1,2,97.102,39.303,160.087,107.769,102.435,39.0
135081_1767718800,1,2,-70.561,-122.534,6.749,-71.91,-71.235,-153.0
133300_1767718800,1,3,78.212,15.772,150.429,50.999,64.605,231.0
129964_1767719100,1,2,-20.442,-56.757,56.449,-24.529,-22.485,-44.0
135081_1767719100,1,2,4.512,-44.889,67.146,-2.407,1.052,-144.0
130238_1767719100,1,4,-61.613,-95.795,26.779,-46.551,-54.082,99.0
133957_1767719100,1,3,-88.215,-124.227,-18.509,-57.131,-72.673,-113.0
122658_1767719100,1,4,172.406,152.911,203.812,116.799,144.602,88.0
122658_1767719400,1,4,19.32,3.808,44.667,40.015,29.667,0.0
135081_1767719400,1,2,-55.254,-112.013,23.663,-50.951,-53.102,-123.0
133957_1767719400,1,3,0.852,-47.202,78.28,0.932,0.892,-174.0
130238_1767719400,1,4,-62.115,-68.033,19.749,-63.504,-62.809,160.0
133300_1767719400,1,1,1.96,-10.471,64.931,21.217,11.588,-24.0
129964_1767719400,1,2,-20.316,-77.061,76.606,-16.477,-18.397,-130.0
135081_1767719700,1,2,-138.698,-175.558,-78.25,-140.747,-139.722,-137.0
122658_1767719700,1,4,-23.258,-48.904,-19.008,-32.636,-27.947,0.0
130238_1767719700,1,4,-42.094,-90.057,2.486,-54.755,-48.424,134.0
129964_1767719700,1,2,-43.362,-119.625,45.719,-28.926,-36.144,-135.0
133957_1767719700,1,3,-92.191,-131.177,-34.339,-57.451,-74.821,-173.0
133300_1767719700,1,1,48.437,18.345,127.289,52.855,50.646,22.0
133300_1767720000,1,1,68.897,13.183,129.066,92.701,80.799,-46.0
122048_1767720000,1,4,-56.484,-114.122,-17.953,-26.12,-41.302,-336.0
133957_1767720000,1,3,-123.74,-160.349,-36.884,-105.084,-114.412,-218.0
130238_1767720000,1,4,104.703,32.349,177.919,93.544,99.123,35.0
122658_1767720000,1,4,-3.56,-3.855,3.343,-4.21,-3.885,0.0
129964_1767720000,1,2,-38.749,-117.796,36.495,-57.863,-48.306,-14.0
135081_1767720000,1,2,-167.624,-230.726,-91.965,-144.704,-156.164,-199.0
133300_1767720300,1,1,36.799,-9.801,128.201,38.573,37.686,-26.0
129964_1767720300,1,2,-63.049,-151.24,12.601,-80.619,-71.834,-105.0
135081_1767720300,1,2,-194.225,-222.694,-92.363,-151.598,-172.912,-231.0
122048_1767720300,1,4,-48.789,-100.896,-5.478,-8.107,-28.448,-130.0
130238_1767720300,1,4,56.884,15.599,150.124,61.619,59.252,41.0
122658_1767720300,1,4,-9.246,-37.82,13.26,-0.527,-4.887,0.0
122048_1767720600,1,4,-19.901,-21.041,-6.491,10.45,-4.725,-32.0
129964_1767720600,1,2,-37.411,-95.948,13.632,-31.14,-34.275,-10.0
122658_1767720600,1,4,-8.896,-45.734,18.312,5.923,-1.487,0.0
135081_1767720600,1,2,-55.233,-110.762,-34.636,-69.972,-62.602,-180.0
130238_1767720600,1,4,4.176,-21.108,43.481,16.256,10.216,-64.0
122048_1767720900,1,4,-104.34,-149.954,-30.367,-75.308,-89.824,-32.0
135081_1767720900,1,2,-105.821,-180.108,-12.14,-122.59,-114.205,-34.0
133957_1767720900,1,1,9.732,-7.443,35.836,-3.769,2.981,67.0
130238_1767720900,1,4,-11.006,-42.794,44.983,18.504,3.749,-125.0
122658_1767720900,1,4,20.67,-70.436,90.52,17.923,19.297,0.0
129964_1767720900,1,2,-42.989,-86.481,16.849,-54.684,-48.837,49.0
130238_1767721200,1,4,21.849,-22.274,65.197,48.169,35.009,-103.0
133957_1767721200,1,1,89.13,38.348,108.079,30.921,60.025,28.0
122048_1767721200,1,4,-6.811,-31.0,18.221,36.984,15.087,-108.0
122658_1767721200,1,4,4.39,-97.94,78.423,12.181,8.286,0.0
135081_1767721200,1,2,-18.081,-40.096,-14.714,-34.023,-26.052,4.0
135081_1767721500,1,2,10.118,-65.708,75.269,-13.916,-1.899,12.0
122048_1767721500,1,4,-34.072,-54.031,-19.205,-31.05,-32.561,-141.0
130238_1767721500,1,4,-24.415,-46.137,14.119,-9.461,-16.938,-170.0
133957_1767721500,1,1,96.236,75.876,107.111,50.016,73.126,83.0
122048_1767721800,1,4,-40.227,-69.081,-21.589,-34.436,-37.331,-174.0
133957_1767721800,1,1,78.304,68.154,137.095,60.075,69.189,-28.0
135081_1767721800,1,2,25.023,24.5,76.058,-1.902,11.56,48.0
122048_1767722100,1,4,-7.412,-13.466,7.416,-28.913,-18.163,-157.0
133957_1767722100,1,1,14.512,-4.67,146.689,28.437,21.475,-73.0
132430_1767722400,1,2,366.085,271.79,423.632,376.782,371.433,380.0
133300_1767722400,1,1,119.528,89.731,138.633,83.859,101.693,310.0
134040_1767722400,1,4,102.066,52.479,144.925,70.817,86.442,107.0
122048_1767722400,1,4,-57.912,-153.504,37.341,-43.918,-50.915,-146.0
134040_1767722700,1,4,85.653,73.641,118.521,94.311,89.982,295.0
133300_1767722700,1,1,284.992,254.092,322.348,258.696,271.844,406.0
122048_1767722700,1,4,-47.93,-93.631,7.161,-44.812,-46.371,-104.0
132430_1767722700,1,2,451.679,419.775,514.558,453.991,452.835,324.0
133300_1767723000,1,1,478.815,436.225,503.093,402.723,440.769,580.0
134040_1767723000,1,4,170.863,90.862,256.194,146.382,158.622,407.0
122048_1767723000,1,4,-35.94,-46.58,0.871,-30.857,-33.398,-70.0
132430_1767723000,1,2,556.011,491.236,556.388,487.476,521.744,452.0
132430_1767723300,1,2,338.024,264.422,454.194,397.516,367.77,333.0
122048_1767723300,1,4,102.149,52.836,106.728,39.634,70.891,48.0
134040_1767723300,1,4,171.588,151.759,229.842,201.646,186.617,342.0
122048_1767723600,1,4,83.266,54.757,136.741,23.175,53.22,66.0
134040_1767723600,1,4,401.381,358.366,408.77,378.584,389.983,401.0
132430_1767723600,1,2,442.191,411.974,443.383,457.093,449.642,310.0
133300_1767723600,1,3,8.469,0.912,30.231,54.99,31.73,-5.0
122048_1767723900,1,4,133.738,128.412,185.971,120.915,127.326,50.0
132430_1767723900,1,2,444.761,389.877,457.251,458.594,451.677,285.0
134040_1767723900,1,4,334.888,240.024,384.78,323.815,329.351,487.0
132430_1767724200,1,2,349.035,265.068,360.584,339.858,344.446,309.0
134040_1767724200,1,4,360.145,322.652,375.593,346.342,353.243,465.0
122048_1767724200,1,4,128.227,106.217,202.16,120.803,124.515,35.0
131672_1767724200,1,2,358.556,239.297,412.713,373.09,365.823,368.0
131672_1767724500,1,2,346.47,280.18,393.81,382.33,364.4,365.0
122048_1767724500,1,4,69.822,24.52,91.841,67.112,68.467,133.0
134040_1767724500,1,4,309.992,307.229,366.679,312.477,311.235,409.0
132430_1767724500,1,2,386.795,296.505,404.253,399.937,393.366,299.0
132430_1767724800,1,2,185.923,118.846,235.873,292.466,239.195,45.0
122048_1767724800,1,4,54.511,41.825,59.082,26.281,40.396,250.0
132430_1767725100,1,2,191.24,157.093,228.366,251.011,221.126,45.0
122048_1767725100,1,4,141.19,131.51,148.346,156.846,149.018,274.0
132430_1767725400,1,2,121.643,38.062,149.447,164.259,142.951,-1.0
122048_1767725400,1,4,318.218,297.166,319.936,315.544,316.881,356.0
122048_1767725700,1,4,258.86,178.457,301.801,278.749,268.805,417.0
132430_1767725700,1,2,125.004,36.463,156.1,86.984,105.994,27.0
122048_1767726000,1,4,325.329,281.525,339.092,332.534,328.931,481.0
135081_1767726000,1,1,164.584,95.625,267.82,195.895,180.239,311.0
122048_1767726300,1,4,314.66,286.042,350.238,309.756,312.208,523.0
135081_1767726300,1,1,211.652,110.217,311.565,228.132,219.892,146.0
135081_1767726600,1,1,184.312,88.172,282.054,167.612,175.962,53.0
131672_1767726900,1,0,69.669,49.753,79.482,81.173,75.421,-3.0
135081_1767726900,1,1,105.416,10.972,216.425,115.455,110.436,-68.0
131672_1767727200,1,0,73.559,51.987,147.089,93.954,83.757,-9.0
122048_1767727200,1,4,174.701,137.507,227.409,207.74,191.221,-54.0
135081_1767727200,1,1,109.514,8.956,194.168,120.578,115.046,-32.0
135081_1767727500,1,1,-1.654,-77.263,97.0,-15.836,-8.745,-15.0
131672_1767727500,1,0,144.486,134.071,187.352,167.67,156.078,163.0
131672_1767727800,1,0,219.302,212.545,224.666,116.276,167.789,302.0
131672_1767728100,1,0,186.15,134.362,243.628,163.058,174.604,382.0
131672_1767728400,1,0,186.805,77.804,263.725,188.774,187.789,359.0
122048_1767728700,1,4,-45.117,-68.632,7.327,-40.523,-42.82,-348.0
131672_1767728700,1,0,305.516,227.545,353.256,257.911,281.714,492.0
133957_1767729000,1,2,-3.655,-92.282,32.66,44.247,20.296,39.0
122048_1767729000,1,4,-28.591,-63.215,6.595,-23.301,-25.946,-142.0
131672_1767729000,1,0,366.581,323.9,426.329,338.48,352.53,533.0
122048_1767729300,1,4,-7.461,-32.313,50.379,-9.591,-8.526,36.0
131672_1767729300,1,0,418.987,342.156,456.258,396.982,407.985,478.0
133957_1767729300,1,2,21.289,-72.392,68.513,51.178,36.233,171.0
131672_1767729600,1,0,476.946,462.37,479.007,458.58,467.763,557.0
133957_1767729600,1,2,64.871,7.13,95.369,94.026,79.449,141.0
122048_1767729600,1,4,-28.904,-71.784,3.448,-28.28,-28.592,41.0
132430_1767729600,1,3,54.194,-8.12,120.554,37.654,45.924,21.0
122048_1767729900,1,4,63.998,38.501,84.859,51.945,57.971,93.0
133957_1767729900,1,2,199.112,165.72,263.94,203.311,201.211,126.0
132430_1767729900,1,3,37.515,-1.371,121.266,32.008,34.761,177.0
122048_1767730200,1,4,128.779,57.654,198.803,104.356,116.567,99.0
130072_1767730200,1,3,-10.046,-10.858,15.814,-10.371,-10.208,60.0
133957_1767730200,1,2,204.13,120.313,302.603,171.736,187.933,83.0
132430_1767730200,1,3,41.513,18.089,92.967,24.699,33.106,173.0
133957_1767730500,1,2,170.083,91.751,276.89,171.423,170.753,53.0
122048_1767730500,1,4,118.222,80.166,142.821,97.562,107.892,-3.0
132430_1767730500,1,3,51.685,-12.274,123.706,36.166,43.926,146.0
130072_1767730500,1,3,-11.331,-24.244,23.781,4.989,-3.171,60.0
130072_1767730800,1,3,11.346,-5.941,67.363,36.534,23.94,106.0
122048_1767730800,1,4,93.064,51.568,139.714,89.794,91.429,25.0
133957_1767730800,1,2,111.381,64.509,183.815,112.811,112.096,38.0
132430_1767730800,1,3,197.183,110.798,282.155,196.996,197.09,234.0
133957_1767731100,1,2,89.342,2.709,199.782,70.722,80.032,59.0
130072_1767731100,1,3,53.972,32.602,145.569,83.279,68.626,22.0
122048_1767731100,1,4,46.282,-6.456,90.991,31.446,38.864,4.0
132430_1767731100,1,3,277.357,236.624,322.994,239.098,258.228,277.0
132430_1767731400,1,3,242.229,176.936,327.78,246.375,244.302,192.0
133957_1767731400,1,2,20.516,-39.792,77.657,11.985,16.251,46.0
130072_1767731400,1,3,57.038,28.642,174.898,83.565,70.302,49.0
133957_1767731700,1,2,93.03,9.322,157.312,73.968,83.499,116.0
130072_1767731700,1,3,-12.566,-32.597,78.068,2.915,-4.826,78.0
132430_1767731700,1,3,260.791,152.36,337.002,242.557,251.674,201.0
131672_1767732000,1,0,279.751,205.966,298.934,306.682,293.217,32.0
132430_1767732000,1,3,255.761,181.74,314.411,235.47,245.616,167.0
130072_1767732000,1,3,50.356,-8.203,122.833,45.092,47.724,158.0
133957_1767732000,1,2,79.14,26.334,165.135,68.477,73.809,129.0
130072_1767732300,1,3,25.824,-54.144,90.305,20.891,23.358,161.0
132430_1767732300,1,3,177.568,113.656,245.655,182.44,180.004,337.0
131672_1767732300,1,0,313.217,287.596,322.953,317.652,315.434,16.0
132430_1767732600,1,3,198.683,140.469,281.282,197.691,198.187,338.0
133957_1767732600,1,1,-28.473,-103.709,79.023,-20.09,-24.281,39.0
131672_1767732600,1,0,341.719,339.23,371.799,377.844,359.782,34.0
135081_1767732600,1,1,48.851,-63.605,111.043,37.811,43.331,79.0
130072_1767732600,1,3,174.735,101.001,240.748,191.291,183.013,226.0
131672_1767732900,1,0,121.016,101.336,176.738,81.512,101.264,41.0
133957_1767732900,1,1,24.327,-35.374,104.934,43.495,33.911,-49.0
130072_1767732900,1,3,139.423,91.013,180.191,192.827,166.125,187.0
132430_1767732900,1,3,316.462,275.538,365.234,326.714,321.588,238.0
135081_1767732900,1,1,98.317,-20.245,155.721,49.67,73.993,136.0
130072_1767733200,1,3,83.321,68.094,88.495,91.883,87.602,125.0
135081_1767733200,1,1,150.457,58.134,181.08,109.024,129.741,40.0
133957_1767733200,1,1,39.567,0.886,83.676,80.322,59.945,59.0
122048_1767733200,1,4,-6.045,-6.583,6.962,18.17,6.063,0.0
132430_1767733200,1,3,240.842,237.292,270.699,305.65,273.246,153.0
130072_1767733500,1,3,76.553,14.358,125.882,70.56,73.556,125.0
122048_1767733500,1,4,2.94,-3.472,16.091,10.212,6.576,0.0
132430_1767733500,1,3,283.423,218.673,328.466,293.405,288.414,168.0
133957_1767733500,1,1,9.788,-44.782,82.226,23.599,16.694,28.0
135081_1767733500,1,1,147.211,65.308,241.716,143.459,145.335,44.0
130072_1767733800,1,3,63.508,57.44,75.722,55.946,59.727,168.0
135081_1767733800,1,1,109.863,49.559,168.745,99.534,104.699,51.0
133957_1767733800,1,1,5.635,-19.713,97.143,-3.407,1.114,15.0
122048_1767733800,1,4,29.748,-5.135,69.276,4.437,17.092,0.0
132430_1767733800,1,3,169.197,137.981,199.101,181.429,175.313,179.0
135081_1767734100,1,1,-14.562,-99.597,54.175,-17.964,-16.263,-16.0
133957_1767734100,1,1,58.063,16.574,141.893,39.394,48.728,45.0
130072_1767734100,1,3,60.685,-3.344,86.967,52.971,56.828,195.0
122048_1767734100,1,4,0.615,-5.48,3.67,11.695,6.155,0.0
132430_1767734100,1,3,203.844,146.103,222.01,203.387,203.615,96.0
133957_1767734400,1,1,18.265,-9.521,91.875,13.153,15.709,7.0
135081_1767734400,1,1,14.215,-59.394,103.898,2.236,8.226,-59.0
122048_1767734400,1,4,-1.948,-12.473,0.448,-2.04,-1.994,0.0
130072_1767734400,1,3,19.18,6.429,23.15,49.341,34.261,163.0
135081_1767734700,1,1,-19.081,-86.938,60.32,-19.523,-19.302,-170.0
130072_1767734700,1,3,-9.232,-26.212,11.492,7.6,-0.816,0.0
122048_1767734700,1,4,17.801,11.268,42.898,32.237,25.019,0.0
133957_1767734700,1,1,20.682,-20.129,104.618,9.303,14.992,65.0
134040_1767735000,1,3,334.221,310.134,440.577,401.659,367.94,434.0
133957_1767735000,1,1,-35.041,-42.186,22.14,-27.24,-31.14,21.0
130072_1767735000,1,3,-12.164,-30.481,20.145,6.782,-2.691,0.0
130072_1767735300,1,3,2.856,-47.814,22.808,7.032,4.944,0.0
134040_1767735300,1,3,370.419,331.739,479.751,393.908,382.163,434.0
133957_1767735300,1,1,61.407,-2.434,161.21,48.226,54.816,50.0
133957_1767735600,1,1,53.861,9.228,127.148,36.221,45.041,77.0
130072_1767735600,1,3,-27.533,-60.33,6.462,-0.092,-13.812,0.0
134040_1767735900,1,2,83.232,-12.542,257.571,150.65,116.941,0.0
130072_1767735900,1,3,11.337,-8.162,27.806,5.751,8.544,0.0
134040_1767736200,1,2,148.277,92.142,262.175,160.89,154.583,0.0
130072_1767736200,1,3,6.677,-17.554,10.555,6.72,6.699,0.0
134040_1767736500,1,2,233.673,146.385,313.757,220.595,227.134,0.0
130072_1767736500,1,3,43.702,11.444,44.522,17.086,30.394,0.0
134040_1767736800,1,2,-4.07,-21.699,18.062,4.55,0.24,0.0
135081_1767736800,1,2,-194.075,-207.94,-161.669,-168.743,-181.409,-98.0
133957_1767736800,1,1,56.933,-16.14,98.558,50.013,53.473,32.0
133957_1767737100,1,1,119.417,36.418,138.419,103.804,111.61,-8.0
135081_1767737100,1,2,-119.136,-129.633,-92.603,-68.809,-93.972,37.0
134040_1767737100,1,2,-0.86,-3.825,15.079,6.867,3.004,0.0
133957_1767737400,1,1,125.681,51.431,149.312,135.44,130.56,27.0
135081_1767737400,1,2,-96.863,-139.58,-48.936,-77.436,-87.149,13.0
134040_1767737400,1,2,22.061,-28.966,66.509,8.049,15.055,0.0
133957_1767737700,1,1,64.356,1.832,132.331,40.731,52.543,-22.0
135081_1767737700,1,2,44.355,7.705,134.689,50.975,47.665,172.0
134040_1767737700,1,2,33.063,-17.744,78.369,11.731,22.397,0.0
134040_1767738000,1,2,36.253,-6.904,90.305,13.086,24.669,0.0
134494_1767738000,1,3,-26.244,-93.738,13.516,-10.353,-18.299,0.0
132430_1767738000,1,0,87.484,58.016,96.272,22.142,54.813,90.0
135081_1767738000,1,2,39.305,31.379,107.719,48.105,43.705,87.0
133957_1767738000,1,1,20.515,-43.796,93.675,12.242,16.379,-77.0
135081_1767738300,1,2,99.816,42.987,157.854,116.952,108.384,73.0
134040_1767738300,1,2,23.275,6.098,63.863,13.064,18.17,0.0
132430_1767738300,1,0,39.74,3.305,74.064,19.924,29.832,108.0
134494_1767738300,1,3,-24.582,-83.889,10.26,-3.882,-14.232,0.0
134494_1767738600,1,3,-19.474,-47.813,-4.242,-3.644,-11.559,0.0
134040_1767738600,1,2,2.554,-1.549,12.465,10.625,6.589,0.0
134494_1767738900,1,3,5.631,-46.747,34.785,-3.283,1.174,0.0
134040_1767738900,1,2,7.806,5.044,21.593,3.127,5.466,0.0
134494_1767739200,1,3,-10.256,-66.093,19.793,-5.789,-8.022,0.0
134040_1767739200,1,2,1.3,-10.593,4.445,3.266,2.283,0.0
134040_1767739500,1,2,13.621,-18.344,25.185,17.562,15.592,0.0
134494_1767739500,1,3,1.162,-1.572,2.987,-2.465,-0.651,0.0
134040_1767739800,1,2,5.64,-30.964,32.108,0.894,3.267,0.0
134494_1767739800,1,3,-10.528,-15.059,-1.715,-4.521,-7.525,0.0
134494_1767740100,1,3,-9.599,-30.205,-8.654,-5.797,-7.698,0.0
134040_1767740100,1,2,11.608,-36.674,82.033,19.91,15.759,0.0
134040_1767740400,1,2,2.743,-69.107,64.045,2.863,2.803,0.0
132430_1767740400,1,4,106.737,21.925,196.713,67.547,87.142,151.0
130072_1767740700,1,3,37.392,4.522,76.435,13.548,25.47,0.0
132430_1767740700,1,4,59.862,-11.532,191.833,7.485,33.673,124.0
134040_1767740700,1,2,6.561,-29.629,40.077,-6.816,-0.128,0.0
132430_1767741000,1,4,131.973,96.389,217.077,159.124,145.549,60.0
130072_1767741000,1,3,31.621,2.626,88.423,21.619,26.62,0.0
130072_1767741300,1,3,49.03,11.064,91.588,35.043,42.036,0.0
132430_1767741300,1,4,74.896,8.453,152.213,80.718,77.807,85.0
132430_1767741600,1,4,99.306,57.19,168.77,100.61,99.958,189.0
130072_1767741600,1,3,5.184,-13.978,60.852,18.15,11.667,0.0
132430_1767741900,1,4,51.311,-8.769,73.268,46.024,48.668,160.0
130072_1767741900,1,3,-5.421,-6.997,44.762,-2.497,-3.959,0.0
132430_1767742200,1,4,129.115,92.29,203.314,136.795,132.955,74.0
134494_1767742200,1,2,-7.971,-12.849,-4.925,-6.712,-7.341,0.0
134494_1767742500,1,2,11.613,9.39,19.978,-1.054,5.279,0.0
134494_1767742800,1,2,21.618,19.387,52.981,4.211,12.915,0.0
134494_1767743100,1,2,0.691,-59.802,64.383,-6.772,-3.041,0.0
132430_1767743400,1,0,5.401,-12.252,11.868,24.648,15.025,91.0
132430_1767743700,1,0,11.331,-3.762,47.874,30.712,21.022,154.0
129964_1767665100,1,0,29.47,11.446,63.319,21.042,25.256,-45.0
129964_1767665400,1,0,67.798,33.477,108.408,43.139,55.469,-37.0
129964_1767665700,1,0,62.592,28.515,118.816,43.837,53.215,-63.0
129964_1767666000,1,0,32.595,-37.656,85.741,11.55,22.072,-113.0
129964_1767666300,1,0,30.353,-15.902,58.824,23.665,27.009,-3.0
131672_1767666900,1,3,9.573,-10.008,24.408,-8.369,0.602,79.0
131672_1767667200,1,3,-26.143,-44.34,-6.314,-25.101,-25.622,79.0
131672_1767667500,1,3,4.33,-28.831,34.834,-7.118,-1.394,212.0
131672_1767667800,1,3,167.184,160.294,171.971,100.389,133.787,312.0
131672_1767668100,1,3,262.931,205.095,284.351,201.365,232.148,273.0
129964_1767668400,1,4,-4.373,-73.136,90.016,-19.004,-11.688,-26.0
131672_1767668400,1,3,237.192,182.284,264.149,224.093,230.642,220.0
134040_1767668400,1,1,51.514,-41.921,78.571,33.278,42.396,71.0
134040_1767668700,1,1,49.59,18.525,129.806,81.805,65.697,136.0
131672_1767668700,1,3,246.612,182.367,276.253,250.737,248.675,407.0
129964_1767669000,1,0,38.015,-46.432,135.037,-45.426,-3.706,-51.0
134040_1767669000,1,1,36.851,-9.952,133.997,48.241,42.546,119.0
131672_1767669000,1,3,239.723,139.254,286.881,221.001,230.362,408.0
129964_1767669300,1,0,-17.052,-100.381,65.594,-26.408,-21.73,-40.0
134040_1767669300,1,1,81.589,25.849,176.243,62.915,72.252,151.0
131672_1767669300,1,3,307.404,270.395,337.072,322.101,314.752,322.0
131672_1767669600,1,3,369.436,366.744,373.658,350.394,359.915,294.0
134040_1767669600,1,1,87.216,14.41,155.365,107.208,97.212,128.0
129964_1767669600,1,0,37.832,0.342,78.667,52.194,45.013,-21.0
129964_1767669900,1,0,29.213,-15.546,77.303,34.572,31.892,10.0
134040_1767669900,1,1,112.929,14.733,196.793,108.737,110.833,158.0
131672_1767672000,1,4,-15.455,-28.831,27.306,-4.791,-10.123,72.0
131672_1767672300,1,4,-27.671,-49.584,39.046,-28.998,-28.335,-66.0
131672_1767672600,1,4,79.413,44.494,131.153,63.33,71.372,10.0
131672_1767672900,1,4,14.889,-55.678,87.374,22.874,18.882,27.0
131672_1767673200,1,4,25.293,-36.051,81.753,28.456,26.875,-43.0
131672_1767673500,1,4,30.104,-45.948,97.579,30.779,30.441,-31.0
132430_1767673800,1,1,93.348,11.648,137.151,95.57,94.459,137.0
134040_1767673800,1,4,92.94,39.03,163.618,110.507,101.724,332.0
132430_1767674100,1,1,151.598,50.158,222.158,147.065,149.331,35.0
134040_1767674100,1,4,131.319,60.848,211.116,130.052,130.686,369.0
132430_1767674400,1,1,136.98,40.29,210.173,133.775,135.377,161.0
134040_1767674400,1,4,283.907,236.284,346.718,309.761,296.834,362.0
134040_1767674700,1,4,266.217,205.346,328.297,309.33,287.773,317.0
132430_1767674700,1,1,99.322,-18.254,173.131,82.065,90.693,145.0
134040_1767675000,1,4,249.173,173.844,322.694,284.388,266.781,253.0
132430_1767675000,1,1,171.96,76.687,226.251,177.958,174.959,118.0
132430_1767675300,1,1,68.873,14.428,142.638,88.83,78.851,0.0
134040_1767675300,1,4,117.481,74.766,160.895,151.562,134.522,100.0
134040_1767675600,1,4,40.033,5.549,86.994,110.967,75.5,83.0
130238_1767675900,1,4,64.446,57.429,110.954,33.044,48.745,37.0
134040_1767675900,1,4,63.264,-2.505,130.77,40.092,51.678,117.0
130238_1767676200,1,4,-9.392,-25.935,51.716,25.844,8.226,56.0
134040_1767676200,1,4,103.949,33.691,105.199,71.363,87.656,188.0
130238_1767676500,1,4,19.008,-49.364,63.146,44.35,31.679,76.0
134040_1767676500,1,4,64.637,-34.997,120.582,57.041,60.839,165.0
134040_1767676800,1,4,92.918,64.091,149.846,74.18,83.549,116.0
130238_1767676800,1,4,27.95,-45.321,95.57,40.37,34.16,-9.0
130238_1767677100,1,4,92.281,45.859,171.982,61.71,76.995,38.0
134040_1767677100,1,4,74.914,44.215,103.618,70.141,72.528,112.0
131672_1767677400,1,0,67.845,5.834,117.664,65.58,66.712,86.0
122048_1767679200,1,4,152.444,102.704,166.132,98.808,125.626,154.0
133300_1767679200,1,4,60.045,43.55,118.379,40.701,50.373,65.0
122048_1767679500,1,4,148.59,102.546,166.362,121.163,134.877,55.0
133300_1767679800,1,3,-0.495,-20.389,24.232,-1.755,-1.125,-49.0
122048_1767679800,1,4,69.597,53.936,84.866,70.076,69.836,59.0
135081_1767679800,1,1,29.141,22.122,32.525,7.04,18.091,6.0
135081_1767680100,1,1,46.798,31.271,65.843,29.211,38.004,42.0
133300_1767680100,1,3,-35.613,-47.73,4.828,-31.074,-33.343,-49.0
133300_1767680400,1,3,-21.483,-55.197,52.173,6.896,-7.293,-42.0
135081_1767680400,1,1,115.154,88.315,222.946,24.778,69.966,-2.0
133300_1767680700,1,3,-6.293,-39.646,65.133,8.453,1.08,26.0
135081_1767680700,1,1,-19.027,-38.441,25.693,8.942,-5.043,-23.0
135081_1767681000,1,1,5.66,-25.066,32.611,8.167,6.914,20.0
135081_1767681300,1,1,-46.381,-110.177,40.741,-52.915,-49.648,71.0
135081_1767681600,1,1,16.257,-53.014,100.736,16.481,16.369,-36.0
135081_1767681900,1,1,-28.584,-87.902,54.85,-24.313,-26.449,-25.0
135081_1767682200,1,1,-36.286,-103.909,48.214,-32.811,-34.549,-113.0
135081_1767682500,1,1,-87.658,-129.039,-27.05,-79.966,-83.812,-145.0
122048_1767682800,1,4,105.11,76.109,107.019,43.005,74.058,542.0
134040_1767682800,1,2,-32.254,-89.786,51.316,-45.225,-38.739,72.0
135081_1767682800,1,1,-36.136,-108.446,57.209,-50.746,-43.441,-127.0
122048_1767683100,1,4,46.291,9.811,126.706,40.719,43.505,542.0
135081_1767683100,1,1,31.376,-10.379,73.352,-64.869,-16.747,-186.0
134040_1767683100,1,2,97.048,41.973,160.62,93.618,95.333,131.0
135081_1767683400,1,1,-32.96,-97.986,48.8,-98.796,-65.878,-182.0
122048_1767683400,1,4,55.36,20.915,114.283,52.959,54.16,578.0
134040_1767683400,1,2,-26.483,-73.651,36.636,-25.619,-26.051,29.0
135081_1767683700,1,1,-29.052,-104.745,59.115,-78.863,-53.958,-134.0
134040_1767683700,1,2,35.306,5.96,91.869,55.565,45.435,-62.0
122048_1767683700,1,4,257.884,221.989,354.645,419.329,338.606,446.0
134040_1767684000,1,2,55.38,-3.742,103.454,48.926,52.153,48.0
122048_1767684000,1,4,369.203,331.303,431.54,417.204,393.203,415.0
135081_1767684000,1,1,-74.246,-108.569,16.607,-99.678,-86.962,-142.0
134040_1767684300,1,2,24.462,-26.663,87.476,22.707,23.585,86.0
122048_1767684300,1,4,343.407,263.558,449.803,408.632,376.02,408.0
135081_1767684300,1,1,-64.083,-98.425,-20.152,-55.084,-59.583,-79.0
133957_1767684600,1,1,59.543,-20.28,151.976,59.591,59.567,22.0
133957_1767684900,1,1,-4.015,-43.913,89.602,27.259,11.622,-55.0
133957_1767685200,1,1,-2.615,-54.52,90.064,-7.741,-5.178,-36.0
133957_1767685500,1,1,-9.884,-74.001,102.725,-23.031,-16.458,-95.0
133957_1767685800,1,1,-47.181,-87.522,40.816,-67.415,-57.298,7.0
133957_1767686100,1,1,-97.252,-137.632,-38.113,-114.398,-105.825,-55.0
133957_1767686400,1,1,-12.935,-46.634,57.11,-13.097,-13.016,9.0
134040_1767686400,1,2,102.472,50.083,186.039,109.372,105.922,43.0
134040_1767686700,1,2,84.125,24.538,166.624,60.357,72.241,6.0
133957_1767686700,1,1,-12.623,-83.771,92.952,-27.755,-20.189,-42.0
134040_1767687000,1,2,51.04,-24.526,152.702,33.399,42.22,24.0
133957_1767687000,1,1,12.645,-21.381,96.617,21.712,17.178,3.0
134040_1767687300,1,2,40.731,-43.254,116.21,15.901,28.316,37.0
133957_1767687300,1,1,65.333,2.722,135.621,32.051,48.692,79.0
133957_1767687600,1,1,27.193,-45.895,103.917,-5.272,10.961,45.0
134040_1767687600,1,2,42.488,-14.32,98.243,38.872,40.68,113.0
134040_1767687900,1,2,-0.988,-63.435,86.713,7.829,3.421,149.0
133957_1767687900,1,1,75.233,-6.852,160.18,83.09,79.162,104.0
129964_1767688200,1,0,90.244,35.999,148.039,94.085,92.165,221.0
133957_1767688200,1,1,107.572,33.879,189.859,93.322,100.447,173.0
133957_1767688500,1,1,45.06,-27.792,127.704,37.981,41.52,190.0
133957_1767688800,1,1,107.376,65.944,175.169,114.579,110.977,103.0
129964_1767688800,1,1,45.574,29.951,111.225,40.364,42.969,-54.0
133957_1767689100,1,1,92.461,10.363,155.184,101.46,96.96,-9.0
129964_1767689100,1,1,58.651,14.804,146.995,43.799,51.225,-78.0
129964_1767689400,1,1,106.974,61.089,173.031,116.656,111.815,36.0
133957_1767689400,1,1,61.482,16.219,134.428,75.165,68.323,-23.0
133957_1767689700,1,1,41.005,-7.501,113.09,45.731,43.368,-32.0
129964_1767689700,1,1,30.493,-56.169,86.33,23.137,26.815,81.0
132430_1767690000,1,2,129.927,50.586,202.554,130.685,130.306,-66.0
132430_1767690300,1,2,48.687,26.783,67.715,52.481,50.584,-139.0
122613_1767691800,1,1,11.09,-0.757,54.046,0.033,5.561,69.0
131672_1767691800,1,3,-20.976,-78.721,68.331,-18.614,-19.795,-92.0
133300_1767691800,1,1,33.963,-7.927,106.078,69.538,51.751,-58.0
133300_1767692100,1,1,-7.125,-34.76,73.545,16.323,4.599,-58.0
122613_1767692100,1,1,62.597,26.315,107.161,71.807,67.202,-16.0
122613_1767692400,1,1,33.8,-28.025,84.403,52.466,43.133,-87.0
133300_1767692400,1,1,41.026,1.949,117.476,47.011,44.018,-31.0
122613_1767692700,1,1,-11.26,-89.648,68.583,-18.247,-14.754,-160.0
133300_1767692700,1,1,53.548,-48.75,118.614,23.838,38.693,-41.0
122613_1767693000,1,1,-5.964,-58.262,80.783,-27.913,-16.938,-147.0
133300_1767693000,1,1,-7.806,-67.928,55.13,-12.879,-10.343,-24.0
133300_1767693300,1,1,-12.572,-87.925,58.025,-20.885,-16.729,47.0
122613_1767693300,1,1,-43.887,-138.076,25.27,-67.629,-55.758,-146.0
130238_1767693600,1,2,-14.227,-31.608,-2.746,-2.083,-8.155,0.0
130238_1767695100,1,4,17.439,8.623,35.462,64.832,41.135,-47.0
133300_1767695400,1,0,26.193,-18.89,95.129,22.213,24.203,33.0
133300_1767695700,1,0,80.189,31.237,138.624,74.579,77.384,50.0
122658_1767695700,1,3,63.514,53.802,69.255,2.989,33.251,9.0
122658_1767696000,1,3,77.193,53.433,120.47,11.607,44.4,100.0
133300_1767696000,1,0,156.093,72.109,220.631,107.438,131.766,197.0
122658_1767696300,1,3,86.925,57.205,110.454,20.865,53.895,271.0
122658_1767696600,1,3,99.22,64.685,125.651,99.898,99.559,376.0
133300_1767696600,1,1,27.215,-34.425,112.031,60.116,43.666,-52.0
133300_1767696900,1,1,27.746,6.041,42.479,33.754,30.75,-52.0
122658_1767696900,1,3,203.967,135.949,258.943,170.376,187.171,318.0
122613_1767697200,1,4,-7.942,-26.518,31.715,14.092,3.075,0.0
122658_1767697200,1,3,209.711,155.968,252.579,203.954,206.833,352.0
122048_1767697200,1,2,-58.08,-58.103,-48.773,-26.694,-42.387,-68.0
122613_1767697500,1,4,2.126,-59.572,29.736,28.742,15.434,0.0
122048_1767697500,1,2,-74.816,-97.501,-49.741,-77.622,-76.219,-129.0
122658_1767697500,1,3,60.717,29.867,144.865,100.813,80.765,0.0
122613_1767697800,1,4,9.084,4.49,11.153,-2.608,3.238,0.0
122658_1767697800,1,3,4.251,-10.292,12.531,21.455,12.853,0.0
122048_1767697800,1,2,-77.727,-81.634,-53.196,-84.963,-81.345,-129.0
122658_1767698100,1,3,16.706,5.599,29.176,41.875,29.291,0.0
122048_1767698100,1,2,-153.547,-195.212,-86.284,-122.33,-137.939,-181.0
122613_1767698100,1,4,0.127,-3.716,5.38,-4.452,-2.163,0.0
122613_1767698400,1,4,-9.358,-35.869,13.886,-15.626,-12.492,0.0
122048_1767698400,1,2,-163.012,-251.945,-100.279,-139.243,-151.128,-194.0
122658_1767698400,1,3,-20.819,-25.473,-14.351,-30.291,-25.555,0.0
122658_1767698700,1,3,-19.078,-24.57,2.907,-13.653,-16.366,0.0
122048_1767698700,1,2,-199.647,-211.124,-156.039,-92.061,-145.854,-216.0
122613_1767698700,1,4,-25.776,-27.418,13.335,-13.895,-19.836,0.0
122658_1767699000,1,3,-8.656,-41.472,1.431,-2.739,-5.698,0.0
122658_1767699300,1,3,-26.609,-38.744,-6.429,-10.141,-18.375,0.0
122658_1767699600,1,3,-26.901,-59.656,-0.583,-0.654,-13.778,0.0
122658_1767699900,1,3,31.885,-19.053,89.927,11.237,21.561,72.0
122658_1767700200,1,3,63.55,-39.684,133.188,23.428,43.489,183.0
122658_1767700500,1,3,22.009,21.683,34.647,42.11,32.06,192.0
129964_1767700800,1,3,-22.257,-89.472,-21.749,-7.661,-14.959,77.0
135081_1767700800,1,1,-62.261,-86.525,-52.227,-65.603,-63.932,-128.0
132430_1767700800,1,3,-126.397,-160.63,-105.803,-119.7,-123.049,-169.0
135081_1767701100,1,1,-55.223,-100.324,-14.079,-43.017,-49.12,-93.0
132430_1767701100,1,3,-73.085,-121.959,-36.237,-34.227,-53.656,-262.0
129964_1767701100,1,3,90.085,50.04,131.824,93.127,91.606,80.0
129964_1767701400,1,3,61.724,52.681,70.964,74.071,67.898,61.0
132430_1767701400,1,3,-111.961,-159.705,-77.425,-94.108,-103.035,-258.0
135081_1767701400,1,1,-96.497,-158.935,-12.948,-117.827,-107.162,-122.0
129964_1767701700,1,3,-0.109,-45.058,56.21,3.908,1.899,-43.0
135081_1767701700,1,1,-125.974,-152.481,-35.068,-52.732,-89.353,19.0
132430_1767701700,1,3,-88.493,-129.158,-84.954,-141.027,-114.76,84.0
129964_1767702000,1,3,5.368,-70.823,65.053,-6.186,-0.409,-38.0
135081_1767702000,1,1,-91.109,-148.474,-15.733,-102.315,-96.712,9.0
132430_1767702000,1,3,110.386,71.172,133.467,-26.509,41.938,87.0
132430_1767702300,1,3,62.695,-3.007,128.137,41.29,51.993,90.0
135081_1767702300,1,1,-32.253,-88.803,24.015,-39.731,-35.992,-39.0
129964_1767702300,1,3,-10.098,-84.114,45.832,-10.746,-10.422,-108.0
122613_1767702600,1,0,21.37,12.426,48.363,24.052,22.711,64.0
122613_1767702900,1,0,90.804,87.343,93.169,99.349,95.077,64.0
131672_1767704400,1,1,116.0,53.408,179.971,105.792,110.896,94.0
131672_1767704700,1,1,-42.863,-56.628,-6.056,-37.296,-40.08,13.0
131672_1767705000,1,1,-46.762,-82.489,7.364,-29.064,-37.913,7.0
131672_1767705300,1,1,-17.942,-95.242,89.523,3.551,-7.196,-23.0
131672_1767705600,1,1,-51.026,-115.455,9.213,-26.466,-38.746,24.0
131672_1767705900,1,1,-32.493,-100.007,40.674,-18.059,-25.276,9.0
135081_1767706200,1,0,31.567,-58.96,64.479,40.408,35.988,155.0
122613_1767706200,1,2,27.637,22.042,33.148,1.923,14.78,0.0
133957_1767706200,1,0,89.964,64.53,146.291,103.637,96.801,222.0
135081_1767706500,1,0,64.62,-1.15,92.76,45.212,54.916,156.0
122613_1767706500,1,2,40.279,37.211,86.955,28.54,34.409,0.0
133957_1767706500,1,0,119.579,48.251,177.955,104.766,112.172,296.0
133957_1767706800,1,0,64.519,22.204,129.09,54.073,59.296,294.0
135081_1767706800,1,0,77.276,42.395,128.772,80.131,78.703,113.0
122613_1767706800,1,2,-7.515,-55.615,30.25,-1.694,-4.605,0.0
133957_1767707100,1,0,248.401,197.896,338.304,223.937,236.169,182.0
122613_1767707100,1,2,-9.065,-54.364,29.059,1.554,-3.756,0.0
135081_1767707100,1,0,116.424,59.88,165.478,129.719,123.071,130.0
122613_1767707400,1,2,-14.305,-49.321,-3.711,-8.328,-11.317,0.0
135081_1767707400,1,0,111.989,55.72,208.847,112.05,112.02,247.0
133957_1767707400,1,0,245.652,172.67,316.58,233.668,239.66,292.0
133957_1767707700,1,0,162.097,119.196,249.969,159.151,160.624,252.0
135081_1767707700,1,0,83.092,23.82,172.292,86.345,84.719,113.0
122613_1767707700,1,2,-14.171,-42.813,-3.947,-12.566,-13.368,0.0
134040_1767708000,1,1,185.888,75.478,215.087,155.677,170.783,60.0
122048_1767708000,1,3,-8.495,-20.898,1.319,6.577,-0.959,0.0
134040_1767708300,1,1,141.584,66.752,193.838,121.632,131.608,25.0
122048_1767708300,1,3,-4.273,-19.828,29.073,-4.583,-4.428,0.0
134040_1767708600,1,1,97.255,24.795,197.163,84.11,90.682,61.0
134040_1767708900,1,1,44.776,-11.663,137.092,40.467,42.622,61.0
134040_1767709200,1,1,73.233,26.133,159.4,63.615,68.424,81.0
134040_1767709500,1,1,66.472,-25.839,164.759,60.739,63.605,56.0
122048_1767709500,1,2,11.145,-4.85,61.126,-3.875,3.635,-276.0
133957_1767710100,1,3,-103.204,-114.719,-76.603,-87.049,-95.127,102.0
133957_1767710400,1,3,-5.413,-65.458,30.199,-19.762,-12.587,98.0
133957_1767710700,1,3,75.162,25.881,154.022,80.113,77.638,157.0
133957_1767711000,1,3,103.384,41.938,239.351,96.586,99.985,144.0
133957_1767711300,1,3,80.776,11.566,229.775,92.664,86.72,104.0
122048_1767711600,1,1,-13.292,-84.831,61.269,-4.314,-8.803,106.0
122613_1767711600,1,2,72.079,63.737,73.005,50.512,61.296,0.0
129964_1767711600,1,2,-102.097,-175.454,-35.617,-103.505,-102.801,-143.0
129964_1767711900,1,2,-68.154,-125.405,-34.56,-58.749,-63.452,-3.0
122613_1767711900,1,2,53.974,24.581,91.056,56.501,55.238,0.0
122048_1767711900,1,1,58.612,-0.097,134.147,79.419,69.016,85.0
129964_1767712200,1,2,-106.998,-150.331,-77.398,-123.966,-115.482,17.0
122048_1767712200,1,1,59.737,-3.832,147.434,64.203,61.97,83.0
122048_1767712500,1,1,81.54,14.433,181.6,102.393,91.967,57.0
122613_1767712500,1,2,-142.418,-173.792,-98.133,-81.349,-111.884,0.0
129964_1767712800,1,4,-41.076,-94.138,42.109,-42.384,-41.73,-108.0
122048_1767712800,1,1,57.539,-3.133,163.358,90.083,73.811,-8.0
122613_1767712800,1,2,-99.791,-108.483,-98.091,-61.036,-80.414,0.0
122613_1767713100,1,2,-49.179,-102.614,-18.381,-50.991,-50.085,0.0
122048_1767713100,1,1,37.84,-21.593,113.235,45.433,41.636,92.0
129964_1767713100,1,4,-36.651,-53.789,2.236,18.449,-9.101,-108.0
134040_1767713400,1,1,151.087,64.93,209.033,147.49,149.288,36.0
134040_1767713700,1,1,173.915,76.959,231.601,160.034,166.974,21.0
134040_1767714000,1,1,68.27,7.501,170.262,80.712,74.491,108.0
134040_1767714300,1,1,7.822,-22.252,73.489,1.083,4.452,-44.0
131672_1767715200,1,2,-50.693,-127.493,90.37,-44.578,-47.636,-130.0
135081_1767715200,1,4,56.776,53.057,90.744,25.614,41.195,100.0
131672_1767715500,1,2,-84.0,-178.915,42.078,-76.236,-80.118,-99.0
135081_1767715500,1,4,68.685,-7.418,139.066,48.82,58.753,74.0
135081_1767715800,1,4,92.852,56.341,131.861,69.686,81.269,82.0
131672_1767715800,1,2,-101.631,-205.292,-33.819,-109.071,-105.351,-59.0
135081_1767716100,1,4,62.435,46.894,110.371,79.497,70.966,47.0
131672_1767716100,1,2,-77.783,-141.441,-49.983,-77.584,-77.683,-53.0
135081_1767716400,1,4,24.073,-25.372,107.881,35.741,29.907,118.0
131672_1767716400,1,2,-44.883,-81.343,27.326,-48.248,-46.566,-55.0
131672_1767716700,1,2,31.587,-16.002,82.354,19.844,25.715,-74.0
135081_1767716700,1,4,27.521,-36.876,101.99,35.951,31.736,137.0
133300_1767717000,1,4,-21.321,-55.658,71.991,-31.995,-26.658,-12.0
133957_1767717000,1,1,129.607,91.068,147.961,106.953,118.28,134.0
133957_1767717300,1,1,130.708,82.765,199.064,117.235,123.972,71.0
133300_1767717300,1,4,-6.415,-21.431,53.989,15.407,4.496,-28.0
133957_1767717600,1,1,41.147,-10.892,169.171,44.893,43.02,37.0
133300_1767717600,1,4,-10.569,-60.402,98.952,-2.347,-6.458,-46.0
133957_1767717900,1,1,75.029,-1.129,211.699,89.116,82.073,-25.0
133300_1767717900,1,4,38.588,-0.165,102.277,53.073,45.831,25.0
133957_1767718200,1,1,57.892,10.224,150.116,63.544,60.718,-42.0
133300_1767718200,1,4,45.642,-18.343,139.196,50.611,48.126,26.0
133300_1767718500,1,4,52.027,8.814,148.255,41.843,46.935,129.0
133957_1767718500,1,1,-0.374,-48.855,103.811,3.77,1.698,-28.0
132430_1767720600,1,1,102.706,47.708,135.746,160.497,131.602,141.0
133300_1767720600,1,0,19.73,-24.09,81.982,27.561,23.645,99.0
132430_1767720900,1,1,135.028,71.86,178.297,149.388,142.208,216.0
133300_1767720900,1,0,106.636,13.371,189.436,97.714,102.175,154.0
133300_1767721200,1,0,101.44,47.855,181.641,101.213,101.327,113.0
132430_1767721200,1,1,182.616,134.81,255.805,184.113,183.365,309.0
132430_1767721500,1,1,181.403,107.802,263.745,178.022,179.713,359.0
134040_1767721500,1,0,20.418,10.446,29.701,15.033,17.725,7.0
133300_1767721500,1,0,-20.911,-29.413,37.296,-21.949,-21.43,-28.0
132430_1767721800,1,1,231.958,166.928,285.415,218.212,225.085,295.0
133300_1767721800,1,0,-51.377,-72.35,40.703,6.413,-22.482,-28.0
134040_1767721800,1,0,46.194,7.391,51.386,37.276,41.735,78.0
131672_1767721800,1,4,31.57,14.126,63.637,25.119,28.345,21.0
131672_1767722100,1,4,84.144,43.915,96.684,60.523,72.333,47.0
132430_1767722100,1,1,226.46,187.764,284.135,228.863,227.662,393.0
134040_1767722100,1,0,32.981,3.825,45.023,15.841,24.411,106.0
133300_1767722100,1,0,-6.281,-53.628,87.009,31.76,12.739,193.0
133957_1767722400,1,0,45.771,-2.459,93.537,31.905,38.838,0.0
133957_1767722700,1,0,-61.089,-97.942,19.806,-32.497,-46.793,-74.0
133957_1767723000,1,0,26.713,10.37,88.787,22.895,24.804,100.0
133957_1767723300,1,0,-41.941,-74.13,1.654,-51.895,-46.918,89.0
133957_1767723600,1,0,118.663,54.322,188.709,122.553,120.608,114.0
133957_1767723900,1,0,92.817,31.239,152.48,93.792,93.305,163.0
135081_1767724500,1,2,63.168,37.686,98.176,52.413,57.791,112.0
135081_1767724800,1,2,92.525,31.953,118.284,79.705,86.115,246.0
135081_1767725100,1,2,91.163,47.321,128.937,72.839,82.001,166.0
135081_1767725400,1,2,217.767,128.875,290.213,227.609,222.688,241.0
135081_1767725700,1,2,265.653,188.686,297.181,242.047,253.85,313.0
132430_1767726000,1,0,101.65,32.025,148.577,74.773,88.211,156.0
132430_1767726300,1,0,148.475,75.817,197.165,123.386,135.931,141.0
132430_1767726600,1,0,33.785,-21.205,127.846,47.692,40.739,46.0
132430_1767726900,1,0,37.873,-9.072,150.05,48.67,43.272,10.0
132430_1767727200,1,0,88.128,16.493,209.4,84.744,86.436,217.0
132430_1767727500,1,0,57.099,-34.071,186.998,50.476,53.788,260.0
135081_1767727800,1,1,-24.642,-71.186,71.978,-19.595,-22.119,-58.0
135081_1767728100,1,1,-19.086,-96.68,77.908,-17.321,-18.204,58.0
135081_1767728400,1,1,10.863,-43.195,80.086,7.993,9.428,40.0
135081_1767728700,1,1,67.575,-2.376,164.861,66.174,66.874,-16.0
135081_1767729000,1,1,-13.757,-69.737,49.988,-11.851,-12.804,-62.0
135081_1767729300,1,1,-16.568,-68.948,55.641,-23.065,-19.816,-45.0
135081_1767729600,1,1,3.489,-58.811,59.686,-12.564,-4.537,24.0
135081_1767729900,1,1,27.702,-51.62,63.913,-6.1,10.801,206.0
135081_1767730200,1,1,56.393,6.018,98.165,43.225,49.809,197.0
135081_1767730500,1,1,218.345,152.846,282.664,237.175,227.76,234.0
134040_1767730500,1,0,41.207,-16.779,115.769,95.538,68.372,121.0
134040_1767730800,1,0,151.883,99.7,212.482,125.384,138.633,191.0
134040_1767731100,1,0,115.368,112.755,129.782,122.943,119.155,150.0
134040_1767731400,1,0,99.364,58.271,170.77,94.644,97.004,214.0
134040_1767731700,1,0,153.961,103.739,223.478,159.561,156.761,152.0
134040_1767732000,1,0,311.557,273.779,371.078,289.017,300.287,152.0
134040_1767732300,1,0,168.692,155.692,210.11,207.764,188.228,181.0
134040_1767732600,1,0,158.724,129.5,175.992,140.403,149.563,230.0
134040_1767732900,1,0,167.22,126.949,244.219,176.594,171.907,315.0
131672_1767733200,1,1,-7.046,-38.76,80.758,6.975,-0.036,-15.0
131672_1767733500,1,1,-18.802,-85.778,52.785,-25.826,-22.314,-60.0
131672_1767733800,1,1,-3.977,-77.574,94.77,-2.13,-3.054,-24.0
131672_1767734100,1,1,-5.547,-69.878,55.905,-35.779,-20.663,-1.0
131672_1767734400,1,1,-41.061,-66.094,3.781,-41.618,-41.34,26.0
131672_1767734700,1,1,-2.528,-31.705,52.794,6.568,2.02,12.0
135081_1767735000,1,3,-47.201,-107.124,4.691,-51.584,-49.392,-184.0
135081_1767735300,1,3,-22.813,-71.552,-13.393,-58.471,-40.642,-69.0
135081_1767735600,1,3,-23.951,-37.152,-6.874,-7.345,-15.648,-88.0
135081_1767735900,1,3,-70.084,-85.651,-14.116,-58.762,-64.423,-130.0
135081_1767736200,1,3,-6.036,-34.374,5.195,-3.782,-4.909,-161.0
135081_1767736500,1,3,-56.95,-58.341,-55.348,-46.149,-51.549,-191.0
132430_1767738600,1,1,110.097,98.331,145.711,135.99,123.043,110.0
130072_1767738600,1,0,16.414,-9.019,42.295,11.246,13.83,0.0
132430_1767738900,1,1,146.845,122.992,178.692,166.326,156.585,112.0
130072_1767738900,1,0,48.232,-21.148,83.638,10.356,29.294,0.0
132430_1767739200,1,1,120.426,96.447,162.285,82.023,101.225,81.0
132430_1767739500,1,1,123.478,56.157,201.212,106.387,114.932,-2.0
132430_1767739800,1,1,85.083,6.049,186.668,76.396,80.74,8.0
132430_1767740100,1,1,87.887,5.506,153.875,41.318,64.603,175.0
134494_1767740400,1,0,1.742,-6.978,2.936,-0.749,0.496,0.0
134494_1767740700,1,0,6.925,-3.291,15.599,-0.386,3.269,0.0
134494_1767741000,1,0,3.261,1.428,11.316,-1.275,0.993,0.0
134494_1767741300,1,0,1.077,0.844,9.535,0.74,0.909,0.0
134494_1767741600,1,0,3.969,0.547,9.613,0.605,2.287,0.0
134494_1767741900,1,0,-0.918,-4.288,2.147,-1.159,-1.039,0.0
122048_1767665400,2,3,-60.289,-98.548,3.117,-21.99,-41.14,-25.0
122048_1767665700,2,3,-16.092,-16.291,18.149,9.612,-3.24,0.0
122048_1767666000,2,3,-58.153,-68.178,-20.352,-1.428,-29.791,0.0
122048_1767666300,2,3,-32.008,-39.415,-22.351,-25.892,-28.95,0.0
122048_1767666600,2,3,-40.614,-54.42,-36.327,-42.031,-41.322,0.0
133957_1767666600,2,3,36.434,34.511,36.708,47.838,42.136,-32.0
129964_1767666600,2,4,-30.776,-84.535,22.768,-39.719,-35.247,44.0
133957_1767666900,2,3,42.976,35.327,68.343,49.647,46.311,-32.0
132430_1767666900,2,0,12.385,-4.632,41.955,11.005,11.695,46.0
122048_1767666900,2,3,-13.729,-24.85,-6.552,-8.325,-11.027,0.0
129964_1767666900,2,4,-7.624,-80.429,69.501,-30.294,-18.959,16.0
133957_1767667200,2,3,71.183,6.779,111.492,47.417,59.3,17.0
132430_1767667200,2,0,37.162,-10.986,55.464,28.067,32.614,102.0
122048_1767667200,2,3,33.683,4.837,38.072,9.109,21.396,0.0
129964_1767667200,2,4,4.183,-77.851,92.439,-4.386,-0.101,-27.0
132430_1767667500,2,0,-2.039,-55.664,84.661,1.286,-0.377,-23.0
122048_1767667500,2,3,-10.656,-41.504,16.606,-10.98,-10.818,0.0
129964_1767667500,2,4,44.811,-17.277,119.246,48.272,46.542,2.0
133957_1767667500,2,3,16.108,-51.847,77.315,-2.965,6.572,-66.0
122048_1767667800,2,3,-7.346,-12.932,29.271,-2.612,-4.979,0.0
133957_1767667800,2,3,6.179,-16.485,78.946,20.005,13.092,-74.0
132430_1767667800,2,0,60.648,-5.696,167.163,60.935,60.792,-2.0
129964_1767667800,2,4,-0.692,-56.312,69.489,4.456,1.882,-70.0
134040_1767667800,2,4,-23.791,-24.482,17.104,-2.009,-12.9,20.0
129964_1767668100,2,4,-25.486,-74.116,24.022,-28.553,-27.02,-76.0
132430_1767668100,2,0,77.218,4.726,147.939,69.16,73.189,27.0
122048_1767668100,2,3,-24.309,-24.336,17.466,-1.803,-13.056,0.0
133957_1767668100,2,3,4.426,-35.447,57.085,5.682,5.054,-61.0
134040_1767668100,2,4,-2.12,-13.923,43.759,7.021,2.451,93.0
132430_1767668400,2,0,151.169,95.947,169.529,110.088,130.629,22.0
122048_1767668400,2,3,-13.949,-24.533,42.309,-8.31,-11.13,0.0
133957_1767668400,2,3,28.911,-25.668,70.086,-19.893,4.509,-34.0
122048_1767668700,2,3,25.247,-28.849,68.38,5.227,15.237,0.0
132430_1767668700,2,0,37.825,-37.75,123.873,16.994,27.409,74.0
122048_1767669000,2,3,29.825,-23.82,72.905,35.209,32.517,0.0
132430_1767669000,2,0,22.774,-38.017,88.078,13.874,18.324,1.0
133957_1767669300,2,1,14.533,8.985,26.313,30.679,22.606,46.0
132430_1767669300,2,0,148.317,60.934,198.907,138.44,143.378,4.0
122048_1767669300,2,3,39.349,-30.713,71.566,30.362,34.856,0.0
122048_1767669600,2,3,4.722,-6.591,30.372,2.667,3.694,0.0
133957_1767669600,2,1,32.309,-2.291,65.887,28.071,30.19,58.0
132430_1767669600,2,0,59.797,5.905,115.007,75.889,67.843,84.0
133957_1767669900,2,1,34.589,-41.723,73.818,20.505,27.547,40.0
122048_1767669900,2,3,-10.004,-22.658,18.556,-0.41,-5.207,0.0
132430_1767669900,2,0,8.266,-11.621,49.516,3.749,6.007,58.0
133957_1767670200,2,1,44.621,6.75,131.429,52.114,48.367,133.0
134040_1767670200,2,2,55.299,-4.799,123.468,52.359,53.829,110.0
129964_1767670200,2,2,77.373,24.285,150.428,75.521,76.447,74.0
135081_1767670200,2,2,48.794,6.005,78.234,59.842,54.318,14.0
122048_1767670200,2,3,15.465,-17.547,43.442,3.244,9.354,0.0
122048_1767670500,2,3,6.016,-2.322,38.593,17.318,11.667,0.0
129964_1767670500,2,2,20.469,-30.409,80.784,14.877,17.673,61.0
133957_1767670500,2,1,19.502,-29.105,125.525,32.497,26.0,55.0
134040_1767670500,2,2,129.49,42.149,206.452,99.077,114.284,129.0
135081_1767670500,2,2,52.565,-2.634,120.526,66.274,59.419,63.0
132430_1767670500,2,1,96.426,18.065,138.114,63.06,79.743,215.0
135081_1767670800,2,2,52.206,-12.571,123.23,61.928,57.067,54.0
129964_1767670800,2,2,94.006,46.895,176.555,93.341,93.674,-16.0
133957_1767670800,2,1,111.869,27.01,154.085,107.344,109.607,-10.0
122048_1767670800,2,3,29.567,4.11,36.005,38.594,34.08,0.0
134040_1767670800,2,2,82.171,9.075,167.613,99.134,90.652,132.0
132430_1767670800,2,1,51.551,-17.103,147.076,59.784,55.668,162.0
134040_1767671100,2,2,238.663,180.718,240.153,200.486,219.574,60.0
133957_1767671100,2,1,-14.41,-17.935,-7.201,25.183,5.386,-86.0
129964_1767671100,2,2,95.004,28.405,144.333,68.203,81.604,-55.0
132430_1767671100,2,1,61.707,-1.457,147.158,65.756,63.732,137.0
122048_1767671100,2,3,19.816,-1.732,27.087,1.797,10.807,0.0
135081_1767671100,2,2,33.385,0.88,79.43,57.966,45.676,45.0
122048_1767671400,2,3,16.672,13.459,17.05,14.175,15.423,0.0
129964_1767671400,2,2,36.765,-16.176,84.43,26.435,31.6,22.0
132430_1767671400,2,1,118.902,63.435,181.802,130.199,124.551,244.0
134040_1767671400,2,2,97.499,20.035,158.975,85.928,91.714,43.0
133957_1767671400,2,1,18.416,-71.792,104.063,20.931,19.673,-86.0
135081_1767671400,2,2,111.997,75.291,159.628,119.406,115.702,84.0
135081_1767671700,2,2,68.001,-1.278,121.982,52.754,60.378,104.0
132430_1767671700,2,1,137.83,103.333,172.49,106.319,122.074,324.0
133957_1767671700,2,1,13.721,-80.944,93.116,-16.17,-1.225,-40.0
134040_1767671700,2,2,57.164,8.623,128.52,56.345,56.754,-29.0
122048_1767671700,2,3,28.046,24.375,32.098,31.437,29.741,0.0
129964_1767671700,2,2,14.122,-40.825,87.56,12.226,13.174,-50.0
135081_1767672000,2,2,18.525,-26.555,91.44,10.175,14.35,-33.0
132430_1767672000,2,1,145.795,89.022,190.688,128.046,136.92,364.0
129964_1767672000,2,2,52.791,-21.366,117.774,38.869,45.83,-7.0
133957_1767672000,2,1,-45.881,-88.356,-0.494,-10.384,-28.133,-29.0
135081_1767672300,2,2,-17.84,-84.199,83.916,-20.783,-19.312,-40.0
133957_1767672300,2,1,-43.853,-101.593,18.586,-54.058,-48.955,-51.0
122048_1767672300,2,3,-8.556,-39.229,24.541,-9.564,-9.06,66.0
132430_1767672300,2,1,148.463,68.694,219.048,158.156,153.309,275.0
129964_1767672300,2,2,48.021,26.373,124.375,11.458,29.74,-9.0
133957_1767672600,2,1,-9.102,-84.888,63.274,-23.916,-16.509,-8.0
135081_1767672600,2,2,-45.168,-105.54,55.253,-41.329,-43.248,-145.0
122048_1767672600,2,3,-7.708,-58.486,63.239,-12.205,-9.957,66.0
132430_1767672600,2,1,213.441,149.32,290.776,187.035,200.238,322.0
133957_1767672900,2,1,11.889,-36.295,82.706,14.894,13.391,-34.0
122048_1767672900,2,3,27.718,-8.58,93.582,14.521,21.119,170.0
132430_1767672900,2,1,184.424,125.31,263.445,192.012,188.218,130.0
130238_1767672900,2,2,24.573,5.51,30.449,35.152,29.862,-23.0
135081_1767672900,2,2,-30.83,-85.525,30.877,-34.612,-32.721,-98.0
129964_1767672900,2,1,5.414,-76.94,61.667,-4.449,0.482,-29.0
129964_1767673200,2,1,58.329,-10.054,148.638,1.389,29.859,-57.0
130238_1767673200,2,2,61.715,33.976,105.572,64.574,63.144,39.0
122048_1767673200,2,3,84.39,10.615,162.267,78.485,81.437,41.0
132430_1767673200,2,1,271.728,226.555,365.906,291.719,281.723,129.0
135081_1767673200,2,2,-42.693,-83.514,34.848,-47.765,-45.229,71.0
129964_1767673500,2,1,30.488,-22.51,93.721,51.983,41.236,19.0
122048_1767673500,2,3,64.469,-1.379,155.072,86.103,75.286,25.0
132430_1767673500,2,1,215.59,151.765,303.465,212.315,213.952,265.0
130238_1767673500,2,2,41.338,21.766,86.725,35.956,38.647,26.0
135081_1767673500,2,2,-67.798,-75.783,5.738,-86.963,-77.38,64.0
130238_1767673800,2,2,46.99,20.078,88.381,81.377,64.183,10.0
131672_1767673800,2,3,-30.461,-51.405,60.23,3.705,-13.378,-73.0
133957_1767673800,2,4,49.28,-4.793,124.306,8.165,28.722,32.0
129964_1767673800,2,1,0.782,-32.058,40.174,2.729,1.756,-15.0
135081_1767673800,2,2,32.642,-24.873,92.807,20.962,26.802,111.0
129964_1767674100,2,1,84.569,5.434,150.542,67.113,75.841,72.0
130238_1767674100,2,2,53.015,-3.006,126.585,21.638,37.327,131.0
135081_1767674100,2,2,138.549,74.859,209.231,137.908,138.229,80.0
131672_1767674100,2,3,-21.479,-72.175,55.925,-22.791,-22.135,121.0
133957_1767674100,2,4,66.692,11.949,130.206,62.398,64.545,43.0
133957_1767674400,2,4,76.632,57.586,83.936,70.868,73.75,74.0
135081_1767674400,2,2,115.849,22.612,187.004,119.758,117.803,122.0
129964_1767674400,2,1,44.606,-17.43,114.047,28.888,36.747,95.0
131672_1767674400,2,3,-54.953,-96.408,26.075,-46.329,-50.641,145.0
130238_1767674400,2,2,-10.157,-60.114,44.519,-6.868,-8.513,168.0
130238_1767674700,2,2,158.287,62.62,236.249,127.652,142.969,240.0
131672_1767674700,2,3,-19.692,-61.146,43.166,-32.55,-26.121,125.0
133957_1767674700,2,4,95.067,63.154,149.086,112.668,103.868,171.0
135081_1767674700,2,2,42.158,-10.264,108.328,60.344,51.251,94.0
129964_1767674700,2,1,-1.424,-63.183,81.558,-6.445,-3.935,46.0
130238_1767675000,2,2,143.614,85.227,190.994,141.489,142.551,233.0
135081_1767675000,2,2,110.907,30.033,177.093,85.087,97.997,53.0
129964_1767675000,2,1,19.764,-42.712,120.396,13.361,16.562,38.0
131672_1767675000,2,3,107.039,45.882,168.501,127.825,117.432,166.0
133300_1767675000,2,2,45.721,10.874,87.783,0.838,23.28,99.0
133957_1767675000,2,4,42.705,14.309,127.08,44.281,43.493,92.0
135081_1767675300,2,2,146.928,83.671,213.894,101.102,124.015,208.0
133300_1767675300,2,2,33.217,27.617,33.534,6.318,19.767,99.0
131672_1767675300,2,3,97.339,26.874,148.351,112.647,104.993,88.0
129964_1767675300,2,1,53.832,-15.532,159.578,47.217,50.525,105.0
133957_1767675300,2,4,55.151,4.304,168.719,46.833,50.992,5.0
133957_1767675600,2,4,40.367,-18.552,119.546,42.586,41.476,-10.0
122048_1767675600,2,2,11.42,-57.387,53.146,8.65,10.035,-68.0
133300_1767675600,2,2,30.356,4.011,31.501,26.855,28.606,180.0
129964_1767675600,2,1,16.722,-26.771,111.226,25.003,20.863,46.0
135081_1767675600,2,2,82.586,26.932,137.948,80.142,81.364,299.0
133300_1767675900,2,2,99.271,67.603,129.022,74.561,86.916,135.0
122048_1767675900,2,2,-69.437,-117.392,-6.303,-55.081,-62.259,-86.0
129964_1767675900,2,1,69.223,3.948,138.402,65.17,67.196,20.0
133957_1767675900,2,4,20.204,-55.99,90.56,28.426,24.315,-32.0
135081_1767675900,2,2,256.619,217.221,337.96,240.628,248.623,224.0
133300_1767676200,2,2,229.648,150.762,282.273,209.601,219.624,170.0
129964_1767676200,2,1,84.883,32.083,174.541,87.409,86.146,91.0
135081_1767676200,2,2,313.116,260.007,381.854,283.992,298.554,126.0
133957_1767676200,2,4,-16.476,-83.425,56.209,-23.148,-19.812,95.0
122048_1767676200,2,2,28.539,-42.415,76.816,-27.939,0.3,25.0
135081_1767676500,2,2,114.33,110.524,142.391,128.594,121.462,-30.0
122048_1767676500,2,2,3.809,-70.04,94.548,3.566,3.688,-41.0
133300_1767676500,2,2,195.818,152.827,195.867,148.406,172.112,169.0
133957_1767676500,2,4,-1.404,-59.528,76.507,-32.299,-16.852,61.0
133300_1767676800,2,2,135.347,111.405,183.95,120.952,128.149,289.0
122048_1767676800,2,2,-3.364,-49.527,83.395,-12.38,-7.872,-163.0
133957_1767676800,2,4,-16.329,-81.414,78.301,-25.704,-21.016,7.0
122048_1767677100,2,2,-23.596,-40.002,28.252,-18.748,-21.172,-177.0
133957_1767677100,2,4,101.805,0.626,179.718,87.385,94.595,-94.0
122048_1767677400,2,2,-23.668,-24.465,-22.028,-20.125,-21.897,-65.0
133957_1767677400,2,4,64.316,-1.732,139.78,33.443,48.88,-91.0
133300_1767677400,2,1,64.239,8.02,88.362,44.107,54.173,87.0
130238_1767677400,2,4,15.132,-38.737,86.646,16.146,15.639,-50.0
134040_1767677400,2,2,97.069,65.748,133.631,85.162,91.115,71.0
122048_1767677700,2,2,-64.593,-66.362,-34.472,-34.108,-49.351,12.0
134040_1767677700,2,2,109.911,34.808,137.917,100.301,105.106,174.0
133300_1767677700,2,1,-5.526,-15.761,12.741,23.698,9.086,87.0
130238_1767677700,2,4,14.328,-38.056,80.781,9.383,11.856,-47.0
130238_1767678000,2,4,83.439,-8.935,125.581,70.635,77.037,-45.0
133300_1767678000,2,1,39.229,14.054,79.889,81.412,60.32,108.0
134040_1767678000,2,2,-35.27,-35.312,-34.243,8.912,-13.179,-25.0
122048_1767678000,2,2,-2.479,-17.017,3.146,-28.856,-15.667,47.0
133300_1767678300,2,1,63.163,42.335,153.476,67.117,65.14,59.0
130238_1767678300,2,4,-7.175,-47.165,47.854,-27.887,-17.531,-142.0
122048_1767678300,2,2,-86.445,-113.147,-56.7,-54.002,-70.224,124.0
133300_1767678600,2,1,137.065,117.68,195.541,152.056,144.56,40.0
122048_1767678600,2,2,-42.635,-62.005,-13.911,-13.61,-28.123,172.0
133300_1767678900,2,1,61.825,26.828,85.901,66.262,64.043,-2.0
122048_1767678900,2,2,-7.346,-21.931,27.143,31.754,12.204,140.0
133957_1767679500,2,0,41.284,-6.242,56.468,39.719,40.501,49.0
130238_1767679500,2,4,-54.953,-109.103,11.0,-52.287,-53.62,0.0
130238_1767679800,2,4,-57.728,-58.618,-49.609,-70.313,-64.021,0.0
133957_1767679800,2,0,47.348,40.658,61.932,56.363,51.855,71.0
132430_1767679800,2,2,52.882,15.268,65.565,41.051,46.967,73.0
134040_1767679800,2,1,15.342,12.142,33.112,16.138,15.74,23.0
132430_1767680100,2,2,36.274,-0.319,109.783,54.674,45.474,73.0
134040_1767680100,2,1,38.878,28.777,42.921,44.827,41.852,26.0
133957_1767680100,2,0,33.645,17.315,37.629,47.555,40.6,111.0
130238_1767680100,2,4,-57.11,-71.912,-34.684,-45.003,-51.057,0.0
134040_1767680400,2,1,46.725,43.034,55.28,36.846,41.785,-52.0
133957_1767680400,2,0,-0.137,-16.633,45.851,18.408,9.136,18.0
130238_1767680400,2,4,-1.309,-42.585,62.299,22.342,10.517,0.0
132430_1767680400,2,2,19.344,15.894,59.03,49.181,34.262,-15.0
129964_1767680400,2,0,23.926,-17.151,77.246,-2.565,10.68,-51.0
134040_1767680700,2,1,2.025,-43.025,81.234,-5.822,-1.899,-87.0
132430_1767680700,2,2,2.123,-1.237,38.315,38.54,20.331,-42.0
133957_1767680700,2,0,-2.265,-20.239,56.86,9.146,3.44,39.0
130238_1767680700,2,4,29.545,-21.138,80.88,30.736,30.14,0.0
129964_1767680700,2,0,17.661,-64.204,84.724,1.65,9.655,-106.0
133957_1767681000,2,0,-37.875,-82.964,58.513,-15.222,-26.549,-30.0
129964_1767681000,2,0,18.479,-33.385,39.011,34.41,26.444,7.0
132430_1767681000,2,2,74.672,73.1,84.475,100.001,87.337,32.0
130238_1767681000,2,4,27.904,16.672,41.885,6.403,17.154,0.0
122658_1767681000,2,2,155.834,148.195,168.617,168.14,161.987,181.0
133300_1767681000,2,2,-0.641,-16.641,36.148,14.444,6.901,12.0
134040_1767681000,2,1,28.031,-15.725,66.898,4.832,16.432,-111.0
134040_1767681300,2,1,27.352,-33.432,101.081,-3.99,11.681,-75.0
129964_1767681300,2,0,-26.893,-53.765,5.904,-4.49,-15.691,47.0
132430_1767681300,2,2,24.762,1.008,65.918,-2.817,10.972,126.0
133300_1767681300,2,2,40.822,-2.128,93.127,49.763,45.292,-61.0
122658_1767681300,2,2,-48.649,-54.393,-9.202,-19.221,-33.935,0.0
130238_1767681300,2,4,34.699,13.236,44.65,14.66,24.68,0.0
133957_1767681300,2,0,-22.799,-79.24,60.975,-15.229,-19.014,-59.0
130238_1767681600,2,4,7.149,-12.884,22.928,18.259,12.704,0.0
133300_1767681600,2,2,29.103,-10.735,92.887,36.002,32.552,159.0
134040_1767681600,2,1,-3.976,-60.178,55.343,3.114,-0.431,1.0
133957_1767681600,2,0,11.527,-31.181,73.283,3.813,7.67,-30.0
132430_1767681600,2,2,-54.812,-99.675,45.536,-26.324,-40.568,65.0
122658_1767681600,2,2,5.732,-27.435,47.011,-0.54,2.596,0.0
129964_1767681600,2,0,-17.257,-39.17,13.992,-8.821,-13.039,39.0
131672_1767681900,2,3,10.848,-5.091,103.694,42.771,26.81,37.0
133300_1767681900,2,2,0.052,-18.134,4.344,-64.909,-32.428,79.0
130238_1767681900,2,4,-18.302,-29.537,-11.883,-8.304,-13.303,0.0
134040_1767681900,2,1,2.751,-57.047,73.298,-9.064,-3.157,-38.0
129964_1767681900,2,0,35.217,0.65,93.014,18.304,26.761,148.0
122658_1767681900,2,2,-6.78,-43.394,29.362,22.744,7.982,0.0
133957_1767681900,2,0,8.581,-53.264,62.68,-1.399,3.591,-58.0
132430_1767681900,2,2,-20.945,-93.912,78.102,22.248,0.651,-62.0
133957_1767682200,2,0,-43.897,-99.953,17.789,-55.737,-49.817,-19.0
133300_1767682200,2,2,-2.199,-42.415,101.749,12.086,4.943,79.0
131672_1767682200,2,3,45.614,8.269,109.099,58.723,52.168,13.0
134040_1767682200,2,1,-19.741,-57.26,67.018,-14.246,-16.993,-71.0
129964_1767682200,2,0,53.577,-12.997,120.12,44.07,48.824,188.0
132430_1767682200,2,2,34.512,-42.515,108.039,53.374,43.943,-16.0
122658_1767682200,2,2,1.402,-48.189,62.827,0.723,1.063,0.0
129964_1767682500,2,0,62.669,16.44,126.624,55.674,59.171,84.0
132430_1767682500,2,2,-48.148,-75.515,41.392,-27.162,-37.655,248.0
133300_1767682500,2,2,20.707,-8.031,79.117,30.081,25.394,173.0
131672_1767682500,2,3,46.317,30.189,95.097,78.983,62.65,16.0
133957_1767682500,2,0,41.551,-28.355,144.297,26.163,33.857,-45.0
122658_1767682500,2,2,2.039,-17.498,43.992,-0.735,0.652,0.0
134040_1767682500,2,1,51.613,-20.13,170.397,22.437,37.025,46.0
133957_1767682800,2,0,17.039,-41.198,122.664,-2.787,7.126,-74.0
132430_1767682800,2,2,34.293,-40.178,126.717,26.211,30.252,267.0
122658_1767682800,2,2,1.891,-26.712,59.299,-1.156,0.368,0.0
133300_1767682800,2,2,81.299,9.604,142.932,68.919,75.109,135.0
131672_1767682800,2,3,59.324,13.541,109.17,68.421,63.873,-48.0
129964_1767682800,2,0,145.117,52.11,233.114,134.341,139.729,70.0
133957_1767683100,2,0,25.538,-10.479,128.986,1.345,13.441,-8.0
133300_1767683100,2,2,182.539,139.672,240.553,205.062,193.801,169.0
131672_1767683100,2,3,-8.153,-42.117,22.549,24.692,8.269,-52.0
132430_1767683100,2,2,-40.772,-102.083,73.155,-32.474,-36.623,408.0
129964_1767683100,2,0,166.021,85.699,234.821,166.71,166.366,154.0
122658_1767683100,2,2,-0.515,-7.111,27.794,-3.837,-2.176,0.0
129964_1767683400,2,0,77.559,13.019,151.065,81.751,79.655,81.0
131672_1767683400,2,3,-89.7,-120.36,52.714,-66.279,-77.989,-178.0
122658_1767683400,2,2,23.712,-44.18,79.438,-5.662,9.025,-11.0
132430_1767683400,2,2,202.481,134.878,250.648,203.139,202.81,270.0
133300_1767683400,2,2,197.315,147.647,234.833,154.997,176.156,166.0
129964_1767683700,2,0,167.132,99.195,216.389,162.366,164.749,145.0
133300_1767683700,2,2,143.277,108.196,186.34,147.335,145.306,240.0
133957_1767683700,2,0,13.053,-38.328,72.984,-3.854,4.599,10.0
122658_1767683700,2,2,50.973,-2.355,139.931,6.48,28.727,96.0
132430_1767683700,2,2,185.201,161.821,236.265,226.157,205.679,163.0
131672_1767683700,2,3,-41.226,-84.795,54.405,-54.445,-47.836,-200.0
122658_1767684000,2,2,82.052,-0.535,132.31,24.388,53.22,58.0
131672_1767684000,2,3,-58.137,-92.45,70.16,-63.111,-60.624,-74.0
133957_1767684000,2,0,42.143,-8.18,121.676,42.16,42.151,33.0
133300_1767684000,2,2,-2.539,-17.507,35.249,43.889,20.675,116.0
129964_1767684000,2,0,91.413,46.144,163.447,86.16,88.786,134.0
132430_1767684000,2,2,167.798,116.308,217.153,207.47,187.634,246.0
133300_1767684300,2,2,43.998,14.26,96.764,22.583,33.29,116.0
122658_1767684300,2,2,34.646,-20.153,80.628,21.61,28.128,118.0
132430_1767684300,2,2,93.799,51.071,156.218,138.973,116.386,230.0
130238_1767684300,2,3,89.267,56.305,109.795,43.179,66.223,16.0
133957_1767684300,2,0,70.618,30.822,179.967,59.608,65.113,71.0
131672_1767684300,2,3,7.596,-71.836,77.201,-13.917,-3.161,24.0
131672_1767684600,2,3,22.652,-46.163,107.359,-1.573,10.54,-63.0
129964_1767684600,2,4,-19.657,-96.74,77.19,-14.717,-17.187,-29.0
122658_1767684600,2,2,84.102,12.453,128.548,85.016,84.559,97.0
135081_1767684600,2,1,-93.7,-140.129,-11.097,-86.615,-90.158,-78.0
132430_1767684600,2,2,98.159,48.643,150.259,131.58,114.87,215.0
122048_1767684600,2,0,364.231,340.964,369.211,350.575,357.403,350.0
133300_1767684600,2,2,28.231,-12.703,76.875,28.238,28.234,214.0
131672_1767684900,2,3,6.387,-40.153,82.344,26.411,16.399,-96.0
135081_1767684900,2,1,-43.181,-90.625,44.421,-45.547,-44.364,-28.0
122048_1767684900,2,0,351.627,344.424,364.471,340.29,345.958,304.0
129964_1767684900,2,4,-0.584,-44.371,106.444,-27.106,-13.845,-70.0
132430_1767684900,2,2,110.039,87.446,132.923,153.032,131.535,183.0
133300_1767684900,2,2,92.406,5.096,147.799,88.087,90.246,244.0
122658_1767684900,2,2,73.045,70.883,132.701,119.584,96.315,97.0
135081_1767685200,2,1,-42.354,-112.158,22.861,-38.198,-40.276,59.0
122048_1767685200,2,0,286.242,269.929,324.671,288.145,287.193,183.0
133300_1767685200,2,2,210.565,151.503,268.727,217.027,213.796,255.0
122658_1767685200,2,2,-21.473,-29.173,-11.589,-22.091,-21.782,0.0
131672_1767685200,2,3,-28.309,-79.833,55.801,4.841,-11.734,-126.0
129964_1767685200,2,4,64.355,7.314,181.063,65.643,64.999,-34.0
122048_1767685500,2,0,323.07,296.518,370.516,306.825,314.947,141.0
129964_1767685500,2,4,22.803,-16.982,83.925,3.504,13.153,-4.0
132430_1767685500,2,3,77.542,37.85,97.951,25.977,51.759,167.0
135081_1767685500,2,1,3.179,-46.217,85.599,-21.482,-9.151,275.0
122658_1767685500,2,2,-3.271,-6.313,0.433,-6.596,-4.934,0.0
133300_1767685500,2,2,289.739,282.745,293.865,254.722,272.231,286.0
135081_1767685800,2,1,39.802,14.328,87.808,46.678,43.24,288.0
133300_1767685800,2,2,267.635,229.393,290.056,227.49,247.562,404.0
132430_1767685800,2,3,47.085,41.056,56.958,7.243,27.164,64.0
129964_1767685800,2,4,43.744,-20.379,103.021,23.421,33.583,17.0
122048_1767685800,2,0,208.097,104.587,286.24,212.292,210.194,45.0
122658_1767685800,2,2,1.926,-34.552,38.357,10.954,6.44,0.0
135081_1767686100,2,1,217.729,124.838,292.447,214.148,215.938,247.0
132430_1767686100,2,3,34.695,-10.644,67.99,22.73,28.712,53.0
122048_1767686100,2,0,78.923,18.514,130.705,97.666,88.295,-35.0
122658_1767686100,2,2,0.944,-24.591,10.762,3.067,2.005,0.0
129964_1767686100,2,4,19.729,-49.199,71.291,27.135,23.432,162.0
133300_1767686400,2,2,107.987,62.927,108.589,64.706,86.346,-26.0
132430_1767686400,2,3,64.168,-26.816,115.396,92.141,78.155,30.0
130238_1767686400,2,2,140.923,64.451,215.762,137.6,139.261,107.0
129964_1767686400,2,4,-22.811,-97.91,52.508,-19.58,-21.195,97.0
122048_1767686400,2,0,101.623,27.292,177.789,78.224,89.924,-43.0
130238_1767686700,2,2,106.245,85.819,161.277,138.168,122.206,1.0
122048_1767686700,2,0,46.955,-23.144,105.122,37.05,42.003,-49.0
132430_1767686700,2,3,119.438,37.96,204.876,118.546,118.992,53.0
129964_1767686700,2,4,84.122,15.056,112.486,89.217,86.67,64.0
122048_1767687000,2,0,12.452,-53.673,78.114,-0.065,6.194,104.0
132430_1767687000,2,3,67.681,11.804,135.919,52.667,60.174,42.0
129964_1767687000,2,4,91.758,4.913,165.161,95.1,93.429,42.0
132430_1767687300,2,3,51.147,-2.346,148.939,57.54,54.343,-108.0
122048_1767687300,2,0,3.28,-51.415,84.992,14.0,8.64,99.0
129964_1767687300,2,4,84.073,2.711,137.667,83.152,83.612,108.0
132430_1767687600,2,3,-6.51,-29.493,64.858,21.82,7.655,-132.0
122048_1767687600,2,0,43.939,-22.082,115.99,60.525,52.232,49.0
129964_1767687600,2,4,7.645,-58.898,73.004,-4.379,1.633,8.0
129964_1767687900,2,4,56.66,-32.866,114.024,41.588,49.124,95.0
132430_1767687900,2,3,6.648,-60.225,72.956,-12.267,-2.809,-101.0
122048_1767687900,2,0,115.329,9.303,211.392,127.498,121.414,80.0
122658_1767688200,2,0,-15.184,-105.724,79.306,-2.127,-8.656,137.0
131672_1767688200,2,3,59.638,42.741,62.695,22.408,41.023,16.0
130238_1767688200,2,4,26.636,25.089,194.49,83.086,54.861,27.0
132430_1767688200,2,3,-39.913,-97.644,65.023,-77.19,-58.552,194.0
122048_1767688200,2,0,45.743,-16.494,101.964,32.747,39.245,68.0
134040_1767688200,2,0,70.679,-12.025,173.816,45.793,58.236,154.0
122048_1767688500,2,0,105.206,26.487,169.662,110.109,107.658,49.0
122658_1767688500,2,0,102.428,1.811,107.197,42.241,72.334,-33.0
134040_1767688500,2,0,54.847,14.308,111.215,74.574,64.71,141.0
131672_1767688500,2,3,75.937,26.856,95.807,41.174,58.555,20.0
130238_1767688500,2,4,66.827,24.953,147.912,78.797,72.812,-8.0
132430_1767688500,2,3,7.872,-40.073,86.786,-13.344,-2.736,268.0
122048_1767688800,2,0,87.335,-0.748,144.723,83.659,85.497,76.0
134040_1767688800,2,0,86.352,3.826,181.025,78.853,82.602,128.0
132430_1767688800,2,3,158.055,108.879,237.653,175.947,167.001,284.0
131672_1767688800,2,3,71.558,20.033,80.006,25.936,48.747,-17.0
122658_1767688800,2,0,106.978,101.07,161.533,112.417,109.697,-34.0
130238_1767688800,2,4,64.764,13.712,166.79,66.676,65.72,-92.0
131672_1767689100,2,3,37.821,-14.22,117.809,64.201,51.011,17.0
122658_1767689100,2,0,-47.525,-61.744,-28.283,-44.557,-46.041,-34.0
134040_1767689100,2,0,35.677,-5.457,100.996,70.417,53.047,26.0
122048_1767689100,2,0,42.888,-13.779,125.18,22.847,32.868,94.0
132430_1767689100,2,3,124.837,48.231,173.996,138.807,131.822,163.0
130238_1767689100,2,4,18.038,-33.167,121.557,23.866,20.952,-120.0
122658_1767689400,2,0,-18.39,-33.296,5.279,-37.316,-27.853,-34.0
131672_1767689400,2,3,47.042,-8.213,117.048,38.931,42.986,-72.0
130238_1767689400,2,4,-34.722,-82.03,22.894,-40.513,-37.617,37.0
133300_1767689400,2,3,47.254,-0.21,48.653,24.054,35.654,9.0
134040_1767689400,2,0,31.091,-26.013,82.849,59.817,45.454,94.0
132430_1767689400,2,3,245.914,148.231,278.616,251.875,248.895,85.0
122048_1767689400,2,0,0.29,-34.328,75.128,13.537,6.914,121.0
130238_1767689700,2,4,-25.983,-96.385,65.394,-41.094,-33.538,57.0
122658_1767689700,2,0,-25.179,-38.109,3.362,-51.706,-38.442,-34.0
122613_1767689700,2,0,19.52,0.464,25.944,22.14,20.83,49.0
122048_1767689700,2,0,0.548,-78.081,73.175,-5.355,-2.404,116.0
132430_1767689700,2,3,145.431,65.566,207.909,183.732,164.581,7.0
134040_1767689700,2,0,10.232,-41.166,74.063,40.484,25.358,46.0
133300_1767689700,2,3,51.061,-21.126,109.525,36.374,43.717,9.0
131672_1767689700,2,3,-102.714,-110.814,-11.491,-13.136,-57.925,-222.0
122048_1767690000,2,0,41.0,-47.137,89.963,44.342,42.671,73.0
134040_1767690000,2,0,52.393,-12.187,113.339,62.682,57.537,159.0
122658_1767690000,2,0,-38.981,-39.238,-31.151,-40.305,-39.643,-34.0
129964_1767690000,2,2,48.422,-4.697,113.965,40.036,44.229,65.0
131672_1767690000,2,3,-47.387,-100.523,68.445,-35.65,-41.519,-208.0
130238_1767690000,2,4,11.209,-49.733,108.141,0.564,5.886,40.0
133300_1767690000,2,3,87.497,11.506,113.818,47.21,67.354,68.0
133957_1767690000,2,0,-62.713,-133.55,-2.322,-46.128,-54.421,-116.0
122048_1767690300,2,0,47.913,-24.162,129.757,38.096,43.004,-33.0
129964_1767690300,2,2,37.428,-20.465,117.083,34.467,35.947,66.0
130238_1767690300,2,4,97.502,16.422,147.983,74.337,85.92,49.0
133300_1767690300,2,3,79.498,-5.18,140.313,70.377,74.938,69.0
122658_1767690300,2,0,-15.357,-16.091,-9.27,12.457,-1.45,-34.0
134040_1767690300,2,0,18.851,-16.822,79.837,58.524,38.687,-28.0
131672_1767690300,2,3,-87.982,-123.629,22.087,-96.033,-92.008,-157.0
133957_1767690300,2,0,-27.521,-91.761,34.763,-43.986,-35.754,-68.0
130238_1767690600,2,4,45.793,24.58,73.738,50.915,48.354,57.0
133300_1767690600,2,3,69.695,28.87,154.743,81.754,75.725,59.0
131672_1767690600,2,3,-129.266,-152.876,-121.757,-46.113,-87.69,-39.0
122658_1767690600,2,0,-0.851,-8.239,16.895,0.029,-0.411,-34.0
129964_1767690600,2,2,27.224,-59.971,109.768,37.679,32.451,79.0
133957_1767690600,2,0,-115.313,-134.094,-8.682,-67.14,-91.226,-88.0
122658_1767690900,2,0,5.083,-7.158,50.002,-4.273,0.405,-34.0
133300_1767690900,2,3,98.184,28.774,161.723,105.151,101.668,62.0
133957_1767690900,2,0,-47.847,-89.828,39.839,-41.957,-44.902,-111.0
131672_1767690900,2,3,-45.913,-62.538,-18.627,-8.919,-27.416,-68.0
129964_1767690900,2,2,21.149,-48.042,73.059,39.296,30.222,58.0
131672_1767691200,2,3,-47.955,-115.85,6.131,-34.46,-41.208,-65.0
129964_1767691200,2,2,5.711,-65.157,108.401,28.75,17.23,64.0
133957_1767691200,2,0,-59.135,-111.355,41.746,-75.956,-67.546,9.0
130238_1767691200,2,4,-15.829,-27.884,21.31,-28.289,-22.059,0.0
133300_1767691200,2,3,159.238,85.869,237.674,143.297,151.268,135.0
129964_1767691500,2,2,86.367,16.671,155.169,76.433,81.4,94.0
131672_1767691500,2,3,31.189,-30.994,97.149,32.211,31.7,-10.0
130238_1767691500,2,4,-48.618,-50.148,-6.445,-43.781,-46.2,0.0
133957_1767691800,2,1,-0.448,-52.75,59.491,15.063,7.308,48.0
129964_1767691800,2,2,70.247,-11.363,119.462,65.867,68.057,42.0
122048_1767691800,2,4,-34.451,-38.032,166.653,17.485,-8.483,233.0
130238_1767691800,2,4,-6.495,-7.152,2.438,-15.292,-10.894,0.0
130238_1767692100,2,4,-3.733,-25.472,14.395,3.751,0.009,0.0
133957_1767692100,2,1,48.332,-7.443,101.384,33.343,40.837,50.0
129964_1767692100,2,2,47.927,-27.901,103.472,57.049,52.488,16.0
122048_1767692100,2,4,-32.04,-108.386,23.711,-26.34,-29.19,200.0
129964_1767692400,2,2,59.05,-3.487,124.282,66.457,62.753,106.0
130238_1767692400,2,4,24.574,19.336,27.216,11.553,18.063,0.0
133957_1767692400,2,1,67.61,13.354,82.738,54.421,61.015,223.0
122048_1767692400,2,4,36.745,-39.841,149.214,-8.29,14.228,91.0
130238_1767692700,2,4,10.004,-8.877,15.423,-9.196,0.404,0.0
122048_1767692700,2,4,126.828,99.731,142.858,136.479,131.653,-63.0
133957_1767692700,2,1,58.533,10.618,135.559,55.83,57.182,191.0
130238_1767693000,2,4,-6.264,-32.499,4.991,-13.05,-9.657,0.0
122048_1767693000,2,4,39.627,-10.757,40.938,39.39,39.509,-67.0
133957_1767693000,2,1,99.104,28.462,177.871,95.534,97.319,80.0
130238_1767693300,2,4,-22.95,-35.994,8.785,-20.294,-21.622,0.0
132430_1767693300,2,0,68.388,10.947,90.112,25.345,46.866,132.0
133957_1767693300,2,1,69.009,13.746,145.371,62.819,65.914,23.0
122048_1767693300,2,4,-82.004,-102.069,-32.514,-49.579,-65.792,-115.0
122613_1767693600,2,1,-79.487,-160.281,3.068,-100.819,-90.153,-180.0
122048_1767693600,2,4,-32.407,-106.356,29.434,-33.839,-33.123,-142.0
133300_1767693600,2,3,113.049,41.941,193.504,88.227,100.638,168.0
132430_1767693600,2,0,1.412,-99.03,89.928,23.799,12.605,132.0
133957_1767693600,2,1,113.678,47.027,195.48,106.525,110.102,-24.0
122613_1767693900,2,1,-81.648,-117.049,-74.841,-124.122,-102.885,-108.0
122048_1767693900,2,4,-105.935,-122.059,-53.445,-94.609,-100.272,-110.0
133957_1767693900,2,1,43.921,0.077,126.313,47.794,45.857,13.0
132430_1767693900,2,0,54.048,49.989,62.458,30.402,42.225,33.0
133300_1767694200,2,4,8.802,-45.134,73.931,45.548,27.175,-63.0
122613_1767694200,2,1,-151.415,-196.162,-109.356,-121.015,-136.215,-140.0
122048_1767694200,2,4,-90.914,-136.818,-48.246,-81.869,-86.392,-50.0
132430_1767694200,2,0,68.244,1.682,129.12,76.446,72.345,90.0
133957_1767694200,2,1,5.328,-80.402,66.499,-9.174,-1.923,21.0
122613_1767694500,2,1,-105.354,-164.892,-58.474,-103.32,-104.337,-70.0
132430_1767694500,2,0,73.941,11.348,194.205,85.66,79.8,144.0
133957_1767694500,2,1,-74.065,-114.393,0.785,-61.426,-67.745,-22.0
122048_1767694500,2,4,-46.989,-97.999,-26.351,-37.137,-42.063,-184.0
133300_1767694500,2,4,-5.398,-49.778,102.797,3.308,-1.045,-63.0
132430_1767694800,2,0,89.273,-15.903,203.257,51.749,70.511,233.0
133957_1767694800,2,1,35.688,-56.706,101.189,39.725,37.707,24.0
122048_1767694800,2,4,-103.533,-129.798,-75.569,-87.523,-95.528,-250.0
122613_1767694800,2,1,-79.782,-137.384,-25.309,-96.803,-88.293,-38.0
133300_1767694800,2,4,28.351,-17.838,119.674,20.863,24.607,54.0
122613_1767695100,2,1,-45.22,-84.589,21.276,-38.382,-41.801,30.0
122048_1767695100,2,4,-187.338,-209.023,-103.114,-143.14,-165.239,-359.0
133300_1767695100,2,4,24.756,-41.488,69.273,11.919,18.337,90.0
132430_1767695100,2,0,93.109,5.338,209.422,99.43,96.269,116.0
133957_1767695100,2,1,-34.945,-95.808,55.809,-34.056,-34.5,-17.0
132430_1767695400,2,0,106.395,48.809,203.527,124.642,115.518,26.0
129964_1767695400,2,3,46.274,12.263,107.096,90.963,68.619,-51.0
130238_1767695400,2,3,69.03,-8.316,114.743,67.576,68.303,-12.0
122613_1767695400,2,1,13.896,-37.846,72.795,-8.897,2.499,123.0
133957_1767695400,2,1,-17.009,-55.829,44.878,-13.88,-15.444,28.0
129964_1767695700,2,3,71.713,20.637,136.08,106.51,89.111,-51.0
132430_1767695700,2,0,159.282,88.867,244.036,160.338,159.81,30.0
130238_1767695700,2,3,101.596,-31.056,169.863,58.307,79.952,2.0
122613_1767695700,2,1,75.99,29.698,117.298,58.503,67.246,61.0
129964_1767696000,2,3,92.174,24.35,164.945,128.663,110.418,-11.0
133957_1767696000,2,0,-31.214,-107.003,32.058,-40.25,-35.732,138.0
132430_1767696000,2,0,52.947,-29.22,176.959,46.837,49.892,-71.0
130238_1767696000,2,3,8.696,-28.749,121.213,26.685,17.69,-34.0
132430_1767696300,2,0,70.243,-3.646,169.049,65.694,67.969,221.0
129964_1767696300,2,3,29.093,-42.113,88.667,24.61,26.851,73.0
133957_1767696300,2,0,-38.211,-57.705,27.229,-1.592,-19.902,156.0
130238_1767696300,2,3,28.597,0.661,104.632,22.516,25.557,10.0
132430_1767696600,2,0,89.364,26.037,148.425,85.257,87.31,264.0
129964_1767696600,2,3,72.676,33.191,148.343,64.123,68.4,111.0
133957_1767696600,2,0,51.633,-15.691,147.708,72.682,62.157,185.0
130238_1767696600,2,3,-37.992,-106.486,46.707,-35.04,-36.516,46.0
129964_1767696900,2,3,160.214,88.111,195.635,123.848,142.031,140.0
122613_1767696900,2,3,35.438,14.496,42.142,10.585,23.011,0.0
133957_1767696900,2,0,209.438,107.99,259.388,203.804,206.621,111.0
132430_1767696900,2,0,197.03,77.71,254.122,210.574,203.802,113.0
130238_1767696900,2,3,-86.801,-121.735,-10.701,-75.921,-81.361,29.0
132430_1767697200,2,0,144.865,77.724,215.724,144.798,144.831,17.0
133300_1767697200,2,1,62.331,19.853,122.01,52.043,57.187,49.0
133957_1767697200,2,0,186.971,117.89,278.833,164.057,175.514,64.0
129964_1767697200,2,3,39.878,-15.292,101.433,46.198,43.038,133.0
130238_1767697200,2,3,69.139,19.001,107.198,61.168,65.153,40.0
129964_1767697500,2,3,30.412,-25.324,92.214,22.765,26.589,75.0
133957_1767697500,2,0,80.915,14.793,179.257,78.818,79.866,3.0
132430_1767697500,2,0,95.21,31.906,145.801,109.701,102.455,86.0
130238_1767697500,2,3,31.209,-40.466,87.443,23.514,27.362,32.0
133300_1767697500,2,1,38.868,-33.744,88.613,8.369,23.619,77.0
133957_1767697800,2,0,55.242,-24.858,102.005,63.656,59.449,18.0
135081_1767697800,2,0,-95.589,-98.402,-74.333,36.056,-29.766,77.0
132430_1767697800,2,0,107.151,30.526,154.855,92.614,99.883,70.0
133300_1767697800,2,1,4.316,-30.884,81.672,22.324,13.32,65.0
129964_1767697800,2,3,55.042,-12.57,116.947,56.114,55.578,26.0
135081_1767698100,2,0,-34.065,-85.369,-27.759,62.465,14.2,95.0
133300_1767698100,2,1,52.08,27.803,135.872,56.601,54.34,151.0
132430_1767698100,2,0,83.288,38.137,142.162,57.379,70.334,49.0
133957_1767698100,2,0,-5.155,-48.294,46.06,-1.288,-3.222,-47.0
131672_1767698100,2,3,38.92,38.831,88.733,49.83,44.375,27.0
129964_1767698100,2,3,28.159,-18.775,82.139,32.51,30.335,10.0
135081_1767698400,2,0,-4.198,-51.943,45.539,86.355,41.078,135.0
129964_1767698400,2,3,5.659,-22.614,86.333,30.368,18.014,14.0
132430_1767698400,2,0,88.083,58.331,117.165,73.334,80.709,49.0
131672_1767698400,2,3,79.507,66.477,88.705,64.685,72.096,60.0
133957_1767698400,2,0,-14.901,-83.63,42.744,-18.422,-16.661,-69.0
133300_1767698400,2,1,149.529,88.825,242.832,114.973,132.251,225.0
131672_1767698700,2,3,89.258,80.208,98.373,83.908,86.583,82.0
129964_1767698700,2,3,-68.254,-103.043,20.847,-73.344,-70.799,0.0
135081_1767698700,2,0,105.667,33.605,155.53,73.393,89.53,126.0
133957_1767698700,2,0,-73.033,-133.065,-4.812,-67.126,-70.079,-145.0
133957_1767699000,2,0,-26.658,-72.266,63.453,-43.879,-35.268,-96.0
129964_1767699000,2,3,-28.517,-84.51,35.821,-25.678,-27.098,80.0
132430_1767699000,2,1,41.224,-2.691,101.256,69.456,55.34,14.0
135081_1767699000,2,0,191.682,130.293,252.056,217.45,204.566,28.0
122613_1767699000,2,1,-2.12,-7.793,4.363,8.819,3.349,0.0
131672_1767699000,2,3,74.932,46.74,108.091,101.062,87.997,4.0
132430_1767699300,2,1,58.25,52.477,62.111,38.035,48.143,14.0
122613_1767699300,2,1,-34.61,-41.865,-26.996,-38.914,-36.762,0.0
129964_1767699300,2,3,-20.761,-55.153,49.493,-53.298,-37.03,49.0
133957_1767699300,2,0,-126.711,-133.227,-52.15,-85.859,-106.285,-249.0
131672_1767699300,2,3,72.025,22.145,109.884,64.299,68.162,40.0
135081_1767699300,2,0,132.768,78.516,205.372,135.538,134.153,45.0
131672_1767699600,2,3,-91.603,-135.792,-20.524,-27.271,-59.437,-28.0
133957_1767699600,2,0,-110.725,-145.048,-38.692,-102.034,-106.379,-254.0
135081_1767699600,2,0,47.769,-6.633,111.781,35.289,41.529,55.0
132430_1767699600,2,1,22.21,-51.734,111.953,60.827,41.519,-87.0
122613_1767699600,2,1,-44.751,-48.78,-34.319,-45.083,-44.917,-145.0
135081_1767699900,2,0,12.981,-16.706,52.798,-6.685,3.148,36.0
129964_1767699900,2,1,-41.724,-71.373,35.887,-17.891,-29.808,-53.0
132430_1767699900,2,1,71.263,30.152,110.741,55.775,63.519,-110.0
131672_1767699900,2,3,-69.455,-89.579,24.175,-49.331,-59.393,-29.0
133957_1767699900,2,0,-154.737,-156.821,-112.633,-127.003,-140.87,-158.0
122613_1767699900,2,1,58.408,-26.813,127.577,26.4,42.404,-230.0
131672_1767700200,2,3,2.752,-64.297,101.6,19.34,11.046,-23.0
129964_1767700200,2,1,-19.58,-61.839,103.682,-9.172,-14.376,-73.0
133957_1767700200,2,0,122.543,15.288,152.586,-68.586,26.979,80.0
135081_1767700200,2,0,-53.14,-100.694,13.687,-41.359,-47.25,-24.0
132430_1767700200,2,1,47.513,-21.701,96.28,34.36,40.937,-136.0
122613_1767700200,2,1,37.569,-24.241,85.34,19.965,28.767,-116.0
129964_1767700500,2,1,37.974,-8.527,126.421,49.409,43.692,90.0
132430_1767700500,2,1,-124.356,-129.17,-91.119,-106.945,-115.65,-6.0
133957_1767700500,2,0,64.918,23.714,127.316,-12.552,26.183,42.0
131672_1767700500,2,3,-29.07,-84.793,29.62,-20.549,-24.809,-47.0
122613_1767700500,2,1,-30.634,-84.042,-7.016,-21.587,-26.111,-79.0
135081_1767700500,2,0,-66.588,-134.174,-3.385,-60.539,-63.563,-98.0
122048_1767700800,2,3,-27.829,-80.211,3.51,-33.893,-30.861,374.0
131672_1767700800,2,3,-112.749,-134.424,-59.544,-79.039,-95.894,-105.0
133300_1767700800,2,0,108.839,56.046,154.88,94.763,101.801,260.0
122613_1767700800,2,1,-60.986,-117.457,1.365,-81.791,-71.389,-50.0
122658_1767700800,2,3,66.033,10.513,79.137,67.035,66.534,143.0
122048_1767701100,2,3,202.805,147.6,247.998,221.441,212.123,312.0
122658_1767701100,2,3,176.783,173.3,195.392,165.303,171.043,121.0
122613_1767701100,2,1,-70.308,-84.642,-57.055,-73.41,-71.859,-155.0
131672_1767701100,2,3,-72.898,-123.407,-23.544,-45.711,-59.305,-83.0
122613_1767701400,2,1,-78.389,-120.543,-40.022,-65.203,-71.796,-175.0
122048_1767701400,2,3,224.501,214.476,241.426,229.489,226.995,354.0
133300_1767701400,2,0,-57.738,-67.599,7.832,-44.69,-51.214,-7.0
131672_1767701400,2,3,-143.193,-154.203,-61.768,-84.231,-113.712,-207.0
133300_1767701700,2,0,33.866,1.286,45.256,30.932,32.399,-7.0
122658_1767701700,2,3,-72.018,-85.671,-63.38,-78.266,-75.142,0.0
122048_1767701700,2,3,233.903,223.964,251.611,227.317,230.61,273.0
122613_1767701700,2,1,-33.756,-87.566,23.675,-56.623,-45.189,-47.0
122658_1767702000,2,3,-49.802,-82.519,-46.391,-67.65,-58.726,0.0
133300_1767702000,2,0,47.147,-30.1,82.989,42.741,44.944,132.0
122613_1767702000,2,1,-83.102,-146.986,-54.591,-91.33,-87.216,-61.0
122048_1767702000,2,3,188.275,162.492,208.605,201.29,194.782,252.0
122658_1767702300,2,3,-67.697,-118.554,-55.275,-32.433,-50.065,0.0
122048_1767702300,2,3,156.676,120.243,186.519,187.201,171.938,158.0
122613_1767702300,2,1,-10.456,-28.521,6.283,-32.546,-21.501,66.0
133300_1767702300,2,0,52.082,-13.781,124.564,41.878,46.98,114.0
133957_1767702600,2,4,65.761,-1.601,164.03,53.503,59.632,172.0
133300_1767702600,2,0,80.547,40.886,165.987,77.314,78.93,47.0
132430_1767702600,2,4,113.191,59.153,221.587,117.665,115.428,-64.0
122658_1767702600,2,3,-38.2,-58.929,-15.694,-18.598,-28.399,0.0
122048_1767702600,2,3,92.448,41.421,136.456,131.259,111.854,144.0
135081_1767702600,2,3,-69.429,-120.335,20.484,-80.971,-75.2,-131.0
135081_1767702900,2,3,-90.084,-121.639,-32.163,-88.835,-89.459,-144.0
133300_1767702900,2,0,76.415,46.18,122.259,67.94,72.178,95.0
122658_1767702900,2,3,-28.045,-42.291,-27.674,-21.111,-24.578,0.0
122048_1767702900,2,3,105.853,76.526,108.436,145.433,125.643,138.0
133957_1767702900,2,4,32.862,-22.232,114.533,48.837,40.85,97.0
132430_1767702900,2,4,45.173,-22.731,92.966,54.643,49.908,-181.0
134040_1767703200,2,2,-4.571,-51.648,105.587,-22.375,-13.473,-35.0
122658_1767703200,2,3,-0.157,-4.643,-0.144,-9.186,-4.672,0.0
131672_1767703200,2,0,57.72,37.881,87.862,18.766,38.243,17.0
132430_1767703200,2,4,28.961,-42.52,127.856,33.155,31.058,-100.0
122048_1767703200,2,3,23.199,-3.318,72.589,61.76,42.479,87.0
133957_1767703200,2,4,65.59,0.083,154.276,78.868,72.229,101.0
133300_1767703200,2,0,153.154,71.504,223.632,132.092,142.623,322.0
135081_1767703200,2,3,-76.354,-141.162,-7.07,-72.597,-74.476,-171.0
133957_1767703500,2,4,136.681,64.013,225.089,108.978,122.829,161.0
132430_1767703500,2,4,-29.652,-99.473,30.953,-47.643,-38.648,-75.0
134040_1767703500,2,2,-16.204,-43.899,20.271,20.029,1.913,-35.0
122658_1767703500,2,3,-14.049,-34.087,-2.333,-9.363,-11.706,0.0
131672_1767703500,2,0,109.408,99.11,125.528,53.619,81.513,76.0
122048_1767703500,2,3,32.132,-9.009,62.535,55.419,43.776,84.0
135081_1767703500,2,3,-115.196,-166.936,-23.43,-97.816,-106.506,-72.0
132430_1767703800,2,4,-63.754,-87.824,-23.173,-38.062,-50.908,-58.0
122658_1767703800,2,3,-9.876,-71.366,47.665,-21.245,-15.561,103.0
135081_1767703800,2,3,-85.088,-142.491,9.161,-112.506,-98.797,-16.0
131672_1767703800,2,0,84.754,57.581,90.394,38.633,61.693,53.0
134040_1767703800,2,2,34.525,5.36,48.547,42.528,38.527,52.0
133957_1767703800,2,4,104.44,16.689,158.415,93.189,98.815,40.0
133300_1767703800,2,2,13.195,-47.776,73.044,-0.62,6.288,-25.0
122048_1767703800,2,3,-24.784,-26.297,-14.51,23.97,-0.407,84.0
131672_1767704100,2,0,108.751,57.765,201.298,93.002,100.876,192.0
132430_1767704100,2,4,-51.2,-99.38,20.241,-31.834,-41.517,-74.0
133957_1767704100,2,4,68.001,20.049,134.152,101.386,84.693,139.0
135081_1767704100,2,3,-18.721,-67.855,83.483,-46.267,-32.494,-27.0
122658_1767704100,2,3,-8.493,-61.354,85.7,-5.105,-6.799,252.0
134040_1767704100,2,2,64.39,16.025,104.035,44.332,54.361,87.0
122048_1767704100,2,3,3.457,-24.75,51.289,16.885,10.171,0.0
122048_1767704400,2,3,13.74,-9.531,21.591,5.049,9.395,0.0
134040_1767704400,2,2,47.319,-14.533,134.818,68.779,58.049,91.0
135081_1767704400,2,3,55.472,-6.336,114.513,24.468,39.97,11.0
122658_1767704400,2,3,85.006,0.919,173.835,60.667,72.837,289.0
129964_1767704400,2,0,-5.78,-51.601,145.693,-15.475,-10.628,-106.0
122048_1767704700,2,3,0.802,-1.843,44.213,11.195,5.999,0.0
132430_1767704700,2,2,-36.266,-36.737,-26.403,-42.327,-39.297,16.0
134040_1767704700,2,2,75.719,2.547,173.903,84.012,79.866,-7.0
122658_1767704700,2,3,93.804,45.771,121.587,64.492,79.148,321.0
129964_1767704700,2,0,31.011,-9.541,81.5,17.848,24.429,-150.0
134040_1767705000,2,2,59.29,-17.704,165.6,51.562,55.426,47.0
122658_1767705000,2,3,355.839,255.856,401.604,289.409,322.624,406.0
122048_1767705000,2,3,33.428,-31.746,55.333,4.535,18.981,0.0
129964_1767705000,2,0,42.925,-0.756,100.967,33.083,38.004,-165.0
132430_1767705000,2,2,27.62,19.406,45.063,18.287,22.953,16.0
132430_1767705300,2,2,12.609,-53.6,65.261,-33.147,-10.269,17.0
122048_1767705300,2,3,-4.165,-17.251,-3.789,-8.645,-6.405,0.0
129964_1767705300,2,0,3.292,-52.59,57.464,-24.136,-10.422,-95.0
134040_1767705300,2,2,13.258,-51.9,101.017,-2.857,5.201,84.0
132430_1767705600,2,2,51.694,-39.682,98.836,67.212,59.453,77.0
133957_1767705600,2,0,60.313,28.498,63.354,40.802,50.557,113.0
129964_1767705600,2,0,-39.161,-99.612,4.078,-48.257,-43.709,11.0
122658_1767705600,2,4,94.103,71.141,105.895,71.322,82.712,0.0
122048_1767705600,2,3,4.351,-17.288,5.693,-20.59,-8.119,0.0
134040_1767705600,2,2,26.295,-53.872,111.679,23.699,24.997,113.0
122613_1767705900,2,4,1.525,-12.105,18.605,3.455,2.49,0.0
133957_1767705900,2,0,58.773,19.001,86.461,64.08,61.427,123.0
132430_1767705900,2,2,79.43,15.126,124.86,84.143,81.786,57.0
129964_1767705900,2,0,-131.867,-177.678,-71.725,-119.67,-125.769,-32.0
122658_1767705900,2,4,46.982,33.852,104.378,49.405,48.194,0.0
134040_1767705900,2,2,29.467,-37.152,105.221,27.277,28.372,37.0
122048_1767705900,2,3,4.925,-6.782,29.129,-9.519,-2.297,0.0
135081_1767705900,2,4,-55.876,-106.824,91.359,-23.658,-39.767,79.0
122048_1767706200,2,3,5.452,-23.156,8.393,4.05,4.751,0.0
131672_1767706200,2,1,-11.538,-89.394,37.641,-17.407,-14.473,37.0
129964_1767706200,2,0,-42.726,-99.12,40.376,-30.273,-36.5,-50.0
132430_1767706200,2,2,87.567,-28.859,217.129,71.504,79.536,196.0
134040_1767706200,2,2,19.075,-14.853,104.62,46.787,32.931,123.0
134040_1767706500,2,2,84.57,10.537,180.884,84.35,84.46,172.0
132430_1767706500,2,2,94.864,-30.463,191.94,92.395,93.63,103.0
131672_1767706500,2,1,75.862,16.318,134.304,78.053,76.957,131.0
122048_1767706500,2,3,5.067,-12.954,11.692,3.233,4.15,0.0
129964_1767706500,2,0,-12.008,-85.876,39.553,-15.381,-13.694,-51.0
129964_1767706800,2,0,-5.78,-87.634,61.521,5.369,-0.206,-34.0
134040_1767706800,2,2,167.995,64.307,255.012,132.549,150.272,317.0
122048_1767706800,2,3,26.043,10.382,30.625,25.898,25.97,0.0
132430_1767706800,2,2,53.972,-36.195,175.583,71.453,62.713,53.0
134040_1767707100,2,2,96.806,-6.286,195.08,101.398,99.102,231.0
129964_1767707100,2,0,-13.394,-65.487,24.274,-26.086,-19.74,25.0
122048_1767707100,2,3,-14.172,-36.824,-10.914,-17.172,-15.672,0.0
132430_1767707100,2,2,107.506,26.506,195.441,94.143,100.824,78.0
122048_1767707400,2,3,-7.416,-18.41,13.715,-14.015,-10.716,0.0
134040_1767707400,2,2,159.813,102.582,211.584,134.476,147.144,234.0
129964_1767707400,2,0,5.405,-67.355,91.914,-3.351,1.027,-62.0
132430_1767707400,2,2,66.427,-16.458,173.371,40.076,53.251,39.0
122048_1767707700,2,3,10.549,-2.477,16.135,11.589,11.069,0.0
134040_1767707700,2,2,179.546,128.381,234.113,179.127,179.336,200.0
132430_1767707700,2,2,113.663,42.622,212.534,92.169,102.916,58.0
129964_1767707700,2,0,1.253,-63.616,48.967,-3.382,-1.064,5.0
133957_1767708000,2,2,183.646,98.451,331.66,165.897,174.771,253.0
132430_1767708000,2,2,113.636,21.606,231.027,120.497,117.067,192.0
129964_1767708000,2,0,11.377,-51.021,123.203,-4.848,3.264,-6.0
122613_1767708000,2,3,20.52,-1.192,38.051,7.796,14.158,0.0
135081_1767708000,2,3,155.597,92.974,226.29,165.146,160.371,19.0
133957_1767708300,2,2,132.404,73.935,220.822,116.569,124.487,180.0
122613_1767708300,2,3,-6.251,-36.038,1.164,-17.054,-11.652,0.0
132430_1767708300,2,2,70.887,-7.05,172.995,49.159,60.023,68.0
135081_1767708300,2,3,50.226,2.938,130.579,30.15,40.188,-36.0
129964_1767708600,2,0,-84.993,-165.193,23.701,-78.192,-81.592,-114.0
122613_1767708600,2,3,-28.417,-43.947,-22.857,-42.424,-35.421,-77.0
135081_1767708600,2,3,21.313,-29.974,63.008,18.805,20.059,-19.0
131672_1767708600,2,1,53.017,-5.215,147.537,60.363,56.69,60.0
132430_1767708600,2,2,50.539,-33.625,167.637,67.76,59.149,-7.0
133957_1767708600,2,2,120.019,85.686,161.051,138.648,129.334,238.0
131672_1767708900,2,1,72.821,-3.274,141.867,86.645,79.733,90.0
132430_1767708900,2,2,72.1,-4.676,179.488,73.403,72.752,115.0
122613_1767708900,2,3,-40.328,-40.919,-26.152,-12.766,-26.547,0.0
135081_1767708900,2,3,15.029,-39.347,74.588,0.415,7.722,-17.0
129964_1767708900,2,0,2.54,-78.768,89.705,-11.598,-4.529,-106.0
133957_1767708900,2,2,129.178,70.531,218.953,158.36,143.769,170.0
132430_1767709200,2,2,45.236,-39.485,122.197,38.182,41.709,98.0
122613_1767709200,2,3,-53.359,-62.647,-14.491,-7.107,-30.233,0.0
135081_1767709200,2,3,-57.161,-111.058,26.764,-78.382,-67.771,-17.0
133957_1767709200,2,2,75.525,48.477,148.897,94.987,85.256,81.0
131672_1767709200,2,1,73.11,27.49,168.42,91.058,82.084,91.0
129964_1767709200,2,0,36.661,-10.049,76.118,37.562,37.112,-77.0
131672_1767709500,2,1,142.625,96.526,214.636,104.395,123.51,115.0
132430_1767709500,2,2,121.807,53.403,182.856,105.825,113.816,158.0
122613_1767709500,2,3,-50.135,-56.894,-28.417,-12.939,-31.537,0.0
135081_1767709500,2,3,-82.091,-111.9,-18.617,-89.679,-85.885,-102.0
129964_1767709500,2,0,-29.461,-53.626,-11.332,-62.497,-45.979,-93.0
122613_1767709800,2,3,-29.559,-32.263,-6.415,-8.627,-19.093,0.0
135081_1767709800,2,3,-36.067,-134.131,48.244,-34.145,-35.106,-84.0
134040_1767709800,2,0,51.531,-43.854,169.119,51.29,51.41,79.0
132430_1767709800,2,2,93.259,33.974,149.065,105.092,99.175,137.0
129964_1767709800,2,0,-18.92,-77.394,55.839,-22.067,-20.494,-69.0
122613_1767710100,2,3,17.647,7.386,29.144,11.819,14.733,0.0
129964_1767710100,2,0,-47.425,-112.456,6.926,-58.116,-52.77,-42.0
135081_1767710100,2,3,-19.306,-59.243,41.62,-30.377,-24.841,-126.0
134040_1767710100,2,0,-12.79,-82.053,89.212,0.659,-6.065,4.0
122613_1767710400,2,3,-16.648,-18.596,-11.523,-17.318,-16.983,0.0
132430_1767710400,2,1,26.615,2.414,80.336,22.498,24.557,23.0
134040_1767710400,2,0,48.684,-20.631,144.391,42.352,45.518,68.0
129964_1767710400,2,0,-99.457,-170.831,-14.061,-85.798,-92.627,-145.0
135081_1767710400,2,3,-60.124,-102.18,11.9,-57.653,-58.889,-128.0
135081_1767710700,2,3,-109.639,-155.242,-42.263,-107.204,-108.421,-145.0
122613_1767710700,2,3,38.442,20.74,38.734,20.792,29.617,0.0
134040_1767710700,2,0,75.945,-5.651,186.198,52.835,64.39,87.0
132430_1767710700,2,1,29.611,22.007,49.08,35.762,32.687,23.0
129964_1767710700,2,0,-77.718,-123.58,6.184,-62.998,-70.358,-127.0
134040_1767711000,2,0,93.812,11.691,183.846,81.408,87.61,187.0
129964_1767711000,2,0,-25.587,-99.988,31.524,-57.724,-41.655,-207.0
132430_1767711000,2,1,47.457,-5.874,80.096,37.306,42.381,47.0
122613_1767711000,2,3,4.312,-7.343,8.375,5.653,4.983,0.0
135081_1767711000,2,3,-130.521,-169.174,-48.451,-113.792,-122.157,-175.0
134040_1767711300,2,0,60.731,-10.636,143.01,70.152,65.442,267.0
129964_1767711300,2,0,-52.883,-99.582,-20.022,-68.297,-60.59,-66.0
122613_1767711300,2,3,53.996,41.069,61.792,47.074,50.535,0.0
132430_1767711300,2,1,47.19,-21.961,88.731,39.325,43.257,33.0
135081_1767711300,2,3,-85.119,-138.327,-34.607,-48.812,-66.965,-168.0
135081_1767711600,2,3,-61.154,-136.18,33.431,-84.948,-73.051,11.0
131672_1767711600,2,2,-40.869,-92.505,13.642,-63.059,-51.964,-47.0
133957_1767711600,2,0,150.856,54.464,263.748,151.744,151.3,26.0
132430_1767711600,2,1,86.309,74.795,97.602,61.595,73.952,171.0
134040_1767711600,2,0,115.771,43.728,200.673,92.345,104.058,199.0
133957_1767711900,2,0,134.281,43.625,204.171,122.905,128.593,17.0
134040_1767711900,2,0,189.051,125.835,267.932,202.414,195.732,181.0
131672_1767711900,2,2,-45.951,-98.555,24.389,-42.881,-44.416,-52.0
132430_1767711900,2,1,129.927,59.956,169.076,91.036,110.481,384.0
135081_1767711900,2,3,15.651,-49.234,96.065,-34.344,-9.346,-12.0
132430_1767712200,2,1,78.671,26.901,155.63,76.88,77.775,291.0
135081_1767712200,2,3,59.534,-2.38,125.396,54.114,56.824,-28.0
133300_1767712200,2,4,22.418,7.729,33.341,23.83,23.124,-35.0
134040_1767712200,2,0,219.243,149.19,317.979,214.88,217.061,202.0
133957_1767712200,2,0,15.766,-37.901,79.941,19.144,17.455,28.0
133957_1767712500,2,0,-17.254,-75.621,49.147,-17.171,-17.212,-36.0
135081_1767712500,2,3,-15.326,-47.767,46.127,-14.685,-15.005,59.0
133300_1767712500,2,4,37.0,28.763,38.327,39.416,38.208,-35.0
132430_1767712500,2,1,127.008,72.231,226.494,129.021,128.014,226.0
134040_1767712500,2,0,206.346,103.579,274.254,204.826,205.586,199.0
130238_1767712500,2,0,-2.126,-23.668,0.646,8.944,3.409,10.0
134040_1767712800,2,0,134.976,54.852,214.404,112.26,123.618,183.0
130238_1767712800,2,0,32.377,11.403,35.051,47.143,39.76,-40.0
132430_1767712800,2,1,230.882,186.677,284.045,208.886,219.884,258.0
133300_1767712800,2,4,36.575,34.484,53.958,48.48,42.527,36.0
133957_1767712800,2,0,-43.319,-116.78,44.201,-24.637,-33.978,-93.0
134040_1767713100,2,0,119.018,71.202,222.097,140.306,129.662,91.0
130238_1767713100,2,0,26.906,15.219,60.498,38.488,32.697,-124.0
132430_1767713100,2,1,214.15,176.222,214.27,182.875,198.513,199.0
133300_1767713100,2,4,28.025,-38.123,80.83,17.697,22.861,-9.0
133957_1767713100,2,0,7.537,-40.855,75.846,11.89,9.713,74.0
122658_1767713100,2,4,8.175,-9.079,64.094,-23.273,-7.549,27.0
122613_1767713400,2,2,34.822,30.357,35.501,18.402,26.612,0.0
122658_1767713400,2,4,106.984,65.834,138.672,26.432,66.708,86.0
131672_1767713400,2,4,-26.357,-49.955,-14.624,11.024,-7.667,12.0
130238_1767713400,2,0,-46.655,-89.396,66.599,-18.715,-32.685,-99.0
133957_1767713400,2,0,-68.578,-115.53,33.172,-46.261,-57.42,75.0
122048_1767713400,2,2,-3.781,-6.776,13.705,10.503,3.361,0.0
129964_1767713400,2,3,-4.534,-42.537,29.98,52.666,24.066,-129.0
122613_1767713700,2,2,14.568,13.243,48.698,13.037,13.802,0.0
131672_1767713700,2,4,17.326,-15.285,24.329,-5.465,5.931,86.0
129964_1767713700,2,3,-64.884,-106.399,-10.973,-44.848,-54.866,-33.0
133957_1767713700,2,0,14.189,-15.725,96.151,25.335,19.762,-11.0
122658_1767713700,2,4,164.514,145.7,174.573,48.309,106.411,159.0
122048_1767713700,2,2,-4.072,-33.533,31.804,-8.808,-6.44,0.0
130238_1767713700,2,0,-72.869,-113.66,-6.015,-78.748,-75.808,-47.0
122613_1767714000,2,2,11.488,9.36,21.237,-9.95,0.769,0.0
131672_1767714000,2,4,25.257,-37.291,60.571,2.904,14.08,67.0
122048_1767714000,2,2,-27.584,-59.975,16.855,-33.459,-30.521,0.0
130238_1767714000,2,0,-56.11,-124.41,16.13,-50.071,-53.09,-41.0
122658_1767714000,2,4,155.829,115.33,225.262,133.571,144.7,225.0
129964_1767714000,2,3,-3.062,-48.662,44.421,-12.395,-7.729,25.0
122613_1767714300,2,2,2.606,-18.085,20.241,-9.372,-3.383,0.0
130238_1767714300,2,0,-94.93,-136.362,-8.332,-80.236,-87.583,-45.0
129964_1767714300,2,3,50.181,18.036,142.544,53.746,51.964,8.0
122048_1767714300,2,2,-21.303,-35.469,35.427,12.388,-4.457,0.0
131672_1767714300,2,4,84.379,27.675,153.089,86.681,85.53,70.0
122658_1767714300,2,4,68.834,21.36,129.52,81.392,75.113,348.0
122048_1767714600,2,2,-23.18,-29.589,-11.561,-32.227,-27.704,0.0
129964_1767714600,2,3,-6.609,-67.902,60.442,-9.872,-8.24,-49.0
122613_1767714600,2,2,1.386,-29.154,16.918,-13.383,-5.999,0.0
130238_1767714600,2,0,-43.288,-117.203,28.79,-62.328,-52.808,-30.0
122658_1767714600,2,4,132.145,70.12,158.287,133.753,132.949,362.0
131672_1767714600,2,4,46.361,-24.533,103.318,52.763,49.562,13.0
122613_1767714900,2,2,-2.865,-22.674,13.668,-5.482,-4.173,0.0
130238_1767714900,2,0,9.528,-54.176,64.399,2.156,5.842,-78.0
122658_1767714900,2,4,-56.956,-85.19,-23.784,-3.546,-30.251,2.0
129964_1767714900,2,3,-10.264,-53.554,44.209,1.428,-4.418,-82.0
122048_1767714900,2,2,29.861,-2.984,42.998,32.742,31.301,0.0
131672_1767714900,2,4,-77.761,-140.327,10.956,-45.456,-61.609,-150.0
122048_1767715200,2,2,54.213,21.637,58.685,33.775,43.994,0.0
122658_1767715200,2,4,76.546,68.961,89.251,84.164,80.355,0.0
132430_1767715200,2,3,326.096,281.38,330.617,323.405,324.75,485.0
122613_1767715200,2,2,-10.522,-24.366,13.712,-9.146,-9.834,0.0
133300_1767715200,2,3,83.727,6.796,154.175,93.838,88.782,22.0
129964_1767715200,2,3,-37.087,-113.878,37.559,-26.866,-31.976,-134.0
130238_1767715200,2,0,-39.945,-74.219,-1.123,-58.507,-49.226,-97.0
122658_1767715500,2,4,116.526,97.68,117.033,79.005,97.766,0.0
132430_1767715500,2,3,296.212,277.044,338.877,316.677,306.445,483.0
122048_1767715500,2,2,52.115,41.323,63.271,16.342,34.229,0.0
129964_1767715500,2,3,-64.86,-116.715,9.753,-48.548,-56.704,-115.0
122613_1767715500,2,2,-71.467,-95.858,-31.676,-51.043,-61.255,0.0
133300_1767715500,2,3,74.697,16.785,117.584,61.971,68.334,-24.0
122613_1767715800,2,2,-22.09,-102.817,64.858,-28.278,-25.184,-18.0
133300_1767715800,2,3,19.994,-12.045,74.912,25.186,22.59,-87.0
122048_1767715800,2,2,42.48,19.115,42.639,-7.628,17.426,0.0
122658_1767715800,2,4,-2.161,-8.219,1.023,5.571,1.705,0.0
129964_1767715800,2,3,-78.178,-98.417,-41.502,-84.541,-81.36,-2.0
133300_1767716100,2,3,-40.152,-75.666,14.413,-34.805,-37.478,-38.0
122613_1767716100,2,2,16.469,-64.142,126.557,18.32,17.394,11.0
129964_1767716100,2,3,-123.6,-131.272,-66.982,-101.036,-112.318,-46.0
122048_1767716100,2,2,50.264,49.339,54.046,7.428,28.846,0.0
122658_1767716100,2,4,1.855,-6.3,13.561,0.667,1.261,0.0
133300_1767716400,2,3,3.93,-49.899,74.188,-0.17,1.88,207.0
122048_1767716400,2,2,23.782,-11.426,46.391,4.946,14.364,0.0
129964_1767716400,2,3,-70.328,-103.229,-3.72,-52.1,-61.214,-13.0
133957_1767716400,2,1,39.19,24.465,68.108,79.246,59.218,115.0
122613_1767716400,2,2,-15.794,-79.38,58.262,-16.686,-16.24,-88.0
130238_1767716400,2,4,36.454,7.164,43.499,17.96,27.207,98.0
122658_1767716400,2,4,-25.436,-31.598,-10.417,-9.912,-17.674,0.0
122613_1767716700,2,2,51.487,1.231,133.859,59.045,55.266,-27.0
133957_1767716700,2,1,80.462,44.974,108.596,90.527,85.495,104.0
130238_1767716700,2,4,-29.701,-65.006,-28.715,-38.866,-34.283,9.0
122048_1767716700,2,2,-26.06,-43.941,-16.252,-24.113,-25.086,0.0
129964_1767716700,2,3,-19.101,-68.659,26.445,-22.761,-20.931,303.0
122658_1767716700,2,4,-15.099,-27.804,-12.368,-11.541,-13.32,0.0
122658_1767717000,2,4,-0.587,-6.375,0.573,-10.047,-5.317,0.0
130238_1767717000,2,4,81.051,49.634,82.358,32.983,57.017,-55.0
135081_1767717000,2,1,59.543,16.008,156.33,72.716,66.13,92.0
122613_1767717000,2,2,-28.744,-76.65,34.745,-38.589,-33.667,-62.0
129964_1767717300,2,2,-64.146,-118.126,20.992,-64.296,-64.221,-111.0
135081_1767717300,2,1,21.252,-34.06,118.24,14.511,17.882,-22.0
130238_1767717300,2,4,69.161,43.173,146.122,61.916,65.538,-41.0
122613_1767717300,2,2,-13.004,-51.761,44.567,-27.343,-20.173,-54.0
122613_1767717600,2,2,-11.32,-79.624,58.355,-34.855,-23.088,-11.0
130238_1767717600,2,4,-35.964,-77.869,3.515,-43.555,-39.76,-57.0
135081_1767717600,2,1,40.234,-26.925,128.53,38.806,39.52,-133.0
129964_1767717600,2,2,-81.429,-125.978,12.724,-68.405,-74.917,-126.0
122658_1767717600,2,0,10.274,9.244,23.372,17.706,13.99,-46.0
135081_1767717900,2,1,-35.802,-110.641,51.467,-35.181,-35.491,-127.0
122613_1767717900,2,2,-74.936,-86.843,-27.07,-55.428,-65.182,55.0
122658_1767717900,2,0,3.837,-23.493,35.829,11.816,7.826,38.0
129964_1767717900,2,2,-13.473,-45.395,74.988,-7.862,-10.667,38.0
130238_1767717900,2,4,-16.296,-70.04,54.188,-55.469,-35.882,-92.0
129964_1767718200,2,2,-59.892,-93.708,-26.236,-63.117,-61.505,57.0
130238_1767718200,2,4,-38.626,-90.309,27.607,-45.324,-41.975,-38.0
122613_1767718200,2,2,16.453,15.932,28.177,30.395,23.424,72.0
122658_1767718200,2,0,24.298,-7.068,65.942,16.424,20.361,39.0
135081_1767718200,2,1,-72.413,-101.094,-14.254,-60.635,-66.524,-51.0
122658_1767718500,2,0,111.56,19.835,207.266,68.209,89.885,63.0
122613_1767718500,2,2,116.222,92.629,139.532,67.636,91.929,72.0
129964_1767718500,2,2,35.315,-10.014,126.593,44.781,40.048,71.0
135081_1767718500,2,1,-35.059,-87.768,26.591,-49.311,-42.185,-77.0
130238_1767718500,2,4,-6.244,-37.083,31.7,-14.174,-10.209,-3.0
130238_1767718800,2,4,-56.245,-101.033,-2.366,-57.414,-56.83,-85.0
133957_1767718800,2,0,-57.36,-109.764,35.641,-45.737,-51.548,-35.0
122658_1767718800,2,0,11.452,-41.647,97.558,-23.636,-6.092,107.0
129964_1767718800,2,2,84.283,15.31,183.871,93.333,88.808,39.0
135081_1767718800,2,1,-71.086,-125.021,-4.546,-57.047,-64.066,-153.0
133300_1767718800,2,4,36.635,-25.219,106.343,59.519,48.077,231.0
129964_1767719100,2,2,-35.584,-87.903,41.858,-42.914,-39.249,-44.0
135081_1767719100,2,1,4.461,-76.414,70.436,-8.744,-2.142,-144.0
130238_1767719100,2,4,-81.853,-114.87,22.466,-69.985,-75.919,99.0
133957_1767719100,2,0,-105.283,-133.789,-0.052,-71.279,-88.281,-113.0
122658_1767719100,2,0,134.145,93.779,184.653,152.321,143.233,88.0
122658_1767719400,2,0,18.62,14.46,28.921,53.704,36.162,0.0
135081_1767719400,2,1,-46.738,-136.709,5.242,-20.977,-33.857,-123.0
133957_1767719400,2,0,9.285,-42.169,101.875,3.072,6.179,-174.0
130238_1767719400,2,4,-59.304,-103.41,22.759,-64.102,-61.703,160.0
133300_1767719400,2,3,-23.368,-69.411,34.525,-0.343,-11.856,-24.0
129964_1767719400,2,2,-20.406,-98.994,81.264,-26.964,-23.685,-130.0
135081_1767719700,2,1,-51.525,-120.571,-7.288,-67.207,-59.366,-137.0
122658_1767719700,2,0,-1.857,-31.469,22.609,-24.908,-13.382,0.0
130238_1767719700,2,4,-51.679,-122.059,41.727,-69.485,-60.582,134.0
129964_1767719700,2,2,-55.712,-117.895,36.312,-26.507,-41.109,-135.0
133957_1767719700,2,0,-72.712,-123.931,35.142,-53.471,-63.092,-173.0
133300_1767719700,2,3,29.412,-15.289,82.067,30.128,29.77,22.0
133300_1767720000,2,3,60.472,19.252,129.404,78.266,69.369,-46.0
122048_1767720000,2,4,-75.888,-161.411,10.871,-44.504,-60.196,-336.0
133957_1767720000,2,0,-79.148,-116.951,28.242,-84.414,-81.781,-218.0
130238_1767720000,2,4,104.296,38.566,169.377,109.321,106.809,35.0
122658_1767720000,2,0,-15.304,-17.478,15.629,-22.464,-18.884,0.0
129964_1767720000,2,2,-89.59,-118.558,-20.376,-72.404,-80.997,-14.0
135081_1767720000,2,1,-140.538,-177.405,-78.323,-105.385,-122.961,-199.0
133300_1767720300,2,3,41.763,-13.13,109.294,69.51,55.636,-26.0
129964_1767720300,2,2,-120.524,-163.41,-32.649,-93.201,-106.863,-105.0
135081_1767720300,2,1,-135.962,-186.202,-44.176,-130.77,-133.366,-231.0
122048_1767720300,2,4,-46.695,-140.767,12.35,-30.017,-38.356,-130.0
130238_1767720300,2,4,102.175,29.743,183.982,98.328,100.252,41.0
122658_1767720300,2,0,-32.706,-36.713,-10.351,-5.609,-19.157,0.0
122048_1767720600,2,4,26.211,-8.055,68.365,6.316,16.264,-32.0
129964_1767720600,2,2,-31.417,-79.969,18.092,-27.342,-29.38,-10.0
122658_1767720600,2,0,-21.945,-38.491,16.294,-4.381,-13.163,0.0
135081_1767720600,2,1,-93.096,-127.07,-54.428,-22.707,-57.901,-180.0
130238_1767720600,2,4,-0.642,-21.733,59.728,7.993,3.675,-64.0
122048_1767720900,2,4,2.287,-15.509,14.41,-64.109,-30.911,-32.0
135081_1767720900,2,1,-71.599,-161.727,-13.727,-100.585,-86.092,-34.0
133957_1767720900,2,2,14.893,-27.062,24.738,5.394,10.144,67.0
130238_1767720900,2,4,3.365,-46.25,64.795,26.492,14.928,-125.0
122658_1767720900,2,0,19.562,-22.209,78.539,9.057,14.309,0.0
129964_1767720900,2,2,-37.049,-45.842,10.568,-48.282,-42.666,49.0
130238_1767721200,2,4,12.902,-31.285,96.128,36.29,24.596,-103.0
133957_1767721200,2,2,69.056,1.273,94.82,33.356,51.206,28.0
122048_1767721200,2,4,20.728,12.274,40.519,53.67,37.199,-108.0
122658_1767721200,2,0,-32.791,-44.015,32.185,-9.093,-20.942,0.0
135081_1767721200,2,1,0.553,-34.349,9.947,-4.429,-1.938,4.0
135081_1767721500,2,1,33.059,-41.298,69.006,-28.977,2.041,12.0
122048_1767721500,2,4,1.925,-35.947,39.954,-16.447,-7.261,-141.0
130238_1767721500,2,4,-18.648,-41.139,36.964,6.672,-5.988,-170.0
133957_1767721500,2,2,112.286,60.45,139.672,44.2,78.243,83.0
122048_1767721800,2,4,-29.012,-64.645,-2.909,-22.904,-25.958,-174.0
133957_1767721800,2,2,80.22,46.78,148.084,79.709,79.965,-28.0
135081_1767721800,2,1,50.272,33.244,88.133,11.345,30.809,48.0
122048_1767722100,2,4,-4.525,-5.473,12.786,-8.183,-6.354,-157.0
133957_1767722100,2,2,23.386,-4.66,127.434,31.106,27.246,-73.0
132430_1767722400,2,4,391.809,389.249,419.516,350.864,371.336,380.0
133300_1767722400,2,3,68.941,63.358,121.922,78.302,73.622,310.0
134040_1767722400,2,0,75.797,5.265,200.48,75.703,75.75,107.0
122048_1767722400,2,4,26.957,-50.613,60.184,-34.292,-3.667,-146.0
134040_1767722700,2,0,82.549,65.306,126.541,80.55,81.55,295.0
133300_1767722700,2,3,235.824,219.609,276.005,262.102,248.963,406.0
122048_1767722700,2,4,54.685,14.283,64.876,-20.225,17.23,-104.0
132430_1767722700,2,4,506.711,501.587,508.1,424.294,465.502,324.0
133300_1767723000,2,3,455.94,435.349,471.376,395.734,425.837,580.0
134040_1767723000,2,0,158.251,62.044,229.371,146.878,152.565,407.0
122048_1767723000,2,4,43.605,40.782,51.59,5.404,24.505,-70.0
132430_1767723000,2,4,566.17,559.493,581.309,459.388,512.779,452.0
132430_1767723300,2,4,421.762,388.74,438.412,415.209,418.485,333.0
122048_1767723300,2,4,116.674,110.629,120.891,33.964,75.319,48.0
134040_1767723300,2,0,164.121,145.291,208.859,193.387,178.754,342.0
122048_1767723600,2,4,75.104,15.364,137.552,20.07,47.587,66.0
134040_1767723600,2,0,345.911,290.339,367.562,386.322,366.116,401.0
132430_1767723600,2,4,492.934,483.385,497.127,446.335,469.634,310.0
133300_1767723600,2,3,36.773,-7.241,77.149,118.201,77.487,-5.0
122048_1767723900,2,4,134.99,83.439,201.913,107.801,121.396,50.0
132430_1767723900,2,4,433.731,413.369,453.894,410.116,421.923,285.0
134040_1767723900,2,0,312.575,228.753,376.257,326.478,319.527,487.0
132430_1767724200,2,4,325.667,227.643,347.031,279.549,302.608,309.0
134040_1767724200,2,0,322.648,295.547,332.394,364.86,343.754,465.0
122048_1767724200,2,4,141.391,72.837,212.345,118.908,130.15,35.0
131672_1767724200,2,3,324.328,190.224,394.63,299.081,311.705,368.0
131672_1767724500,2,3,319.297,256.577,354.546,296.167,307.732,365.0
122048_1767724500,2,4,90.217,40.776,115.824,75.055,82.636,133.0
134040_1767724500,2,0,304.295,303.021,341.116,328.159,316.227,409.0
132430_1767724500,2,4,358.48,296.401,388.041,336.661,347.57,299.0
132430_1767724800,2,4,187.259,131.837,207.766,233.598,210.429,45.0
122048_1767724800,2,4,43.482,-3.109,83.126,19.04,31.261,250.0
132430_1767725100,2,4,179.728,146.415,191.376,156.694,168.211,45.0
122048_1767725100,2,4,133.072,58.956,166.188,140.463,136.768,274.0
132430_1767725400,2,4,124.812,108.252,133.457,140.041,132.427,-1.0
122048_1767725400,2,4,296.705,225.069,312.254,308.856,302.781,356.0
122048_1767725700,2,4,242.484,205.152,276.387,249.045,245.765,417.0
132430_1767725700,2,4,74.806,36.341,123.079,67.959,71.382,27.0
122048_1767726000,2,4,311.802,257.636,385.31,308.248,310.025,481.0
135081_1767726000,2,0,214.2,121.243,305.375,226.208,220.204,311.0
122048_1767726300,2,4,322.487,274.829,376.645,299.08,310.783,523.0
135081_1767726300,2,0,243.38,120.905,353.061,268.581,255.98,146.0
135081_1767726600,2,0,212.83,114.684,300.213,194.01,203.42,53.0
131672_1767726900,2,4,47.162,-65.769,87.905,71.97,59.566,-3.0
135081_1767726900,2,0,110.445,43.024,203.225,144.935,127.69,-68.0
131672_1767727200,2,4,71.829,-33.376,133.659,87.908,79.869,-9.0
122048_1767727200,2,1,106.723,103.988,210.637,226.537,166.63,-54.0
135081_1767727200,2,0,124.319,15.089,201.581,147.843,136.081,-32.0
135081_1767727500,2,0,40.273,-48.73,110.769,1.467,20.87,-15.0
131672_1767727500,2,4,155.696,26.641,211.491,154.897,155.296,163.0
131672_1767727800,2,4,148.018,120.496,150.939,70.235,109.127,302.0
131672_1767728100,2,4,168.163,122.755,195.062,134.454,151.308,382.0
131672_1767728400,2,4,167.447,89.034,237.346,183.788,175.617,359.0
122048_1767728700,2,3,-101.213,-199.235,-54.868,-53.84,-77.527,-348.0
131672_1767728700,2,4,327.771,233.061,372.438,261.465,294.618,492.0
133957_1767729000,2,0,41.375,-48.621,62.58,56.191,48.783,39.0
122048_1767729000,2,3,-77.796,-156.5,-10.242,-37.943,-57.87,-142.0
131672_1767729000,2,4,334.626,238.479,412.795,306.106,320.366,533.0
122048_1767729300,2,3,-34.567,-74.281,-27.804,-23.114,-28.84,36.0
131672_1767729300,2,4,373.769,314.219,449.402,364.494,369.131,478.0
133957_1767729300,2,0,48.648,-54.742,103.551,62.614,55.631,171.0
131672_1767729600,2,4,504.493,455.503,518.033,457.704,481.099,557.0
133957_1767729600,2,0,115.384,-55.67,130.403,140.773,128.078,141.0
122048_1767729600,2,3,-2.385,-52.521,39.94,-48.06,-25.222,41.0
132430_1767729600,2,4,49.03,-32.206,118.607,55.576,52.303,21.0
122048_1767729900,2,3,98.363,84.445,143.918,77.692,88.027,93.0
133957_1767729900,2,0,231.984,159.825,328.312,241.183,236.583,126.0
132430_1767729900,2,4,49.101,-5.707,126.105,55.229,52.165,177.0
122048_1767730200,2,3,148.084,54.293,201.835,125.726,136.905,99.0
130072_1767730200,2,3,27.033,9.954,34.076,15.614,21.323,60.0
133957_1767730200,2,0,169.587,91.037,291.799,189.137,179.362,83.0
132430_1767730200,2,4,36.013,-27.577,94.208,35.255,35.634,173.0
133957_1767730500,2,0,154.098,77.394,233.693,160.938,157.518,53.0
122048_1767730500,2,3,143.261,76.45,157.513,117.159,130.21,-3.0
132430_1767730500,2,4,95.95,2.862,130.986,59.834,77.892,146.0
130072_1767730500,2,3,48.309,31.973,56.741,41.5,44.904,60.0
130072_1767730800,2,3,71.903,41.007,100.898,51.575,61.739,106.0
122048_1767730800,2,3,115.659,78.001,130.465,105.914,110.786,25.0
133957_1767730800,2,0,105.889,49.265,153.683,91.585,98.737,38.0
132430_1767730800,2,4,184.805,117.901,279.768,194.238,189.521,234.0
133957_1767731100,2,0,48.203,-10.13,156.641,67.355,57.779,59.0
130072_1767731100,2,3,111.45,98.276,165.536,84.611,98.03,22.0
122048_1767731100,2,3,53.75,3.753,103.219,40.544,47.147,4.0
132430_1767731100,2,4,238.354,203.653,301.809,221.797,230.076,277.0
132430_1767731400,2,4,264.154,204.38,334.19,248.832,256.493,192.0
133957_1767731400,2,0,14.648,-53.42,78.542,19.883,17.266,46.0
130072_1767731400,2,3,84.346,18.936,182.234,72.538,78.442,49.0
133957_1767731700,2,0,100.575,21.101,165.455,88.353,94.464,116.0
130072_1767731700,2,3,25.361,-31.688,105.578,15.506,20.434,78.0
132430_1767731700,2,4,252.43,169.359,314.575,255.681,254.056,201.0
131672_1767732000,2,3,261.788,239.316,278.292,278.242,270.015,32.0
132430_1767732000,2,4,205.953,157.769,304.339,222.39,214.172,167.0
130072_1767732000,2,3,83.846,2.038,149.118,78.36,81.103,158.0
133957_1767732000,2,0,54.908,5.206,110.155,52.688,53.798,129.0
130072_1767732300,2,3,36.65,-28.959,101.259,43.655,40.153,161.0
132430_1767732300,2,4,197.879,112.415,293.902,192.963,195.421,337.0
131672_1767732300,2,3,318.225,301.68,341.634,304.401,311.313,16.0
132430_1767732600,2,4,181.819,162.252,252.598,200.449,191.134,338.0
133957_1767732600,2,4,-20.794,-69.755,49.188,-31.687,-26.241,39.0
131672_1767732600,2,3,408.466,394.093,428.143,380.151,394.308,34.0
135081_1767732600,2,3,23.573,-29.857,49.559,19.363,21.468,79.0
130072_1767732600,2,3,177.289,96.538,235.889,186.427,181.858,226.0
131672_1767732900,2,3,145.188,132.829,213.337,96.887,121.037,41.0
133957_1767732900,2,4,-0.986,-49.059,73.613,60.687,29.851,-49.0
130072_1767732900,2,3,156.566,106.465,201.797,156.164,156.365,187.0
132430_1767732900,2,4,343.757,294.815,438.768,341.863,342.81,238.0
135081_1767732900,2,3,73.331,-8.262,115.149,39.188,56.259,136.0
130072_1767733200,2,3,57.742,45.956,93.453,117.435,87.588,125.0
135081_1767733200,2,3,78.854,69.33,105.68,77.291,78.073,40.0
133957_1767733200,2,4,102.015,49.698,130.373,122.337,112.176,59.0
122048_1767733200,2,1,12.874,5.367,18.789,17.002,14.938,0.0
132430_1767733200,2,4,328.165,244.203,401.104,351.288,339.727,153.0
130072_1767733500,2,3,64.1,3.32,129.017,92.708,78.404,125.0
122048_1767733500,2,1,28.781,19.547,63.542,13.112,20.947,0.0
132430_1767733500,2,4,364.693,253.804,438.816,336.717,350.705,168.0
133957_1767733500,2,4,22.982,-30.52,123.236,19.844,21.413,28.0
135081_1767733500,2,3,151.139,61.843,227.854,146.871,149.005,44.0
130072_1767733800,2,3,36.309,15.674,43.814,70.866,53.588,168.0
135081_1767733800,2,3,93.825,40.203,154.787,107.327,100.576,51.0
133957_1767733800,2,4,4.108,-33.423,64.954,-0.366,1.871,15.0
122048_1767733800,2,1,45.619,18.804,108.129,15.363,30.491,0.0
132430_1767733800,2,4,250.639,159.28,309.584,230.389,240.514,179.0
135081_1767734100,2,3,-11.481,-60.479,82.885,4.691,-3.395,-16.0
133957_1767734100,2,4,54.412,-2.681,148.725,46.665,50.538,45.0
130072_1767734100,2,3,68.532,26.321,116.065,60.185,64.359,195.0
122048_1767734100,2,1,7.264,0.31,24.508,1.938,4.601,0.0
132430_1767734100,2,4,226.426,153.158,297.307,221.338,223.882,96.0
133957_1767734400,2,4,40.171,-27.358,118.252,27.999,34.085,7.0
135081_1767734400,2,3,17.821,-42.105,64.708,16.586,17.203,-59.0
122048_1767734400,2,1,-3.445,-5.058,-0.562,-10.095,-6.77,0.0
130072_1767734400,2,3,37.16,11.959,59.245,54.599,45.879,163.0
135081_1767734700,2,3,-32.007,-72.815,57.625,-17.009,-24.508,-170.0
130072_1767734700,2,3,7.2,-62.053,26.52,-14.809,-3.804,0.0
122048_1767734700,2,1,52.516,28.699,61.323,39.544,46.03,0.0
133957_1767734700,2,4,24.339,-25.014,103.591,11.973,18.156,65.0
134040_1767735000,2,0,356.422,343.706,496.391,361.128,358.775,434.0
133957_1767735000,2,4,-21.106,-73.296,43.587,-20.445,-20.776,21.0
130072_1767735000,2,3,-18.475,-28.887,1.161,-13.499,-15.987,0.0
130072_1767735300,2,3,-19.471,-20.976,-19.303,4.015,-7.728,0.0
134040_1767735300,2,0,342.481,339.355,513.733,360.601,351.541,434.0
133957_1767735300,2,4,61.119,-22.412,131.822,60.327,60.723,50.0
133957_1767735600,2,4,86.927,14.3,161.687,65.592,76.259,77.0
130072_1767735600,2,3,11.15,-39.479,83.638,-0.915,5.118,0.0
134040_1767735900,2,0,6.035,-45.559,217.36,75.911,40.973,0.0
130072_1767735900,2,3,29.335,-39.167,94.273,0.875,15.105,0.0
134040_1767736200,2,0,56.346,-24.615,234.986,92.296,74.321,0.0
130072_1767736200,2,3,21.948,-25.33,83.584,-4.077,8.936,0.0
134040_1767736500,2,0,89.101,-8.015,224.805,145.879,117.49,0.0
130072_1767736500,2,3,52.063,-26.79,86.444,17.063,34.563,0.0
134040_1767736800,2,0,-4.798,-19.638,24.908,0.252,-2.273,0.0
135081_1767736800,2,3,-173.641,-192.324,-149.772,-181.995,-177.818,-98.0
133957_1767736800,2,2,21.19,-71.684,73.959,35.857,28.524,32.0
133957_1767737100,2,2,72.569,-5.101,124.289,89.389,80.979,-8.0
135081_1767737100,2,3,-159.751,-182.305,-118.541,-129.647,-144.699,37.0
134040_1767737100,2,0,-0.36,-8.134,1.402,-1.931,-1.146,0.0
133957_1767737400,2,2,87.543,-20.15,150.546,119.019,103.281,27.0
135081_1767737400,2,3,-94.839,-138.941,-40.978,-91.095,-92.967,13.0
134040_1767737400,2,0,-8.432,-35.509,17.468,3.191,-2.621,0.0
133957_1767737700,2,2,42.257,-12.82,114.329,55.508,48.883,-22.0
135081_1767737700,2,3,68.603,58.823,87.257,59.015,63.809,172.0
134040_1767737700,2,0,-10.399,-27.171,15.486,-1.494,-5.946,0.0
134040_1767738000,2,0,-3.813,-21.209,13.67,-0.564,-2.189,0.0
134494_1767738000,2,3,22.058,-69.769,86.207,-8.392,6.833,0.0
132430_1767738000,2,4,111.089,57.476,112.438,58.021,84.555,90.0
135081_1767738000,2,3,76.982,44.849,125.567,56.805,66.893,87.0
133957_1767738000,2,2,-14.076,-43.943,53.68,8.62,-2.728,-77.0
135081_1767738300,2,3,126.033,77.202,143.613,110.997,118.515,73.0
134040_1767738300,2,0,-4.844,-19.443,8.806,-0.758,-2.801,0.0
132430_1767738300,2,4,97.561,34.672,99.879,71.807,84.684,108.0
134494_1767738300,2,3,22.294,-27.312,50.862,-9.431,6.431,0.0
134494_1767738600,2,3,12.411,-25.737,32.864,-16.107,-1.848,0.0
134040_1767738600,2,0,-11.659,-15.066,-9.094,-0.414,-6.037,0.0
134494_1767738900,2,3,-16.955,-52.325,30.309,-21.843,-19.399,0.0
134040_1767738900,2,0,-8.356,-19.6,-5.133,-2.887,-5.622,0.0
134494_1767739200,2,3,0.659,-48.714,23.506,-33.244,-16.292,0.0
134040_1767739200,2,0,-0.975,-1.427,12.968,-4.621,-2.798,0.0
134040_1767739500,2,0,-3.158,-23.304,10.868,-1.505,-2.332,0.0
134494_1767739500,2,3,-4.703,-9.819,0.281,-6.656,-5.679,0.0
134040_1767739800,2,0,1.011,-52.271,31.772,-8.208,-3.599,0.0
134494_1767739800,2,3,-2.661,-8.521,-0.731,-6.85,-4.755,0.0
134494_1767740100,2,3,-13.696,-13.888,-9.023,-9.838,-11.767,0.0
134040_1767740100,2,0,19.539,-28.174,71.265,11.266,15.402,0.0
134040_1767740400,2,0,-32.909,-55.426,21.0,-7.035,-19.972,0.0
132430_1767740400,2,2,53.915,4.614,147.558,36.097,45.006,151.0
130072_1767740700,2,1,39.028,-27.636,71.147,12.772,25.9,0.0
132430_1767740700,2,2,-4.327,-49.804,79.193,-5.537,-4.932,124.0
134040_1767740700,2,0,-18.813,-56.854,6.552,-15.299,-17.056,0.0
132430_1767741000,2,2,142.489,66.396,228.258,152.658,147.574,60.0
130072_1767741000,2,1,57.8,30.878,89.487,25.654,41.727,0.0
130072_1767741300,2,1,79.002,46.719,84.645,35.283,57.142,0.0
132430_1767741300,2,2,70.336,-12.433,154.404,80.554,75.445,85.0
132430_1767741600,2,2,90.954,25.664,167.624,92.827,91.891,189.0
130072_1767741600,2,1,29.842,3.322,73.771,30.902,30.372,0.0
132430_1767741900,2,2,38.162,-4.566,62.154,33.323,35.743,160.0
130072_1767741900,2,1,1.406,-38.175,46.119,1.827,1.616,0.0
132430_1767742200,2,2,88.219,50.736,164.502,118.963,103.591,74.0
134494_1767742200,2,1,2.998,-0.02,17.946,-0.614,1.192,0.0
134494_1767742500,2,1,5.086,-5.158,16.565,7.02,6.053,0.0
134494_1767742800,2,1,12.3,11.46,43.634,4.619,8.46,0.0
134494_1767743100,2,1,-28.179,-36.603,43.978,-8.873,-18.526,0.0
132430_1767743400,2,2,93.806,72.954,133.814,70.373,82.09,91.0
132430_1767743700,2,2,106.077,54.464,136.135,96.262,101.17,154.0
129964_1767665100,2,4,22.629,0.154,68.256,11.033,16.831,-45.0
129964_1767665400,2,4,35.763,8.144,65.763,21.918,28.841,-37.0
129964_1767665700,2,4,46.39,16.548,102.136,23.156,34.773,-63.0
129964_1767666000,2,4,27.761,-19.414,68.618,1.414,14.587,-113.0
129964_1767666300,2,4,32.2,6.959,66.086,7.681,19.94,-3.0
131672_1767666900,2,1,21.206,-2.296,48.97,8.311,14.758,79.0
131672_1767667200,2,1,-9.548,-25.711,18.028,-7.991,-8.77,79.0
131672_1767667500,2,1,36.455,-2.115,84.237,13.621,25.038,212.0
131672_1767667800,2,1,157.9,118.607,171.102,92.626,125.263,312.0
131672_1767668100,2,1,209.546,208.18,273.489,204.985,207.265,273.0
129964_1767668400,2,1,-48.188,-88.121,23.824,-30.714,-39.451,-26.0
131672_1767668400,2,1,205.526,139.633,245.32,215.053,210.29,220.0
134040_1767668400,2,3,40.645,-11.537,71.03,18.994,29.82,71.0
134040_1767668700,2,3,77.943,26.756,155.449,88.794,83.369,136.0
131672_1767668700,2,1,258.924,190.243,289.185,243.562,251.243,407.0
129964_1767669000,2,4,-19.423,-39.748,79.722,-51.01,-35.216,-51.0
134040_1767669000,2,3,21.686,-20.103,103.711,43.778,32.732,119.0
131672_1767669000,2,1,225.144,184.58,271.375,226.721,225.932,408.0
129964_1767669300,2,4,-1.211,-84.816,91.295,-19.054,-10.133,-40.0
134040_1767669300,2,3,56.479,6.58,173.816,60.727,58.603,151.0
131672_1767669300,2,1,291.325,247.163,349.13,308.515,299.92,322.0
131672_1767669600,2,1,311.808,304.151,326.644,351.942,331.875,294.0
134040_1767669600,2,3,63.632,-10.993,136.833,76.682,70.157,128.0
129964_1767669600,2,4,55.562,1.81,100.517,52.931,54.246,-21.0
129964_1767669900,2,4,19.666,-28.614,67.803,18.7,19.183,10.0
134040_1767669900,2,3,109.813,-15.441,193.916,90.44,100.127,158.0
131672_1767672000,2,1,27.272,-0.79,38.207,27.921,27.596,72.0
131672_1767672300,2,1,7.29,-50.174,61.494,5.88,6.585,-66.0
131672_1767672600,2,1,58.574,6.553,100.23,90.304,74.439,10.0
131672_1767672900,2,1,22.957,-49.998,105.354,21.453,22.205,27.0
131672_1767673200,2,1,13.16,-68.684,107.274,21.031,17.095,-43.0
131672_1767673500,2,1,-8.537,-64.463,83.661,39.384,15.424,-31.0
132430_1767673800,2,1,107.644,10.206,135.466,107.885,107.764,137.0
134040_1767673800,2,3,70.272,34.469,159.204,98.849,84.56,332.0
132430_1767674100,2,1,165.536,61.746,210.507,146.949,156.242,35.0
134040_1767674100,2,3,137.187,55.282,216.542,129.489,133.338,369.0
132430_1767674400,2,1,160.759,80.251,208.829,136.709,148.734,161.0
134040_1767674400,2,3,290.831,251.442,323.699,287.687,289.259,362.0
134040_1767674700,2,3,280.279,226.779,340.741,306.544,293.412,317.0
132430_1767674700,2,1,73.419,-29.558,141.265,71.005,72.212,145.0
134040_1767675000,2,3,283.753,200.65,331.462,284.597,284.175,253.0
132430_1767675000,2,1,175.426,103.531,240.272,175.3,175.363,118.0
132430_1767675300,2,1,106.989,39.106,160.92,105.539,106.264,0.0
134040_1767675300,2,3,106.251,68.171,167.833,157.003,131.627,100.0
134040_1767675600,2,3,35.641,28.986,46.748,127.622,81.631,83.0
130238_1767675900,2,0,63.968,7.449,136.756,52.469,58.218,37.0
134040_1767675900,2,3,21.952,-27.043,82.04,54.477,38.214,117.0
130238_1767676200,2,0,64.037,-16.127,117.899,54.797,59.417,56.0
134040_1767676200,2,3,80.885,42.006,117.059,89.731,85.308,188.0
130238_1767676500,2,0,83.797,14.543,119.671,79.45,81.624,76.0
134040_1767676500,2,3,45.532,-49.882,116.769,62.469,54.001,165.0
134040_1767676800,2,3,47.681,8.655,132.578,83.354,65.517,116.0
130238_1767676800,2,0,0.405,-42.675,86.511,23.696,12.051,-9.0
130238_1767677100,2,0,54.267,1.643,122.233,61.222,57.745,38.0
134040_1767677100,2,3,76.145,25.407,136.284,87.608,81.877,112.0
131672_1767677400,2,4,79.425,-5.522,122.821,65.525,72.475,86.0
122048_1767679200,2,0,102.707,57.052,115.372,70.896,86.802,154.0
133300_1767679200,2,0,53.142,4.05,110.07,62.489,57.815,65.0
122048_1767679500,2,0,131.061,64.476,186.117,113.421,122.241,55.0
133300_1767679800,2,3,18.257,3.223,124.305,19.022,18.64,-49.0
122048_1767679800,2,0,35.477,6.338,71.059,62.581,49.029,59.0
135081_1767679800,2,1,34.907,29.026,49.639,37.206,36.057,6.0
135081_1767680100,2,1,62.286,53.545,83.365,49.374,55.83,42.0
133300_1767680100,2,3,-10.666,-47.36,92.504,2.448,-4.109,-49.0
133300_1767680400,2,3,18.438,-39.331,96.468,34.788,26.613,-42.0
135081_1767680400,2,1,213.207,165.45,234.95,36.361,124.784,-2.0
133300_1767680700,2,3,18.137,-37.207,48.454,16.862,17.499,26.0
135081_1767680700,2,1,38.072,1.109,95.011,23.089,30.581,-23.0
135081_1767681000,2,1,18.01,-6.524,58.349,5.014,11.512,20.0
135081_1767681300,2,1,-25.02,-88.259,33.094,-50.682,-37.851,71.0
135081_1767681600,2,1,22.731,-66.133,87.853,2.115,12.423,-36.0
135081_1767681900,2,1,-32.601,-94.662,53.09,-22.396,-27.498,-25.0
135081_1767682200,2,1,-54.827,-131.35,27.462,-39.262,-47.045,-113.0
135081_1767682500,2,1,-28.311,-93.395,29.49,-54.853,-41.582,-145.0
122048_1767682800,2,2,91.773,63.765,113.225,49.327,70.55,542.0
134040_1767682800,2,2,-44.712,-89.103,32.275,-46.365,-45.539,72.0
135081_1767682800,2,1,-27.521,-98.107,60.546,-31.986,-29.754,-127.0
122048_1767683100,2,2,41.822,13.167,94.266,57.418,49.62,542.0
135081_1767683100,2,1,11.661,-73.038,46.386,-47.01,-17.674,-186.0
134040_1767683100,2,2,85.695,20.732,142.558,69.677,77.686,131.0
135081_1767683400,2,1,-44.2,-123.608,-1.616,-41.797,-42.999,-182.0
122048_1767683400,2,2,48.797,42.056,110.313,72.343,60.57,578.0
134040_1767683400,2,2,-39.165,-95.708,36.087,-31.84,-35.503,29.0
135081_1767683700,2,1,-30.746,-115.645,38.472,-51.535,-41.141,-134.0
134040_1767683700,2,2,17.081,-35.783,56.038,35.505,26.293,-62.0
122048_1767683700,2,2,332.718,328.606,358.491,379.46,356.089,446.0
134040_1767684000,2,2,57.039,-9.622,83.111,50.857,53.948,48.0
122048_1767684000,2,2,327.531,301.006,434.904,379.673,353.602,415.0
135081_1767684000,2,1,-38.142,-106.445,31.747,-58.066,-48.104,-142.0
134040_1767684300,2,2,-25.675,-71.881,76.316,1.868,-11.904,86.0
122048_1767684300,2,2,350.324,302.258,428.434,405.682,378.003,408.0
135081_1767684300,2,1,-44.213,-70.157,2.42,-31.677,-37.945,-79.0
133957_1767684600,2,1,32.172,-9.251,109.434,39.273,35.722,22.0
133957_1767684900,2,1,18.739,-40.171,99.207,37.527,28.133,-55.0
133957_1767685200,2,1,0.11,-45.945,102.122,9.106,4.608,-36.0
133957_1767685500,2,1,-16.731,-86.813,109.391,-17.142,-16.936,-95.0
133957_1767685800,2,1,-37.104,-88.097,43.266,-48.111,-42.607,7.0
133957_1767686100,2,1,-91.103,-130.601,-45.941,-106.067,-98.585,-55.0
133957_1767686400,2,1,-14.931,-52.224,68.336,-17.948,-16.44,9.0
134040_1767686400,2,1,117.512,69.514,219.911,108.334,112.923,43.0
134040_1767686700,2,1,97.924,36.387,188.746,85.466,91.695,6.0
133957_1767686700,2,1,-34.938,-99.128,84.626,-32.441,-33.69,-42.0
134040_1767687000,2,1,48.173,-25.915,152.296,55.525,51.849,24.0
133957_1767687000,2,1,16.4,-17.674,100.957,23.106,19.753,3.0
134040_1767687300,2,1,13.486,-71.851,109.652,-4.624,4.431,37.0
133957_1767687300,2,1,24.333,-13.352,126.342,18.887,21.61,79.0
133957_1767687600,2,1,22.425,-52.111,74.924,-11.038,5.694,45.0
134040_1767687600,2,1,40.359,-51.638,115.044,27.403,33.881,113.0
134040_1767687900,2,1,33.985,-49.624,103.33,17.981,25.983,149.0
133957_1767687900,2,1,63.294,-15.872,150.657,75.169,69.231,104.0
129964_1767688200,2,1,60.419,33.321,87.619,51.276,55.848,221.0
133957_1767688200,2,1,81.722,-1.0,167.701,81.281,81.501,173.0
133957_1767688500,2,1,51.382,-22.841,143.203,44.876,48.129,190.0
133957_1767688800,2,1,127.886,65.78,212.291,114.195,121.041,103.0
129964_1767688800,2,4,42.489,-30.835,110.74,37.769,40.129,-54.0
133957_1767689100,2,1,104.683,24.437,171.308,111.508,108.096,-9.0
129964_1767689100,2,4,-8.465,-51.719,111.156,15.92,3.728,-78.0
129964_1767689400,2,4,96.493,-5.243,158.647,112.431,104.462,36.0
133957_1767689400,2,1,84.174,30.412,152.761,77.986,81.08,-23.0
133957_1767689700,2,1,55.822,-1.964,117.748,60.867,58.344,-32.0
129964_1767689700,2,4,44.585,-43.296,104.119,16.734,30.66,81.0
132430_1767690000,2,0,149.925,67.614,207.253,150.019,149.972,-66.0
132430_1767690300,2,0,48.156,-35.64,112.537,45.292,46.724,-139.0
122613_1767691800,2,0,8.045,6.218,57.718,11.82,9.933,69.0
131672_1767691800,2,4,-22.397,-105.194,57.926,-33.217,-27.807,-92.0
133300_1767691800,2,2,-42.698,-61.256,23.096,-11.21,-26.954,-58.0
133300_1767692100,2,2,-15.384,-55.478,44.101,-8.753,-12.069,-58.0
122613_1767692100,2,0,67.32,9.206,102.935,107.115,87.217,-16.0
122613_1767692400,2,0,30.688,-52.216,80.394,48.067,39.378,-87.0
133300_1767692400,2,2,19.754,-17.821,90.624,29.124,24.439,-31.0
122613_1767692700,2,0,-29.169,-124.3,45.762,-23.404,-26.287,-160.0
133300_1767692700,2,2,43.234,-48.219,78.57,11.25,27.242,-41.0
122613_1767693000,2,0,-1.085,-66.868,79.277,-16.965,-9.025,-147.0
133300_1767693000,2,2,-8.289,-74.638,58.199,-19.777,-14.033,-24.0
133300_1767693300,2,2,-34.674,-97.855,71.633,-39.163,-36.919,47.0
122613_1767693300,2,0,-58.759,-144.139,-10.12,-64.77,-61.764,-146.0
130238_1767693600,2,1,-18.621,-35.739,6.881,-4.91,-11.765,0.0
130238_1767695100,2,3,44.531,-22.053,95.434,61.52,53.025,-47.0
133300_1767695400,2,2,24.096,-22.464,83.466,33.363,28.729,33.0
133300_1767695700,2,2,78.356,22.059,150.24,82.537,80.446,50.0
122658_1767695700,2,2,7.201,-0.008,13.107,-14.581,-3.69,9.0
122658_1767696000,2,2,17.733,-19.177,57.573,-7.81,4.961,100.0
133300_1767696000,2,2,135.684,57.63,206.976,112.858,124.271,197.0
122658_1767696300,2,2,20.726,10.914,34.531,-0.825,9.951,271.0
122658_1767696600,2,2,104.393,31.819,121.622,89.562,96.978,376.0
133300_1767696600,2,1,-43.802,-56.992,29.936,33.49,-5.156,-52.0
133300_1767696900,2,1,-8.889,-10.675,29.868,4.893,-1.998,-52.0
122658_1767696900,2,2,153.438,98.922,225.049,135.047,144.243,318.0
122613_1767697200,2,4,-1.91,-19.783,6.647,-24.923,-13.416,0.0
122658_1767697200,2,2,191.521,156.394,231.359,174.442,182.982,352.0
122048_1767697200,2,2,-23.418,-73.574,-6.479,-18.373,-20.895,-68.0
122613_1767697500,2,4,26.99,-3.395,31.995,2.515,14.753,0.0
122048_1767697500,2,2,-75.588,-84.585,-74.837,-74.481,-75.035,-129.0
122658_1767697500,2,2,36.973,-13.683,119.229,115.411,76.192,0.0
122613_1767697800,2,4,-10.927,-28.317,-3.108,4.179,-3.374,0.0
122658_1767697800,2,2,17.065,-7.466,19.212,29.299,23.182,0.0
122048_1767697800,2,2,-74.267,-82.434,-17.867,-77.206,-75.737,-129.0
122658_1767698100,2,2,27.094,20.144,33.208,61.47,44.282,0.0
122048_1767698100,2,2,-129.946,-193.622,-66.943,-122.734,-126.34,-181.0
122613_1767698100,2,4,-31.239,-35.693,-17.838,-3.39,-17.315,0.0
122613_1767698400,2,4,-13.589,-30.609,-10.689,-10.146,-11.867,0.0
122048_1767698400,2,2,-179.104,-255.437,-113.922,-157.52,-168.312,-194.0
122658_1767698400,2,2,-66.968,-82.557,-56.596,-36.251,-51.609,0.0
122658_1767698700,2,2,-33.872,-51.513,5.752,-8.793,-21.332,0.0
122048_1767698700,2,2,-150.453,-191.859,-111.196,-90.913,-120.683,-216.0
122613_1767698700,2,4,-7.577,-26.595,9.142,-7.675,-7.626,0.0
122658_1767699000,2,2,-29.284,-34.41,-2.851,-1.611,-15.447,0.0
122658_1767699300,2,2,-31.23,-37.822,-22.728,-5.901,-18.565,0.0
122658_1767699600,2,2,-13.437,-32.199,-12.256,-6.013,-9.725,0.0
122658_1767699900,2,2,6.478,-29.427,60.849,-10.468,-1.995,72.0
122658_1767700200,2,2,-28.072,-93.709,110.295,-15.63,-21.851,183.0
122658_1767700500,2,2,23.916,12.421,62.102,26.148,25.032,192.0
129964_1767700800,2,4,-9.874,-28.102,10.175,-2.052,-5.963,77.0
135081_1767700800,2,0,-76.84,-104.64,-31.859,-63.237,-70.039,-128.0
132430_1767700800,2,4,-99.761,-124.078,-91.098,-103.844,-101.802,-169.0
135081_1767701100,2,0,-47.765,-99.813,32.279,-28.072,-37.918,-93.0
132430_1767701100,2,4,-44.592,-88.95,46.077,-39.522,-42.057,-262.0
129964_1767701100,2,4,103.661,69.812,184.392,96.348,100.005,80.0
129964_1767701400,2,4,80.779,39.231,120.97,66.76,73.769,61.0
132430_1767701400,2,4,-109.992,-180.897,-43.063,-92.026,-101.009,-258.0
135081_1767701400,2,0,-81.875,-159.515,2.426,-67.276,-74.575,-122.0
129964_1767701700,2,4,-0.13,-46.589,41.693,-0.221,-0.175,-43.0
135081_1767701700,2,0,-103.1,-147.895,-14.742,-47.27,-75.185,19.0
132430_1767701700,2,4,-74.951,-122.329,-57.011,-128.904,-101.928,84.0
129964_1767702000,2,4,0.146,-75.535,44.768,-14.191,-7.023,-38.0
135081_1767702000,2,0,-85.853,-156.099,-22.616,-98.005,-91.929,9.0
132430_1767702000,2,4,84.341,42.591,85.175,-63.971,10.185,87.0
132430_1767702300,2,4,61.804,-9.559,161.471,47.408,54.606,90.0
135081_1767702300,2,0,-52.943,-74.046,-0.238,-54.883,-53.913,-39.0
129964_1767702300,2,4,-19.134,-85.818,56.669,-27.714,-23.424,-108.0
122613_1767702600,2,4,26.904,-15.312,40.164,-0.64,13.132,64.0
122613_1767702900,2,4,114.113,87.806,124.9,92.424,103.268,64.0
131672_1767704400,2,3,145.453,72.234,186.394,125.496,135.475,94.0
131672_1767704700,2,3,-35.562,-72.34,3.088,-24.017,-29.79,13.0
131672_1767705000,2,3,5.155,-74.656,72.394,4.256,4.706,7.0
131672_1767705300,2,3,27.856,-40.301,116.377,21.613,24.734,-23.0
131672_1767705600,2,3,-51.672,-129.679,29.064,-22.947,-37.31,24.0
131672_1767705900,2,3,-3.268,-78.314,74.558,-4.419,-3.844,9.0
135081_1767706200,2,0,7.369,-37.798,53.381,27.099,17.234,155.0
122613_1767706200,2,4,-15.111,-35.395,-8.178,6.903,-4.104,0.0
133957_1767706200,2,4,136.418,38.255,164.129,125.232,130.825,222.0
135081_1767706500,2,0,47.465,-10.212,101.236,45.917,46.691,156.0
122613_1767706500,2,4,1.389,-5.803,3.365,14.999,8.194,0.0
133957_1767706500,2,4,112.568,56.634,171.294,122.585,117.576,296.0
133957_1767706800,2,4,69.856,14.002,152.733,69.752,69.804,294.0
135081_1767706800,2,0,156.919,84.153,250.048,145.756,151.338,113.0
122613_1767706800,2,4,2.721,-0.969,16.819,4.646,3.684,0.0
133957_1767707100,2,4,280.922,230.579,337.752,254.304,267.613,182.0
122613_1767707100,2,4,0.772,-0.601,22.871,5.257,3.015,0.0
135081_1767707100,2,0,210.167,102.602,287.186,181.97,196.069,130.0
122613_1767707400,2,4,-10.817,-17.573,1.731,5.139,-2.839,0.0
135081_1767707400,2,0,137.935,51.636,197.625,152.293,145.114,247.0
133957_1767707400,2,4,273.684,190.737,334.483,252.6,263.142,292.0
133957_1767707700,2,4,166.817,99.185,283.755,175.616,171.217,252.0
135081_1767707700,2,0,125.828,30.984,228.067,112.111,118.969,113.0
122613_1767707700,2,4,-5.487,-8.533,4.459,1.249,-2.119,0.0
134040_1767708000,2,3,151.421,72.487,185.525,120.066,135.743,60.0
122048_1767708000,2,0,-19.015,-30.567,-16.317,-7.309,-13.162,0.0
134040_1767708300,2,3,115.486,79.639,147.94,105.739,110.613,25.0
122048_1767708300,2,0,-19.361,-23.622,18.481,-12.345,-15.853,0.0
134040_1767708600,2,3,112.621,31.825,157.038,97.785,105.203,61.0
134040_1767708900,2,3,69.215,-8.49,157.681,56.124,62.669,61.0
134040_1767709200,2,3,94.904,29.475,176.082,70.859,82.882,81.0
134040_1767709500,2,3,85.131,2.383,159.452,67.521,76.326,56.0
122048_1767709500,2,2,-9.329,-34.881,14.831,-8.942,-9.135,-276.0
133957_1767710100,2,2,-44.031,-47.617,-10.398,-59.403,-51.717,102.0
133957_1767710400,2,2,14.677,-54.637,67.459,11.711,13.194,98.0
133957_1767710700,2,2,121.674,15.757,176.185,87.02,104.347,157.0
133957_1767711000,2,2,100.834,40.33,226.544,87.785,94.309,144.0
133957_1767711300,2,2,51.06,1.807,180.936,60.705,55.883,104.0
122048_1767711600,2,0,-12.321,-101.997,57.737,-6.159,-9.24,106.0
122613_1767711600,2,1,36.272,30.344,46.955,44.979,40.626,0.0
129964_1767711600,2,1,-80.563,-134.637,-14.45,-82.611,-81.587,-143.0
129964_1767711900,2,1,-63.003,-93.324,-8.269,-68.066,-65.535,-3.0
122613_1767711900,2,1,24.553,7.0,46.785,38.755,31.654,0.0
122048_1767711900,2,0,66.143,-12.58,130.839,68.735,67.439,85.0
129964_1767712200,2,1,-144.212,-173.968,-55.7,-120.589,-132.4,17.0
122048_1767712200,2,0,82.964,5.139,171.785,69.866,76.415,83.0
122048_1767712500,2,0,116.742,28.818,209.719,110.162,113.452,57.0
122613_1767712500,2,2,-109.772,-113.841,-94.874,-90.666,-100.219,0.0
129964_1767712800,2,1,-72.025,-117.044,11.497,-32.31,-52.168,-108.0
122048_1767712800,2,0,71.165,-19.363,155.025,81.874,76.52,-8.0
122613_1767712800,2,2,-121.883,-132.158,-73.001,-76.589,-99.236,0.0
122613_1767713100,2,2,-51.858,-125.097,-17.608,-66.579,-59.218,0.0
122048_1767713100,2,0,38.613,-21.824,88.367,33.651,36.132,92.0
129964_1767713100,2,1,-47.98,-62.046,1.133,25.656,-11.162,-108.0
134040_1767713400,2,3,112.913,33.608,174.269,97.184,105.048,36.0
134040_1767713700,2,3,118.926,57.903,163.95,125.105,122.015,21.0
134040_1767714000,2,3,79.865,-15.347,123.629,78.658,79.262,108.0
134040_1767714300,2,3,-8.974,-55.821,30.405,-15.49,-12.232,-44.0
131672_1767715200,2,2,-70.729,-113.15,60.451,-56.486,-63.608,-130.0
135081_1767715200,2,0,42.327,-9.851,95.052,36.736,39.532,100.0
131672_1767715500,2,2,-80.688,-163.82,49.378,-72.834,-76.761,-99.0
135081_1767715500,2,0,81.69,18.682,217.742,48.965,65.327,74.0
135081_1767715800,2,0,120.08,28.063,185.448,79.163,99.622,82.0
131672_1767715800,2,2,-122.914,-174.663,-20.046,-122.57,-122.742,-59.0
135081_1767716100,2,0,63.044,48.795,159.977,109.183,86.114,47.0
131672_1767716100,2,2,-91.642,-135.341,-52.996,-84.277,-87.96,-53.0
135081_1767716400,2,0,17.483,-45.638,107.761,10.305,13.894,118.0
131672_1767716400,2,2,-34.962,-84.393,47.689,-52.041,-43.502,-55.0
131672_1767716700,2,2,33.53,-31.329,94.872,28.527,31.028,-74.0
135081_1767716700,2,0,22.098,-49.227,125.579,33.178,27.638,137.0
133300_1767717000,2,2,-13.476,-69.839,82.422,-23.354,-18.415,-12.0
133957_1767717000,2,0,120.752,50.391,135.908,97.567,109.16,134.0
133957_1767717300,2,0,112.544,54.11,222.6,104.273,108.409,71.0
133300_1767717300,2,2,11.376,-42.896,81.614,9.712,10.544,-28.0
133957_1767717600,2,0,4.185,-37.295,139.833,14.94,9.563,37.0
133300_1767717600,2,2,26.276,-64.852,132.318,14.435,20.356,-46.0
133957_1767717900,2,0,126.191,13.027,255.106,134.046,130.118,-25.0
133300_1767717900,2,2,21.915,-22.098,134.457,24.6,23.258,25.0
133957_1767718200,2,0,51.162,-26.716,153.542,48.95,50.056,-42.0
133300_1767718200,2,2,43.562,-9.4,122.415,60.41,51.986,26.0
133300_1767718500,2,2,70.521,-3.846,168.153,42.64,56.581,129.0
133957_1767718500,2,0,0.648,-48.193,91.635,12.176,6.412,-28.0
132430_1767720600,2,1,130.947,118.488,137.773,152.827,141.887,141.0
133300_1767720600,2,4,37.366,-20.546,97.332,31.804,34.585,99.0
132430_1767720900,2,1,107.949,53.371,117.804,106.03,106.99,216.0
133300_1767720900,2,4,101.963,20.35,195.117,110.128,106.046,154.0
133300_1767721200,2,4,115.956,45.842,169.953,124.133,120.045,113.0
132430_1767721200,2,1,146.707,98.072,208.682,122.331,134.519,309.0
132430_1767721500,2,1,103.246,38.07,188.164,126.864,115.055,359.0
134040_1767721500,2,4,100.882,52.367,117.209,48.715,74.799,7.0
133300_1767721500,2,4,-7.105,-10.168,-0.737,15.159,4.027,-28.0
132430_1767721800,2,1,138.218,101.315,215.375,172.513,155.365,295.0
133300_1767721800,2,4,-3.125,-28.68,39.489,57.012,26.944,-28.0
134040_1767721800,2,4,64.386,33.155,87.35,66.029,65.208,78.0
131672_1767721800,2,1,37.21,-6.932,71.125,22.862,30.036,21.0
131672_1767722100,2,1,95.397,71.536,99.134,45.338,70.368,47.0
132430_1767722100,2,1,205.847,176.116,256.362,207.586,206.717,393.0
134040_1767722100,2,4,113.101,37.02,156.829,79.529,96.315,106.0
133300_1767722100,2,4,72.566,2.651,140.029,97.553,85.06,193.0
133957_1767722400,2,4,71.369,15.25,125.795,81.758,76.563,0.0
133957_1767722700,2,4,-18.934,-50.584,29.095,-3.553,-11.243,-74.0
133957_1767723000,2,4,64.165,16.64,139.688,39.581,51.873,100.0
133957_1767723300,2,4,-17.772,-40.535,26.283,-24.467,-21.119,89.0
133957_1767723600,2,4,176.72,107.869,222.176,162.149,169.435,114.0
133957_1767723900,2,4,160.067,68.887,226.446,138.292,149.179,163.0
135081_1767724500,2,1,23.201,-4.221,56.651,36.851,30.026,112.0
135081_1767724800,2,1,71.84,28.177,92.534,63.265,67.552,246.0
135081_1767725100,2,1,115.214,97.699,119.011,69.376,92.295,166.0
135081_1767725400,2,1,162.41,118.58,249.786,148.629,155.52,241.0
135081_1767725700,2,1,212.217,160.058,292.02,179.51,195.863,313.0
132430_1767726000,2,2,130.801,56.654,210.284,96.415,113.608,156.0
132430_1767726300,2,2,115.749,68.549,194.515,92.896,104.322,141.0
132430_1767726600,2,2,43.078,4.217,155.991,47.105,45.092,46.0
132430_1767726900,2,2,138.454,47.328,251.899,120.905,129.68,10.0
132430_1767727200,2,2,81.837,31.2,206.346,88.13,84.983,217.0
132430_1767727500,2,2,37.369,-20.077,200.564,22.929,30.149,260.0
135081_1767727800,2,0,-12.505,-74.619,93.371,-25.617,-19.061,-58.0
135081_1767728100,2,0,11.95,-81.334,82.467,8.79,10.37,58.0
135081_1767728400,2,0,44.438,-27.386,131.171,15.631,30.035,40.0
135081_1767728700,2,0,61.751,1.759,114.903,64.317,63.034,-16.0
135081_1767729000,2,0,-6.94,-46.959,35.846,-6.097,-6.518,-62.0
135081_1767729300,2,0,-3.143,-60.698,47.85,8.399,2.628,-45.0
135081_1767729600,2,0,4.797,-53.667,56.935,-5.716,-0.459,24.0
135081_1767729900,2,0,30.568,-25.349,76.341,15.443,23.006,206.0
135081_1767730200,2,0,66.739,23.071,101.213,50.541,58.64,197.0
135081_1767730500,2,0,242.614,168.431,293.414,225.856,234.235,234.0
134040_1767730500,2,1,81.627,20.609,201.872,61.263,71.445,121.0
134040_1767730800,2,1,157.42,111.094,195.589,72.208,114.814,191.0
134040_1767731100,2,1,178.338,144.387,201.081,91.801,135.069,150.0
134040_1767731400,2,1,98.674,70.061,149.881,103.304,100.989,214.0
134040_1767731700,2,1,139.825,94.122,186.666,132.218,136.021,152.0
134040_1767732000,2,1,261.078,238.668,318.938,228.7,244.889,152.0
134040_1767732300,2,1,176.457,166.073,197.838,160.373,168.415,181.0
134040_1767732600,2,1,135.463,122.553,199.682,115.645,125.554,230.0
134040_1767732900,2,1,152.921,118.766,243.942,151.158,152.04,315.0
131672_1767733200,2,1,13.74,-34.676,83.238,-2.309,5.715,-15.0
131672_1767733500,2,1,-34.911,-100.374,55.55,-18.882,-26.897,-60.0
131672_1767733800,2,1,-27.251,-103.157,49.158,-7.966,-17.609,-24.0
131672_1767734100,2,1,-18.063,-83.514,52.472,-32.378,-25.22,-1.0
131672_1767734400,2,1,-70.218,-107.583,-14.893,-39.826,-55.022,26.0
131672_1767734700,2,1,26.983,-36.983,91.145,9.286,18.134,12.0
135081_1767735000,2,2,-56.993,-97.683,-3.674,-64.262,-60.627,-184.0
135081_1767735300,2,2,-43.762,-53.033,-32.758,-79.564,-61.663,-69.0
135081_1767735600,2,2,-14.798,-23.187,11.793,-60.267,-37.533,-88.0
135081_1767735900,2,2,-48.936,-49.72,-18.95,-72.286,-60.611,-130.0
135081_1767736200,2,2,2.496,-6.888,61.131,-14.141,-5.822,-161.0
135081_1767736500,2,2,-50.833,-68.02,-29.576,-75.478,-63.155,-191.0
132430_1767738600,2,1,107.625,81.651,110.888,87.979,97.802,110.0
130072_1767738600,2,2,4.656,-12.744,30.745,9.79,7.223,0.0
132430_1767738900,2,1,105.281,88.45,130.859,111.565,108.423,112.0
130072_1767738900,2,2,43.387,25.363,74.849,18.389,30.888,0.0
132430_1767739200,2,1,116.0,101.921,142.385,89.513,102.757,81.0
132430_1767739500,2,1,93.926,60.942,151.687,89.746,91.836,-2.0
132430_1767739800,2,1,75.89,21.998,161.816,77.234,76.562,8.0
132430_1767740100,2,1,49.002,11.777,128.059,31.464,40.233,175.0
134494_1767740400,2,2,-3.145,-18.831,-2.07,-1.161,-2.153,0.0
134494_1767740700,2,2,-1.483,-3.699,3.3,-1.99,-1.736,0.0
134494_1767741000,2,2,1.492,0.03,6.794,-2.45,-0.479,0.0
134494_1767741300,2,2,0.571,-0.007,3.588,1.021,0.796,0.0
134494_1767741600,2,2,0.019,-0.418,2.645,0.067,0.043,0.0
134494_1767741900,2,2,-0.704,-16.659,1.472,-1.009,-0.857,0.0
